H3A_Al_0_2,H3A_Ca_0_2,H3A_Fe_0_2,H3A_K_0_2,H3A_Mg_0_2,H3A_P_0_2,H3A_Al_2_6,H3A_Ca_2_6,H3A_Fe_2_6,H3A_K_2_6,H3A_Mg_2_6,H3A_P_2_6,TOC_0_2,IC_0_2,TN_0_2,TOC_2_6,IC_2_6,TN_2_6,Zone_1,Zone_2,Zone_3,Zone_4
39.86259842,1949.390015,4.080140114,69.53829956,42.1590004,1.956730008,47.09790039,1965.819946,4.757009983,57.95449829,38.52600098,1.609869957,231.9949951,102.0329971,41.82120132,234.3159943,114.7559967,42.41559982,1,0,0,0
42.0177002,2035.660034,4.435259819,68.17980194,40.83430099,2.566359997,47.7947998,2047.5,4.936989784,52.07350159,37.61149979,1.597419977,223.0399933,98.25520325,103.137001,211.8190002,111.9160004,42.69100189,1,0,0,0
54.25659943,1940.560059,4.27944994,67.26200104,39.38990021,1.869570017,59.76179886,1971.189941,4.765820026,50.15790176,35.10630035,1.488759995,221.9700012,88.47489929,136.072998,207.753006,104.0680008,48.61230087,0,0,0,1
56.09930038,1979.369995,4.305250168,68.40239716,40.05870056,1.948169947,60.98099899,2003.109985,4.806419849,50.05329895,35.32389832,1.48187995,220.0059967,89.87359619,136.6459961,204.1600037,103.4810028,47.08860016,0,0,0,1
51.20000076,1928.040039,4.302549839,65.31310272,41.44229889,1.919970036,54.50650024,1951.640015,4.678460121,53.00159836,35.89440155,1.615849972,245.4600067,95.46230316,43.28609848,222.4250031,106.2669983,37.94309998,1,0,0,0
45.52769852,1940.589966,4.276199818,66.9865036,41.88740158,1.947939992,50.61790085,1944.449951,4.750430107,55.17380142,37.58240128,1.449149966,239.5240021,94.83709717,46.35290146,227.2920074,106.8919983,44.44079971,1,0,0,0
40.56439972,1987.150024,4.335149765,66.00160217,40.71900177,2.43482995,46.35240173,1994.72998,4.866630077,53.48860168,38.1114006,1.619449973,228.4609985,95.35949707,41.09809875,225.1439972,112.0080032,40.77539825,0,0,0,1
37.24000168,1995.47998,4.453969955,69.21170044,43.25249863,2.422790051,42.66260147,1996.97998,4.87816,55.01409912,39.59680176,1.625589967,239.1340027,98.30750275,42.70270157,227.8070068,114.7020035,41.24319839,1,0,0,0
37.53720093,2136.649902,4.707940102,69.50489807,41.62680054,3.31276989,42.49369812,2135.899902,5.00522995,51.20750046,38.52299881,1.665249944,221.6210022,102.0670013,123.3880005,209.7389984,115.2939987,43.0530014,0,0,0,1
46.20980072,2107.909912,4.542319775,65.03659821,41.44340134,5.11206007,54.10549927,2133.929932,4.96987009,48.11930084,36.9917984,1.83107996,237.5540009,96.08840179,36.7480011,209.0910034,108.5999985,31.15559959,1,0,0,0
36.30559921,2092.419922,4.498939991,64.94400024,41.49689865,2.946249962,42.49200058,2080.300049,4.99063015,52.96080017,39.86259842,1.81013,226.7440033,98.71549988,40.63079834,218.1940002,114.0360031,40.76039886,1,0,0,0
37.74440002,2084.610107,4.468249798,64.07759857,41.28820038,2.845410109,44.61449814,2083.22998,4.99229002,52.69749832,39.33250046,1.830039978,226.3710022,96.90769958,40.63949966,217.0850067,112.4120026,40.72539902,1,0,0,0
46.9109993,1963.530029,4.28358984,68.03859711,41.18080139,2.572360039,51.79809952,1990.47998,4.633969784,52.70339966,36.39490128,1.673750043,249.4019928,96.69380188,42.6108017,222.5709991,110.0940018,40.54389954,0,0,0,1
42.45890045,2140.870117,4.686510086,64.33499908,41.41139984,4.451300144,49.20679855,2126.76001,4.988580227,48.79040146,37.9878006,1.787950039,233.4440002,98.98090363,36.33860016,207.5099945,111.0540009,30.96249962,1,0,0,0
40.60639954,1993.73999,4.597809792,68.31130219,43.29529953,2.570640087,45.2582016,2004.040039,4.878180027,53.89690018,38.65119934,1.612689972,240.9440002,97.81839752,42.73239899,225.503006,112.7429962,41.08840179,1,0,0,0
45.04529953,1966.0,4.231180191,68.38970184,42.08169937,2.529710054,50.30810165,1990.25,4.630720139,53.43669891,37.11619949,1.642160058,246.9660034,95.05249786,44.04029846,223.7489929,108.5540009,41.48130035,1,0,0,0
50.96649933,2041.819946,4.490620136,65.55860138,42.15420151,4.245989799,56.24959946,2061.840088,4.7603302,48.90309906,36.41669846,1.734079957,245.0319977,93.8588028,42.00299835,213.2070007,106.0029984,35.06679916,0,0,0,1
42.53369904,2024.930054,4.497189999,67.38059998,40.88470078,2.213829994,47.01819992,2003.099976,5.052690029,50.83150101,37.81760025,1.459339976,217.2059937,92.22219849,124.7360001,206.1390076,106.6399994,41.63010025,1,0,0,0
43.61520004,2170.879883,4.535470009,65.04509735,41.49509811,4.630819798,51.0481987,2178.52002,4.97740984,47.75350189,37.46839905,1.865669966,236.0420074,98.12609863,36.52970123,206.3480072,109.5599976,31.0291996,1,0,0,0
44.6780014,2079.52002,4.54433012,68.13240051,39.65810013,2.275010109,49.79410172,2108.149902,5.086219788,50.21099854,36.32529831,1.494160056,211.2870026,98.23719788,137.9309998,196.6519928,107.0800018,40.30659866,0,0,0,1
41.57860184,1945.339966,4.073090076,68.85070038,42.10449982,1.841789961,48.84149933,1960.630005,4.754640102,58.25740051,38.24580002,1.60532999,231.871994,101.6350021,41.82279968,233.5279999,113.7310028,42.40819931,1,0,0,0
35.21390152,2051.139893,4.584750175,67.74230194,42.7541008,3.093869925,40.94729996,2042.75,4.867209911,53.01210022,40.05989838,1.720579982,229.6719971,99.50920105,39.13019943,220.0440063,115.5130005,40.39569855,0,0,0,1
50.30609894,1893.609985,4.218540192,66.43800354,39.29159927,1.792029977,57.03910065,1935.449951,4.759910107,51.44079971,35.06269836,1.491260052,223.7810059,88.57740021,133.348999,213.029007,105.0370026,48.76589966,0,0,0,1
39.40190125,2149.540039,4.649620056,66.77719879,39.88840103,2.945509911,44.55149841,2170.550049,4.950669765,50.29230118,37.58800125,1.693199992,215.3049927,103.1719971,132.4920044,198.9539948,111.4459991,40.14929962,1,0,0,0
39.96720123,1921.27002,4.581820011,67.12220001,40.32619858,2.156100035,45.68640137,1952.98999,4.87556982,50.64530182,36.54290009,1.494300008,219.9219971,85.60099792,136.9940033,213.9420013,104.1559982,43.96590042,1,0,0,0
35.3606987,2105.189941,4.550670147,65.28279877,41.62810135,2.980560064,40.88339996,2079.959961,4.991300106,52.84880066,40.31529999,1.797770023,226.7940063,99.65409851,40.58029938,217.9920044,115.1409988,40.75099945,1,0,0,0
48.15380096,1953.030029,4.35078001,67.09279633,41.16389847,2.393349886,52.50889969,1980.579956,4.636970043,51.96060181,36.14989853,1.659989953,248.951004,94.68060303,42.54330063,220.3220062,108.7139969,40.38499832,1,0,0,0
40.50429916,1954.72998,4.124000072,68.979599,42.11920166,1.990579963,47.36940002,1968.219971,4.75756979,57.41910172,38.49840164,1.610430002,231.6849976,101.1620026,41.74079895,232.1750031,114.4189987,42.3553009,1,0,0,0
49.01699829,1930.01001,4.182779789,68.82839966,39.48880005,1.940610051,55.3730011,1962.660034,4.752999783,52.63619995,35.67720032,1.502130032,225.3630066,92.34410095,134.0220032,214.5149994,107.1159973,49.020401,1,0,0,0
53.17779922,1916.98999,4.339540005,64.82980347,41.37990189,1.841210008,55.72029877,1940.02002,4.67787981,52.35879898,35.5265007,1.595710039,245.2259979,94.24269867,43.19689941,220.1089935,105.5699997,37.86700058,1,0,0,0
55.16379929,1944.219971,4.402800083,64.76409912,41.39400101,2.478660107,56.97069931,1966.829956,4.683760166,50.4518013,35.54629898,1.63135004,245.1929932,92.9210968,42.96350098,216.772995,105.1819992,37.61240005,1,0,0,0
42.83789825,1975.219971,4.433199883,67.78710175,40.6711998,2.16347003,48.70220184,2006.949951,4.876410007,50.83679962,37.03490067,1.476709962,220.6929932,90.57479858,136.7079926,208.2019958,104.7360001,43.98680115,1,0,0,0
44.4966011,2192.23999,4.448550224,67.20480347,41.77370071,7.020579815,53.17169952,2205.939941,4.832940102,47.41279984,37.4803009,2.006989956,241.9830017,101.6589966,37.09429932,210.4920044,111.737999,31.41650009,1,0,0,0
43.92649841,2008.969971,4.515699863,65.72319794,42.35969925,3.23032999,49.63019943,2035.869995,4.76184988,49.63690186,37.5705986,1.698869944,244.7319946,90.64620209,42.25619888,215.0670013,105.9609985,35.21459961,1,0,0,0
42.19789886,1947.689941,4.108620167,68.501297,42.0625,1.87353003,49.07089996,1961.699951,4.75466013,57.7276001,38.17139816,1.603839993,231.6679993,101.0039978,41.7560997,231.7980042,113.6060028,42.36159897,1,0,0,0
47.14590073,1936.579956,4.227059841,66.77590179,41.28039932,1.886240005,51.82490158,1959.140015,4.616509914,54.84000015,36.89390182,1.540770054,242.5829926,94.51519775,45.87760162,224.9689941,106.3909988,44.53170013,0,0,0,1
40.60760117,2155.409912,4.602330208,68.27200317,39.86059952,2.696850061,45.27050018,2173.790039,4.950180054,50.1495018,37.09189987,1.63093996,215.3280029,103.2460022,136.9730072,196.151001,110.1520004,40.43330002,1,0,0,0
36.51250076,2148.449951,4.608369827,69.98840332,42.25059891,3.499249935,41.64530182,2146.959961,5.019680023,51.66930008,39.27890015,1.686050057,223.6940002,106.5009995,135.2799988,205.0879974,118.8359985,45.25830078,0,0,0,1
42.54159927,1964.25,4.200980186,67.82029724,41.99169922,2.077610016,48.54800034,1973.280029,4.75658989,56.1957016,38.17409897,1.608219981,231.1060028,99.9865036,41.58459854,228.0279999,113.7529984,42.23699951,1,0,0,0
45.21250153,2137.870117,4.520040035,65.07189941,41.46709824,4.885990143,53.06999969,2159.370117,4.971730232,47.83470154,37.12749863,1.857949972,237.2590027,96.56430054,36.6867981,207.7599945,108.7190018,31.11260033,1,0,0,0
56.27510071,1914.030029,4.375959873,64.27799988,41.29410172,1.971459985,57.66609955,1935.01001,4.676790237,51.13830185,35.06760025,1.576380014,244.8059998,92.84559631,43.01549911,216.1999969,104.6149979,37.71020126,1,0,0,0
48.77560043,2093.959961,4.533279896,65.22570038,41.52009964,5.963659763,56.01599884,2112.669922,4.827129841,48.31200027,36.86920166,1.886800051,241.9320068,97.57700348,37.29959869,210.6109924,109.4489975,31.57999992,1,0,0,0
35.45420074,2042.030029,4.585639954,67.74629974,42.74549866,3.09107995,41.31389999,2037.589966,4.866010189,52.93370056,39.93059921,1.718950033,229.6860046,99.08840179,39.10150146,219.901001,115.1470032,40.3783989,0,0,0,1
50.01300049,2039.189941,4.503650188,65.37020111,42.1344986,4.015699863,55.40340042,2060.449951,4.76116991,48.86949921,36.42380142,1.734320045,245.0019989,93.23100281,42.00619888,212.8139954,105.7689972,35.07130051,1,0,0,0
51.65200043,1936.699951,4.523169994,64.95490265,41.15209961,2.374739885,54.87369919,1964.410034,4.64538002,49.84529877,35.51079941,1.631299973,247.8470001,90.51439667,42.36169815,215.2920074,105.5830002,39.92060089,1,0,0,0
43.47980118,1947.449951,4.04282999,69.37329865,42.31259918,1.847120047,50.93349838,1960.719971,4.791950226,57.49869919,38.08739853,1.616109967,229.2380066,98.84420013,42.95339966,228.375,111.2350006,41.47880173,0,0,0,1
39.46720123,1916.599976,4.608109951,67.93789673,40.35609818,2.178149939,44.71139908,1944.439941,4.872499943,50.44480133,36.90050125,1.508030057,220.2799988,80.99949646,136.2899933,215.8769989,103.0839996,43.9618988,1,0,0,0
35.26990128,2163.949951,4.791069984,65.95079803,42.7560997,2.725579977,36.94589996,2017.030029,4.894199848,52.10419846,41.46429825,1.682500005,227.8930054,100.5449982,38.99779892,213.6580048,117.6869965,40.29959869,0,0,0,1
52.10889816,1964.209961,4.467919827,65.48989868,41.17850113,2.75880003,55.43320084,1989.369995,4.645969868,49.61610031,35.75479889,1.663900018,247.7169952,91.8391037,42.30270004,215.2030029,106.2020035,39.86460114,1,0,0,0
36.6391983,2179.77002,4.43614006,69.86779785,43.64670181,5.321929932,43.31019974,2172.189941,4.867569923,50.71910095,39.72370148,1.920670033,239.371994,105.8550034,39.68840027,219.1170044,119.7580032,38.93759918,1,0,0,0
50.75619888,2011.530029,4.408309937,67.71479797,40.34880066,2.047709942,55.72129822,2035.560059,4.878910065,50.14490128,35.67610168,1.477640033,218.8090057,92.27469635,139.1940002,203.4360046,103.8820038,44.02980042,0,0,0,1
43.18450165,2200.409912,4.477469921,66.94229889,41.76089859,6.801579952,51.84270096,2214.629883,4.834459782,47.59469986,37.70289993,2.014839888,241.3569946,102.2720032,37.01210022,210.0570068,112.2559967,31.3757,1,0,0,0
35.39030075,1975.609985,4.385779858,70.10250092,43.29069901,2.331480026,41.07749939,1983.030029,4.877009869,55.26869965,40.11309814,1.616019964,238.6089935,95.92410278,42.73759842,228.8600006,115.2770004,41.32899857,1,0,0,0
40.91630173,1951.189941,4.048049927,69.98930359,42.36619949,1.950090051,48.23130035,1966.119995,4.793379784,57.58129883,38.4530983,1.619410038,229.654007,100.3310013,42.93740082,230.8410034,112.7330017,41.52489853,0,0,0,1
41.01509857,2115.919922,4.674890041,66.57559967,39.71860123,2.21333003,45.6739006,2103.300049,5.103109837,50.29589844,37.39459991,1.505769968,209.3300018,100.0780029,132.8170013,197.6690063,109.5510025,39.83769989,1,0,0,0
50.50030136,1931.819946,4.279439926,65.52940369,41.46590042,1.94235003,54.09669876,1955.290039,4.678150177,53.36240005,36.0340004,1.621760011,245.5330048,96.14409637,43.33150101,223.5500031,106.586998,37.98450089,0,0,0,1
38.75260162,2141.290039,4.622069836,67.23680115,42.71649933,5.16369009,45.75159836,2143.199951,5.006639957,50.16859818,39.01499939,1.887709975,238.3289948,100.4830017,38.2405014,213.1690063,113.9410019,34.9754982,1,0,0,0
39.9557991,2113.320068,4.58246994,66.60540009,42.20069885,4.679679871,46.65570068,2117.139893,4.96281004,50.32799911,38.61980057,1.845540047,237.3150024,99.12010193,38.60139847,213.1450043,113.2490005,35.68119812,1,0,0,0
41.20299911,2164.610107,4.628930092,64.94689941,41.56760025,5.599989891,49.18050003,2184.209961,4.836239815,48.76380157,38.07600021,1.970090032,239.2749939,101.6139984,36.87120056,209.1629944,112.6429977,31.33769989,1,0,0,0
49.6556015,1936.369995,4.255819798,65.75219727,41.49010086,1.982249975,53.6291008,1959.689941,4.67784977,53.72719955,36.17860031,1.628239989,245.6199951,96.88059998,43.37870026,224.7339935,106.9380035,38.02730179,0,0,0,1
42.59550095,1980.51001,4.428740025,67.97180176,40.74869919,2.176480055,48.36930084,2011.310059,4.876070023,50.86619949,37.25,1.475589991,220.9519958,90.58850098,136.3990021,208.4499969,104.8610001,43.98400116,1,0,0,0
44.33720016,2007.339966,4.529270172,65.41300201,42.29100037,3.080869913,49.96210098,2034.790039,4.76252985,49.50640106,37.37009811,1.700979948,244.720993,90.20510101,42.2195015,214.2969971,105.5680008,35.19380188,1,0,0,0
43.63539886,1964.5,4.120739937,68.95970154,42.27799988,2.044090033,50.18849945,1972.819946,4.794990063,55.99769974,38.17860031,1.622359991,228.6329956,97.57839966,42.81729889,224.5269928,111.3099976,41.35390091,0,0,0,1
44.05989838,2210.75,4.413899899,68.47599792,41.91130066,7.73360014,53.00830078,2224.330078,4.833799839,47.2737999,37.64459991,2.055629969,242.4680023,103.8150024,37.04320145,212.1600037,113.2350006,31.37829971,1,0,0,0
42.37310028,2002.829956,4.493589878,66.36190033,42.53160095,3.369339943,48.18050003,2029.910034,4.760680199,50.06800079,38.19979858,1.684059978,244.6820068,90.74150085,42.38050079,217.1049957,106.6539993,35.28020096,1,0,0,0
42.66849899,2049.379883,4.557139874,66.67649841,42.08750153,3.21901989,48.40090179,2056.72998,4.866950035,50.96250153,38.15999985,1.692499995,236.7140045,96.20089722,39.65819931,214.0980072,110.4899979,36.69150162,1,0,0,0
43.42100143,2151.149902,4.578219891,64.77799988,41.45240021,4.560800076,50.80099869,2156.110107,4.979750156,48.09590149,37.54710007,1.842560053,235.5279999,97.4272995,36.52429962,207.1470032,109.6230011,31.03059959,1,0,0,0
42.79660034,1962.069946,4.108739853,69.19499969,42.30479813,2.025269985,49.51979828,1971.579956,4.795000076,56.37070084,38.29769897,1.62232995,228.8739929,98.18560028,42.83800125,225.9929962,111.7040024,41.3927002,0,0,0,1
46.34280014,1937.910034,4.258170128,66.51599884,41.57989883,1.943120003,51.29729843,1961.099976,4.624820232,54.89009857,37.37400055,1.553519964,241.9369965,94.20469666,46.70100021,226.7369995,106.1230011,44.84619904,1,0,0,0
41.76319885,1942.949951,3.980259895,69.8423996,42.36899948,1.788669944,49.79169846,1958.97998,4.790400028,58.73080063,38.2262001,1.616719961,229.8699951,101.1110001,43.05350113,233.0370026,111.8820038,41.59669876,0,0,0,1
51.81880188,1871.410034,4.217179775,64.3588028,39.10400009,1.656100035,59.14080048,1924.410034,4.767419815,50.44490051,34.63090134,1.482730031,222.3099976,86.74320221,133.0570068,211.2879944,103.5739975,48.55709839,1,0,0,0
41.81610107,1957.060059,4.083360195,69.55940247,42.33779907,1.988839984,48.81539917,1968.939941,4.794479847,56.94290161,38.40409851,1.621199965,229.2359924,99.10919952,42.88040161,228.2189941,112.1969986,41.45370102,0,0,0,1
41.07649994,2108.22998,4.625889778,67.78160095,39.72399902,2.357209921,45.98799896,2113.709961,5.095990181,50.45439911,37.15219879,1.502889991,210.0570068,100.3089981,136.6340027,196.0010071,108.677002,40.08879852,0,0,0,1
47.53079987,1959.140015,4.31592989,67.57740021,41.17340088,2.490590096,52.15850067,1986.329956,4.635489941,52.32509995,36.27949905,1.667919993,249.1759949,95.72029877,42.57519913,221.4309998,109.4199982,40.46350098,1,0,0,0
36.39839935,1988.209961,4.42113018,69.58499908,43.26089859,2.378770113,41.93399811,1990.839966,4.877769947,55.1678009,39.83670044,1.622640014,238.8370056,97.50309753,42.71350098,228.352005,115.0350037,41.2840004,1,0,0,0
44.68610001,2166.850098,4.495220184,65.16049957,41.50510025,4.681029797,52.27209854,2184.0,4.97232008,47.53469849,37.20059967,1.874660015,237.048996,97.67759705,36.61909866,206.1909943,108.9189987,31.07460022,1,0,0,0
45.99039841,1982.939941,4.592959881,63.85070038,41.94889832,2.471849918,51.38090134,2014.430054,4.766990185,49.03079987,36.73429871,1.698779941,244.5500031,86.1964035,42.10419846,211.5090027,103.1159973,35.10900116,1,0,0,0
41.63700104,2180.370117,4.572820187,69.58769989,39.87379837,2.59691,45.98759842,2196.25,4.950870037,50.08089828,36.87260056,1.598369956,215.3119965,104.7139969,140.4559937,192.8399963,109.7710037,40.61560059,1,0,0,0
43.46480179,2198.719971,4.54090023,70.63999939,39.86149979,2.418979883,47.26710129,2211.5,4.951509953,49.70800018,36.40140152,1.562680006,215.4980011,105.4639969,142.7050018,190.871994,109.3860016,40.75490189,0,0,0,1
41.0223999,2161.699951,4.589389801,68.7983017,39.86320114,2.646670103,45.59140015,2179.370117,4.95028019,50.14979935,37.00299835,1.615630031,215.3070068,103.6460037,138.4720001,194.8600006,109.8919983,40.51649857,1,0,0,0
40.74240112,2165.179932,4.649839878,64.77089691,41.55699921,5.49574995,48.59420013,2185.340088,4.83671999,48.93159866,38.19329834,1.971099973,238.9290009,102.1210022,36.82429886,209.0299988,113.0199966,31.31999969,1,0,0,0
50.05279922,1907.849976,4.211939812,67.37789917,39.37559891,1.85453999,56.5564003,1945.300049,4.757460117,51.8166008,35.29199982,1.49537003,224.2819977,89.7071991,133.7180023,213.2109985,105.6689987,48.85160065,1,0,0,0
50.16379929,1905.050049,4.607590199,64.34649658,41.18880081,2.086760044,54.37519836,1934.290039,4.643410206,50.49909973,34.91400146,1.586030006,248.6329956,91.15519714,42.4822998,217.673996,106.0410004,40.05189896,1,0,0,0
64.36689758,1898.349976,4.113790035,66.92430115,39.87390137,1.756710052,69.51139832,1912.969971,4.798319817,51.05080032,34.42969894,1.499930024,219.9400024,79.12120056,130.7059937,205.7980042,97.5719986,46.1711998,1,0,0,0
41.67050171,1934.0,4.55960989,67.0510025,40.27769852,2.149389982,47.41220093,1965.869995,4.876920223,50.58029938,36.28319931,1.492079973,219.4570007,87.5963974,138.0090027,211.2839966,104.2259979,43.98970032,1,0,0,0
58.77870178,1899.119995,4.116159916,66.17369843,39.73609924,1.737849951,64.64689636,1924.569946,4.798630238,52.03910065,34.97159958,1.490139961,221.3049927,86.47599792,132.2169952,212.0850067,101.9260025,46.32600021,1,0,0,0
34.56990051,1958.449951,4.275020123,69.53829956,41.72729874,2.243240118,40.76839828,1974.709961,4.973559856,55.5788002,40.13830185,1.619429946,228.970993,94.50869751,41.27840042,231.2299957,116.1149979,41.78379822,1,0,0,0
42.61769867,1944.650024,4.012360096,69.61710358,42.34189987,1.812430024,50.38019943,1959.420044,4.791240215,58.13909912,38.16360092,1.616289973,229.5610046,99.92479706,43.00230026,230.6629944,111.5599976,41.53850174,0,0,0,1
43.30189896,1953.23999,4.538320065,66.56240082,39.79729843,2.138479948,49.25899887,1988.869995,5.057579994,50.57799911,36.1291008,1.491880059,214.4100037,90.17710114,136.5149994,206.9190063,104.5449982,42.43569946,1,0,0,0
60.56850052,1896.689941,4.109539986,65.98889923,39.71049881,1.729789972,66.11440277,1920.23999,4.798960209,51.60010147,34.75490189,1.488299966,220.9420013,84.80760193,131.8540039,210.1119995,101.0709991,46.27610016,1,0,0,0
42.23820114,2140.689941,4.710889816,64.16719818,41.39820099,4.296989918,48.69800186,2120.810059,4.990849972,48.94549942,38.10179901,1.775400043,232.8800049,99.34559631,36.28549957,207.2830048,111.3600006,30.94300079,1,0,0,0
36.74140167,2091.939941,4.489699841,64.65529633,41.42879868,2.948250055,43.16080093,2083.669922,4.99119997,52.85749817,39.68769836,1.818390012,226.6150055,98.2779007,40.62879944,217.7920074,113.5459976,40.74599838,1,0,0,0
43.59180069,2212.360107,4.424870014,68.10220337,41.88479996,7.374100208,52.30059814,2225.639893,4.833819866,47.29290009,37.68109894,2.04253006,242.1080017,103.6640015,37.02009964,211.2330017,112.9759979,31.36919975,1,0,0,0
37.63819885,2178.590088,4.524990082,68.16049957,42.83039856,5.050469875,44.69039917,2176.340088,4.964330196,50.48770142,39.38869858,2.006789923,237.1150055,104.7089996,36.64300156,214.4869995,120.2570038,35.67580032,1,0,0,0
42.13479996,2027.550049,4.423890114,65.89640045,41.87749863,2.70024991,47.46229935,2034.290039,4.812829971,52.77199936,38.12850189,1.651800036,235.1430054,97.82170105,41.15119934,218.5910034,110.1210022,38.90390015,1,0,0,0
60.56399918,1922.119995,4.201809883,66.34390259,39.67029953,1.819710016,65.61990356,1947.439941,4.805049896,50.46279907,34.88199997,1.486610055,219.9060059,86.04450226,134.6820068,208.2510071,101.7870026,46.25159836,0,0,0,1
53.39260101,1913.619995,4.268260002,66.32039642,39.30390167,1.801040053,59.39160156,1950.319946,4.765570164,50.25780106,34.91210175,1.486590028,222.1490021,87.32589722,134.9080048,209.095993,103.7679977,48.59220123,1,0,0,0
33.08539963,2225.340088,4.729179859,67.66369629,42.43170166,4.300960064,38.7405014,2209.25,4.972119808,51.57659912,40.67380142,1.811400056,225.1040039,109.348999,129.8049927,208.4340057,119.9039993,48.17409897,0,0,0,1
40.06940079,2113.709961,4.62996006,65.39260101,42.27289963,4.692100048,46.75180054,2118.469971,4.971690178,49.67150116,38.67279816,1.820530057,235.246994,98.2365036,37.81489944,211.4609985,112.1849976,32.06940079,0,0,0,1
45.54629898,2069.649902,4.536499977,67.82839966,39.63669968,2.215869904,50.69400024,2099.419922,5.085589886,50.13830185,36.1882019,1.493109941,211.3789978,97.40950012,137.1029968,197.4519958,106.8560028,40.28829956,1,0,0,0
42.53779984,1959.920044,4.459589958,67.35900116,40.50709915,2.1489501,48.60960007,1993.920044,4.877099991,50.80170059,36.65890121,1.480260015,220.1829987,90.2940979,137.3370056,208.4920044,104.5820007,43.99300003,1,0,0,0
51.25640106,1921.180054,4.565869808,64.66690063,41.15420151,2.223530054,54.59540176,1950.170044,4.645030022,49.99769974,35.30369949,1.610450029,248.0480042,90.1576004,42.4054985,215.7689972,105.4140015,39.95589828,1,0,0,0
47.98040009,2104.050049,4.529319763,65.34259796,41.53649902,6.050970078,55.52019882,2122.399902,4.828110218,48.21709824,36.94079971,1.898489952,241.8470001,97.6780014,37.27840042,210.5570068,109.5810013,31.55850029,1,0,0,0
54.77880096,1972.209961,4.38876009,65.1882019,41.44919968,3.018779993,56.94739914,1993.670044,4.686450005,49.99710083,35.83280182,1.666270018,245.3329926,93.80960083,42.90909958,217.098999,105.6989975,37.5367012,1,0,0,0
38.99499893,2089.179932,4.520679951,67.3219986,42.66490173,4.019690037,45.40990067,2091.149902,4.919939995,51.8146019,38.9292984,1.816609979,239.6430054,100.125,40.68370056,219.2850037,113.6360016,37.81079865,1,0,0,0
44.26240158,2190.209961,4.467259884,65.24919891,41.55630112,4.350319862,51.32590103,2203.26001,4.971680164,47.20320129,37.23320007,1.872810006,236.8329926,98.85669708,36.55459976,204.2960052,108.9290009,31.04070091,1,0,0,0
41.17089844,2114.620117,4.606309891,68.45549774,39.74860001,2.456939936,46.19960022,2125.73999,5.093800068,50.63249969,37.19070053,1.503370047,210.1970062,101.1340027,138.8289948,194.1029968,108.4459991,40.20940018,0,0,0,1
39.93780136,1997.650024,4.571800232,68.41889954,43.28210068,2.562609911,44.7677002,2005.48999,4.878389835,54.12419891,38.83620071,1.618100047,240.5420074,98.20700073,42.71659851,225.8549957,113.1660004,41.11349869,1,0,0,0
43.25180054,2224.199951,4.561580181,71.39109802,39.87649918,2.337389946,46.83509827,2235.090088,4.954209805,49.03369904,36.1155014,1.548969984,216.0950012,107.3320007,142.4700012,190.5460052,110.4209976,40.68529892,0,0,0,1
39.09550095,2152.050049,4.663269997,66.50309753,39.90269852,3.014199972,44.36050034,2173.5,4.950950146,50.3362999,37.74340057,1.709069967,215.2920074,103.4540024,131.6009979,199.3280029,111.8450012,40.0848999,1,0,0,0
34.42219925,1956.900024,4.330480099,70.95010376,43.35390091,2.245769978,40.4007988,1974.449951,4.874740124,55.49300003,40.27819824,1.603139997,238.6170044,93.93090057,42.79779816,229.5169983,115.4240036,41.38970184,1,0,0,0
45.88949966,1946.410034,4.298150063,66.45480347,41.05690002,1.928799987,52.51789856,1958.680054,4.831560135,54.44329834,37.64680099,1.532799959,224.8099976,94.09680176,41.55469894,223.1360016,108.6809998,40.60689926,0,0,0,1
42.87229919,1949.660034,4.137410164,68.16410065,42.01929855,1.901430011,49.38470078,1962.579956,4.754340172,57.25130081,38.06769943,1.602020025,231.4859924,100.5009995,41.69990158,230.3099976,113.447998,42.32109833,1,0,0,0
48.92110062,2027.640015,4.528240204,64.99259949,42.09280014,3.553839922,54.26459885,2051.360107,4.762330055,48.89070129,36.43080139,1.726909995,244.9100037,91.83399963,42.02149963,212.279007,105.2210007,35.08100128,1,0,0,0
44.01549911,2142.110107,4.537390232,69.228302,39.80530167,2.405960083,48.05649948,2158.290039,4.948619843,49.95249939,36.41680145,1.570080042,215.348999,101.8199997,140.1569977,194.4299927,108.4120026,40.7057991,0,0,0,1
34.70289993,2118.570068,4.63214016,65.42209625,41.76869965,2.831010103,39.07910156,2064.389893,4.994120121,52.6169014,40.91479874,1.771319985,226.6609955,99.83029938,40.51129913,217.1950073,116.1330032,40.72750092,1,0,0,0
48.69079971,2077.189941,4.562210083,64.89150238,41.41059875,5.354179859,56.46879959,2107.959961,4.965499878,48.46870041,36.77659988,1.794469953,238.2149963,96.63929749,36.80339813,209.9089966,108.6640015,31.22450066,1,0,0,0
41.70140076,2036.680054,4.433640003,68.23760223,40.87889862,2.583129883,47.49129868,2046.849976,4.937079906,52.24720001,37.77199936,1.602110028,223.2890015,98.60230255,102.3730011,212.6049957,112.3560028,42.67710114,0,0,0,1
37.66030121,1989.98999,4.344369888,66.36329651,41.19670105,2.370840073,44.32820129,1996.959961,4.98375988,55.04869843,38.89559937,1.649309993,227.3609924,98.76049805,41.03480148,231.0679932,115.5999985,41.61059952,0,0,0,1
48.41790009,2078.189941,4.560719967,64.89620209,41.41199875,5.295889854,56.15610123,2108.620117,4.96600008,48.44960022,36.78229904,1.796409965,238.1040039,96.45939636,36.80110168,209.878006,108.6090012,31.21759987,0,0,0,1
59.90750122,1938.859985,4.222949982,66.73300171,39.69689941,1.86401999,64.77100372,1963.050049,4.806250095,50.3465004,35.04029846,1.487169981,219.7649994,87.39880371,135.6959991,208.1690063,102.302002,46.26979828,0,0,0,1
47.32569885,1935.0,4.055029869,66.4910965,41.35549927,1.825000048,54.52299881,1954.329956,4.856229782,55.47679901,37.56750107,1.536790013,224.6320038,94.57589722,44.16230011,221.0339966,107.7399979,43.23680115,0,0,0,1
61.05609894,1912.939941,4.184279919,66.08999634,39.65299988,1.791149974,66.17299652,1938.51001,4.804240227,50.50970078,34.76509857,1.485919952,219.9779968,85.167099,133.9889984,208.0890045,101.3970032,46.23690033,1,0,0,0
40.03340149,1946.22998,4.011789799,70.48750305,42.3852005,1.930830002,47.61249924,1964.430054,4.792059898,58.12739944,38.45769882,1.617499948,230.102005,101.8789978,42.99380112,233.6089935,113.4550018,41.5965004,0,0,0,1
37.59569931,2083.370117,4.580329895,69.25250244,41.73659897,2.906349897,43.13240051,2082.76001,4.911980152,52.69029999,38.52199936,1.644880056,225.5789948,101.3099976,112.4919968,218.0639954,115.1060028,44.82659912,0,0,0,1
47.06489944,2008.599976,4.56719017,64.32990265,42.01589966,2.893520117,52.50379944,2036.540039,4.76515007,48.91590118,36.59260178,1.717229962,244.7149963,88.90699768,42.05239868,211.496994,104.1360016,35.09109879,1,0,0,0
49.04980087,2073.429932,4.563829899,64.85500336,41.40510178,5.333240032,56.74860001,2104.580078,4.964849949,48.51240158,36.75049973,1.790060043,238.3119965,96.66359711,36.81129837,209.9279938,108.637001,31.23450089,1,0,0,0
44.70029831,1967.339966,4.133950233,68.68979645,42.24300003,2.072989941,51.02159882,1974.430054,4.794849873,55.50659943,38.01509857,1.622069955,228.3370056,96.83799744,42.79359818,222.7310028,110.8300018,41.30609894,0,0,0,1
52.31829834,1985.030029,4.437129974,65.91750336,41.20859909,3.144910097,55.84680176,2008.300049,4.646649837,49.41540146,35.9070015,1.68671,247.6940002,92.99949646,42.26620102,215.4380035,106.7440033,39.81650162,1,0,0,0
56.34859848,1908.199951,4.327390194,64.47059631,41.28419876,1.840219975,57.45890045,1928.5,4.671390057,51.64070129,35.07210159,1.554340005,244.5410004,93.4417038,43.02809906,216.0339966,104.2949982,37.75569916,1,0,0,0
40.24330139,1944.640015,3.860369921,69.64569855,42.47740173,1.719830036,48.92399979,1959.050049,4.786630154,60.64519882,38.45389938,1.624359965,230.2359924,102.6569977,43.25540161,238.923996,110.5920029,41.75770187,1,0,0,0
43.43619919,1952.02002,4.162330151,67.87280273,41.98049927,1.936679959,49.62530136,1963.959961,4.754030228,56.79650116,37.97129822,1.60066998,231.3190002,100.1060028,41.65029907,229.0339966,113.3280029,42.28430176,1,0,0,0
43.03229904,2138.23999,4.636630058,64.55729675,41.42679977,4.531839848,50.08179855,2134.790039,4.983850002,48.50040054,37.73450089,1.809939981,234.5390015,97.88359833,36.45130157,207.6959991,110.2389984,31.00559998,1,0,0,0
44.81560135,1993.22998,4.334529877,67.2963028,42.17380142,2.581540108,49.49819946,1986.150024,4.789999962,53.1208992,37.6568985,1.626410007,241.3329926,95.78710175,43.04930115,221.9199982,108.8740005,40.2867012,1,0,0,0
51.46839905,2015.26001,4.403110027,67.76809692,40.3586998,2.038310051,56.31190109,2038.22998,4.878890038,50.10250092,35.66030121,1.477149963,218.7689972,92.27130127,139.1519928,203.2910004,103.8359985,44.0284996,0,0,0,1
36.30400085,1984.98999,4.323870182,67.64749908,41.43470001,2.325210094,42.59830093,1989.280029,4.979700089,55.33179855,39.53480148,1.641579986,228.0299988,97.83599854,41.12609863,231.0149994,116.0009995,41.68280029,1,0,0,0
40.55849838,2132.899902,4.668399811,65.93060303,39.99020004,2.945689917,44.80379868,2109.73999,5.11962986,50.36029816,37.77310181,1.64598,211.8580017,101.0210037,121.2910004,198.5879974,111.5210037,38.17539978,1,0,0,0
57.05659866,1903.140015,4.120659828,66.38069916,39.76480103,1.749789953,63.16239929,1929.650024,4.798180103,52.41650009,35.16009903,1.491739988,221.6210022,87.93589783,132.529007,213.6049957,102.6190033,46.36949921,1,0,0,0
43.00600052,2004.75,4.499529839,66.16120148,42.47389984,3.334549904,48.7541008,2031.640015,4.760920048,49.93099976,37.96889877,1.68859005,244.6999969,90.8030014,42.33800125,216.4429932,106.4449997,35.25849915,1,0,0,0
55.16999817,1964.280029,4.306829929,68.0,40.02310181,1.92979002,60.34840012,1990.890015,4.806019783,50.14089966,35.26039886,1.481870055,220.1459961,89.24160004,136.2079926,204.7420044,103.3320007,47.08789825,0,0,0,1
45.67699814,2123.449951,4.531340122,65.13790131,41.46229935,5.131229877,53.65579987,2147.350098,4.970880032,47.97529984,37.07550049,1.846490026,237.4470062,96.46549988,36.7173996,208.6649933,108.7659988,31.13349915,1,0,0,0
41.63750076,2165.780029,4.606569767,65.14880371,41.58190155,5.718739986,49.75120163,2184.709961,4.835830212,48.58150101,37.9693985,1.971109986,239.628006,101.1949997,36.91450119,209.2709961,112.3050003,31.35339928,1,0,0,0
37.99480057,1998.780029,4.48458004,68.93840027,43.25439835,2.463759899,43.30599976,2001.089966,4.87830019,54.82970047,39.38010025,1.625880003,239.4730072,98.62760162,42.70130157,227.2929993,114.3219986,41.2071991,1,0,0,0
45.39509964,1952.47998,4.084819794,68.88870239,42.25019836,1.906559944,52.30619812,1963.099976,4.792409897,56.37049866,37.85110092,1.61511004,228.6360016,97.02619934,42.8852005,224.4409943,110.4499969,41.37469864,0,0,0,1
44.24919891,1972.900024,4.592559814,63.80860138,41.98160172,2.245280027,49.88940048,2005.959961,4.7677598,49.22389984,37.06829834,1.689970016,244.4210052,84.99569702,42.17010117,212.0420074,102.9680023,35.14440155,1,0,0,0
43.24349976,2101.159912,4.551390171,68.94609833,39.71979904,2.450479984,48.42620087,2127.800049,5.087329865,50.55939865,36.72290039,1.498360038,210.9669952,100.288002,140.477005,193.7359924,107.4420013,40.38330078,0,0,0,1
42.33890152,2175.120117,4.559939861,65.65319824,41.62599945,6.039509773,50.73469925,2192.320068,4.835289955,48.20040131,37.81869888,1.981430054,240.2940063,100.9430008,36.97520065,209.4290009,111.9290009,31.37269974,1,0,0,0
39.24100113,1978.040039,4.358109951,65.06240082,40.91109848,2.365859985,46.39239883,1994.430054,4.988070011,54.59730148,38.0870018,1.646229982,226.6300049,98.22180176,40.95940018,231.5789948,114.9150009,41.54150009,0,0,0,1
44.97460175,1952.680054,4.197030067,67.2928009,41.89149857,1.971379995,50.5481987,1963.800049,4.752190113,56.0237999,37.66540146,1.594709992,231.0440063,99.373703,41.57410049,226.8309937,112.913002,42.22529984,1,0,0,0
46.88600159,2065.169922,4.527420044,67.55239868,39.62080002,2.146719933,52.00979996,2095.560059,5.08494997,50.02830124,36.04449844,1.491809964,211.5010071,96.7983017,136.3110046,197.9109955,106.6579971,40.27759933,0,0,0,1
43.8669014,2000.550049,4.401929855,66.90280151,42.10189819,2.49029994,49.22000122,2009.97998,4.800209999,53.30239868,37.89339828,1.641729951,238.2839966,97.45970154,41.85490036,221.5650024,110.4690018,39.1977005,1,0,0,0
43.6568985,2168.030029,4.540339947,69.82170105,39.83319855,2.424789906,47.58840179,2182.560059,4.949790001,49.88230133,36.45209885,1.568369985,215.3800049,103.4810028,141.3329926,192.8070068,108.8359985,40.73009872,0,0,0,1
34.93360138,2062.810059,4.59375,67.67070007,42.76060104,3.118730068,40.50740051,2049.669922,4.868810177,52.98099899,40.20909882,1.723680019,229.598999,99.94259644,39.13909912,219.8679962,115.8949966,40.3995018,0,0,0,1
54.71300125,1983.619995,4.380889893,65.35870361,41.46900177,3.270740032,57.04560089,2004.319946,4.687349796,49.81010056,35.92979813,1.678979993,245.3809967,94.27690125,42.88600159,217.279007,105.9219971,37.50279999,0,0,0,1
34.5632019,2198.060059,4.596829891,69.48040009,42.4233017,3.96578002,39.6996994,2181.590088,4.968359947,51.98099899,40.10469818,1.746790051,225.102005,107.1669998,135.2749939,208.4210052,118.2529984,48.54370117,0,0,0,1
40.0019989,2145.850098,4.624989986,67.37220001,39.86529922,2.807960033,44.95500183,2166.080078,4.950190067,50.22859955,37.31689835,1.662439942,215.3179932,102.7809982,134.3820038,198.026001,110.7070007,40.27939987,1,0,0,0
32.47280121,2236.5,4.778580189,66.90280151,42.42459869,4.537700176,38.63420105,2232.100098,4.973330021,51.45569992,40.81809998,1.857159972,225.1519928,110.9140015,127.7689972,208.1380005,120.7870026,48.01739883,1,0,0,0
34.50040054,2082.98999,4.618559837,67.49510193,42.77619934,3.062129974,39.61999893,2056.800049,4.872399807,52.91270065,40.54550171,1.724290013,229.4299927,100.3759995,39.15829849,219.427002,116.5719986,40.4076004,0,0,0,1
35.07210159,2187.040039,4.525489807,68.91179657,43.53950119,4.961800098,41.22190094,2171.47998,4.872529984,51.09159851,40.19260025,1.906909943,237.9080048,106.2330017,39.64459991,217.822998,120.0950012,38.98310089,1,0,0,0
39.68420029,2148.449951,4.636970043,67.08390045,39.87649918,2.879400015,44.71250153,2168.929932,4.95043993,50.24940109,37.44430161,1.677430034,215.3170013,102.9960022,133.4589996,198.4839935,111.0759964,40.2159996,1,0,0,0
47.64599991,2107.560059,4.527130127,65.38569641,41.54249954,6.030749798,55.26670074,2125.830078,4.828529835,48.18180084,36.96500015,1.902639985,241.798996,97.6359024,37.27149963,210.5079956,109.5930023,31.54999924,1,0,0,0
45.39419937,2157.139893,4.491600037,66.14209747,41.6432991,6.440350056,53.8219986,2172.820068,4.831799984,47.74089813,37.27840042,1.960129976,241.7250061,99.22899628,37.1731987,210.1190033,110.5009995,31.47060013,1,0,0,0
34.47610092,2120.870117,4.714729786,66.71900177,42.79430008,2.766799927,37.85900116,2040.199951,4.883069992,52.47340012,41.27999878,1.70272994,228.720993,99.79640198,39.13010025,217.1779938,117.3059998,40.37590027,0,0,0,1
43.18030167,2146.27002,4.605889797,64.7542038,41.44779968,4.669050217,50.5033989,2147.340088,4.981820107,48.28099823,37.65439987,1.82931006,235.0859985,97.80989838,36.48749924,207.6029968,110.0270004,31.0170002,1,0,0,0
41.91619873,2053.780029,4.489970207,66.86630249,41.98559952,3.588840008,47.81850052,2063.080078,4.859539986,51.4117012,38.0658989,1.753690004,239.3280029,99.10299683,39.78979874,217.7899933,113.302002,36.82820129,1,0,0,0
40.86309814,1941.939941,3.926739931,69.97399902,42.40579987,1.747220039,49.2696991,1958.599976,4.788740158,59.61429977,38.27959824,1.617980003,230.2189941,102.6210022,43.14189911,236.3699951,111.9349976,41.67739868,0,0,0,1
46.3443985,2131.610107,4.513259888,65.70510101,41.58580017,6.235549927,54.46549988,2148.73999,4.830359936,47.96749878,37.12829971,1.930430055,241.720993,98.22180176,37.22449875,210.3240051,109.9810028,31.50930023,1,0,0,0
39.30950165,1943.670044,4.024189949,70.19100189,42.18489838,1.920709968,46.96289825,1963.689941,4.755680084,58.5481987,38.45130157,1.608399987,232.4069977,103.6470032,41.92010117,237.1660004,115.310997,42.48920059,1,0,0,0
49.74700165,1925.609985,4.482709885,65.56109619,41.14030075,2.114330053,53.3885994,1955.069946,4.641260147,50.95270157,35.64720154,1.622830033,248.4309998,91.45850372,42.4822998,217.5839996,106.5599976,40.16759872,1,0,0,0
52.18700027,1923.219971,4.09375,67.36869812,39.92459869,1.786679983,58.89730072,1948.469971,4.794310093,54.08240128,35.8321991,1.498569965,222.9689941,93.07080078,132.871994,219.0079956,104.7360001,46.53079987,1,0,0,0
50.90019989,1830.439941,4.083720207,62.12609863,38.90420151,1.529320002,60.08879852,1908.22998,4.773869991,50.82600021,34.84469986,1.489799976,222.1970062,86.96569824,131.7070007,210.4640045,103.1110001,48.55369949,1,0,0,0
44.57580185,2125.199951,4.532969952,68.77400208,39.78120041,2.377199888,48.60029984,2142.110107,4.947820187,49.9253006,36.3266983,1.571079969,215.3659973,100.6050034,139.102005,195.7310028,108.1289978,40.68180084,0,0,0,1
56.60290146,1909.5,4.336170197,64.4138031,41.27920151,1.883929968,57.64310074,1929.709961,4.671889782,51.43939972,35.04059982,1.555850029,244.5269928,93.23439789,43.00450134,215.6190033,104.2279968,37.73099899,1,0,0,0
47.83409882,2085.780029,4.505589962,67.73220062,39.72449875,2.29531002,51.6780014,2103.780029,4.945710182,49.83990097,36.01860046,1.57201004,215.371994,97.60649872,136.6549988,198.177002,107.2600021,40.65319824,0,0,0,1
40.26699829,2173.040039,4.726779938,64.06749725,41.51679993,5.399879932,46.96829987,2152.399902,5.11179018,49.06399918,38.48160172,1.92888999,233.5679932,101.8830032,34.97909927,206.8370056,114.3330002,29.72170067,1,0,0,0
34.97460175,2195.649902,4.56867981,69.91429901,42.4109993,3.916229963,40.08280182,2182.300049,4.967750072,52.03590012,39.91609955,1.735890031,225.0319977,107.0690002,136.9700012,207.9309998,117.9179993,48.63880157,0,0,0,1
44.19189835,1952.73999,4.181469917,67.57240295,41.93600082,1.956480026,50.0658989,1964.130005,4.753210068,56.39649963,37.82550049,1.597959995,231.1730042,99.72879791,41.60929871,227.8730011,113.1279984,42.25299835,1,0,0,0
55.31669998,1970.140015,4.280910015,68.08409882,39.45370102,1.915799975,60.31620026,1995.369995,4.766600132,49.99290085,35.25059891,1.489629984,221.697998,90.02490234,137.1329956,206.7299957,104.4749985,48.61740112,0,0,0,1
42.53089905,1979.52002,4.422989845,68.04720306,40.81290054,2.176009893,48.2737999,2010.01001,4.875609875,50.91210175,37.42509842,1.474589944,221.1860046,90.26339722,135.8930054,208.9790039,104.8980026,43.9734993,1,0,0,0
42.69029999,1970.790039,4.445439816,67.62490082,40.59049988,2.162810087,48.64360046,2003.459961,4.876870155,50.81259918,36.84840012,1.478449941,220.4210052,90.66699982,137.1840057,208.0310059,104.685997,43.99520111,1,0,0,0
54.86859894,1960.150024,4.396940231,65.00090027,41.42639923,2.772809982,56.88880157,1982.290039,4.685440063,50.18310165,35.71879959,1.652019978,245.2799988,93.35140228,42.93220139,216.9170074,105.4639969,37.56959915,1,0,0,0
38.70360184,1999.329956,4.513589859,68.73169708,43.26160049,2.498159885,43.88880157,2003.359985,4.87830019,54.62519836,39.17779922,1.624150038,239.8390045,98.64589691,42.70619965,226.8240051,113.9219971,41.17509842,1,0,0,0
41.02389908,1943.119995,4.029500008,69.18560028,42.14509964,1.806020021,48.70840073,1959.640015,4.754220009,58.85319901,38.28770065,1.606739998,232.0910034,102.4420013,41.90259933,235.5639954,113.7929993,42.46120071,1,0,0,0
49.79079819,2003.829956,4.416049957,67.60169983,40.33200073,2.057879925,54.94490051,2029.579956,4.878890038,50.21310043,35.69609833,1.478459954,218.8600006,92.13790131,139.177002,203.7949982,103.9240036,44.02880096,1,0,0,0
52.90169907,2010.829956,4.396999836,66.55169678,41.24959946,3.773370028,56.68859863,2031.359985,4.647659779,49.13349915,36.07289886,1.712759972,247.6309967,94.78579712,42.22430038,216.1779938,107.5270004,39.72869873,0,0,0,1
47.29449844,1940.390015,4.222780228,70.01750183,40.40330124,2.029020071,53.31600189,1970.969971,4.793719769,52.53530121,36.49530029,1.486400008,223.6000061,89.84420013,132.9589996,210.0220032,105.586998,47.43209839,1,0,0,0
40.27590179,2148.780029,4.613749981,67.77880096,39.86050034,2.75048995,45.0931015,2168.219971,4.950109959,50.19029999,37.19960022,1.646749973,215.3249969,102.8919983,135.5829926,197.2359924,110.4049988,40.35340118,1,0,0,0
39.80080032,2074.899902,4.443500042,67.57559967,40.8830986,2.826699972,45.17240143,2080.48999,4.92016983,52.07310104,38.09619904,1.61421001,223.9459991,100.4229965,103.9039993,211.9649963,112.9290009,43.80739975,0,0,0,1
42.61809921,2011.300049,4.325689793,67.68910217,41.1719017,2.503740072,48.85369873,2021.050049,4.875289917,54.0503006,38.12110138,1.625319958,221.0410004,96.87210083,105.0459976,215.2200012,109.697998,45.11420059,0,0,0,1
38.96640015,1938.780029,3.959579945,70.68209839,42.17860031,1.845090032,47.14319992,1962.0,4.753550053,59.18280029,38.19990158,1.60413003,232.9400024,106.7269974,42.04219818,241.3059998,116.2300034,42.56330109,1,0,0,0
38.74810028,1982.660034,4.351950169,65.48709869,41.00640106,2.368669987,45.76499939,1995.880005,4.986569881,54.7859993,38.35240173,1.648020029,226.8809967,98.52480316,40.98550034,231.4290009,115.1419983,41.56579971,0,0,0,1
32.99110031,1942.689941,4.263269901,70.90019989,42.0719986,2.071650028,39.17480087,1968.079956,4.970860004,55.28110123,40.53540039,1.579439998,229.6719971,90.45459747,41.36949921,229.5910034,116.0970001,41.76160049,1,0,0,0
55.57569885,1928.98999,4.401979923,64.51899719,41.35469818,2.220940113,57.21149826,1951.430054,4.681459904,50.73649979,35.33679962,1.608209968,245.076004,92.68939972,42.99280167,216.6139984,104.9260025,37.65610123,1,0,0,0
39.31710052,1940.380005,3.954590082,71.03099823,42.37979889,1.878090024,47.33150101,1962.51001,4.789509773,58.85139847,38.28279877,1.61334002,230.7369995,104.8939972,43.0882988,237.901001,114.5429993,41.68880081,1,0,0,0
54.06980133,1912.790039,4.352729797,64.58730316,41.34420013,1.826779962,56.33100128,1935.180054,4.677189827,52.05020142,35.33340073,1.585150003,245.0930023,93.76290131,43.15159988,218.9459991,105.2549973,37.83140182,1,0,0,0
51.90140152,1951.430054,4.491630077,65.23190308,41.16350174,2.561889887,55.1570015,1977.810059,4.645699978,49.72190094,35.65269852,1.649279952,247.7579956,91.15390015,42.32799911,215.1629944,105.8840027,39.89080048,1,0,0,0
44.40950012,1950.189941,4.066679955,69.12460327,42.2818985,1.878669977,51.58010101,1962.02002,4.792329788,56.91210175,37.98220062,1.615779996,228.9279938,97.88999939,42.91479874,226.3130035,110.8590012,41.42430115,0,0,0,1
54.625,1953.069946,4.281710148,67.62619781,39.41949844,1.893229961,59.92559814,1981.390015,4.766109943,50.09780121,35.17720032,1.489289999,221.8699951,89.1160965,136.5590057,207.2590027,104.237999,48.61769867,0,0,0,1
36.54069901,2188.76001,4.492410183,71.1697998,42.36759949,3.620110035,41.57949829,2183.679932,4.966380119,52.30540085,39.34550095,1.701230049,224.7570038,106.9089966,142.3430023,206.0119934,116.9020004,48.93840027,0,0,0,1
46.81900024,2120.899902,4.519639969,65.55239868,41.56560135,6.106850147,54.72669983,2138.600098,4.829659939,48.05899811,37.05699921,1.918009996,241.7319946,97.85669708,37.24580002,210.3800049,109.7689972,31.52589989,1,0,0,0
38.64450073,2134.189941,4.672679901,65.71659851,40.12120056,3.169019938,43.56779861,2136.72998,5.11495018,50.2643013,38.26010132,1.647729993,214.9799957,101.2109985,122.2649994,202.0140076,112.6090012,39.06090164,1,0,0,0
40.7969017,1934.140015,4.538370132,67.02719879,40.36149979,2.158479929,46.81309891,1968.180054,4.876880169,50.74779892,36.49620056,1.488209963,219.8379974,88.30819702,137.5500031,211.3289948,104.4940033,43.98469925,1,0,0,0
42.74089813,2184.409912,4.527009964,66.0759964,41.66839981,6.274759769,51.25439835,2200.340088,4.834959984,47.94469833,37.7478981,1.992130041,240.7180023,101.1800003,36.99959946,209.5279999,111.8779984,31.37849998,1,0,0,0
45.00999832,2170.889893,4.476890087,66.45909882,41.68389893,6.593369961,53.53340149,2185.72998,4.832339764,47.61389923,37.3526001,1.976609945,241.7769928,100.0009995,37.14369965,210.0890045,110.8730011,31.45019913,1,0,0,0
63.72079849,1899.98999,4.115719795,65.99420166,39.69889832,1.74477005,68.58350372,1918.640015,4.800079823,50.66659927,34.40769958,1.486789942,220.0800018,81.68070221,131.6340027,206.0010071,99.3608017,46.18209839,1,0,0,0
50.95479965,1847.910034,4.138460159,63.40050125,39.01039886,1.589599967,59.27890015,1913.140015,4.76816988,50.89360046,34.72090149,1.485520005,222.7149963,87.21559906,131.9369965,211.7140045,103.6829987,48.59759903,1,0,0,0
48.21699905,2060.649902,4.520030022,67.3404007,39.6114006,2.096129894,53.33549881,2091.540039,5.084189892,49.9620018,35.94950104,1.491119981,211.6139984,96.26779938,135.7380066,198.1580048,106.4639969,40.27740097,0,0,0,1
62.91289902,1901.640015,4.137090206,65.85919952,39.65940094,1.750229955,67.89849854,1923.810059,4.801750183,50.61259842,34.5223999,1.485399961,220.0850067,83.07929993,132.4389954,207.0010071,100.2529984,46.20240021,1,0,0,0
41.09400177,2107.090088,4.641620159,67.26689911,39.71269989,2.289750099,45.91899872,2106.659912,5.098309994,50.36869812,37.18519974,1.503379941,209.8359985,99.93289948,135.022995,197.0070038,108.9250031,39.9917984,1,0,0,0
40.36909866,2164.75,4.668950081,64.59909821,41.54600143,5.341350079,48.05590057,2185.51001,4.83713007,49.09329987,38.29460144,1.970900059,238.6060028,102.5329971,36.78319931,208.8820038,113.3330002,31.30509949,1,0,0,0
52.74760056,2006.880005,4.404089928,66.43869781,41.24319839,3.661859989,56.50579834,2027.890015,4.647469997,49.1814003,36.04850006,1.708969951,247.6529999,94.46430206,42.23089981,216.0090027,107.3929977,39.74729919,0,0,0,1
47.28210068,1954.349976,4.104410172,68.52050018,42.19260025,1.939520001,53.79639816,1963.630005,4.791900158,55.52000046,37.56309891,1.612470031,228.1649933,95.60289764,42.85309982,221.5149994,109.6529999,41.29919815,0,0,0,1
47.20280075,2115.22998,4.523560047,65.48110199,41.55559921,6.115809917,55.01190186,2133.149902,4.829130173,48.11339951,37.01910019,1.911470056,241.7720032,97.81690216,37.25640106,210.4649963,109.7210007,31.5366993,1,0,0,0
33.97949982,2204.409912,4.614999771,67.99780273,43.45240021,4.799369812,39.87969971,2184.530029,4.87733984,51.16960144,40.52870178,1.910419941,236.776001,107.3209991,39.54840088,215.9259949,120.5950012,38.97380066,1,0,0,0
47.49440002,1945.150024,4.132019997,70.13490295,39.57569885,1.996610045,53.88090134,1975.030029,4.74737978,53.6969986,36.03269958,1.508929968,226.7709961,95.32589722,133.654007,217.3209991,108.8929977,49.21269989,1,0,0,0
35.43880081,2162.699951,4.763060093,64.85410309,41.85820007,2.741839886,36.82450104,2004.390015,5.008250237,52.10129929,41.49020004,1.712859988,225.7189941,99.70570374,40.31539917,212.9799957,116.8270035,40.63130188,0,0,0,1
44.24020004,1959.719971,4.410039902,67.53540039,42.43840027,2.150059938,48.85029984,1973.22998,4.763909817,54.88510132,37.86000061,1.561480045,238.1660004,97.68599701,42.47969818,225.3639984,111.0490036,40.96849823,1,0,0,0
54.78089905,1977.839966,4.384039879,65.27929688,41.45949936,3.142240047,57.01160049,1998.900024,4.686880112,49.91220093,35.88290024,1.672600031,245.3540039,94.06020355,42.89820099,217.2129974,105.8150024,37.52019882,1,0,0,0
54.46789932,1913.5,4.11179018,66.92179871,39.84899902,1.77286005,60.91519928,1939.579956,4.796319962,53.2806015,35.52719879,1.495519996,222.3150024,90.64749908,132.8159943,216.473999,103.7750015,46.45569992,1,0,0,0
50.51869965,2039.670044,4.497240067,65.457901,42.14319992,4.11634016,55.83190155,2060.350098,4.760680199,48.89619827,36.41009903,1.733270049,245.0130005,93.53759766,42.00579834,213.0160065,105.8769989,35.07030106,0,0,0,1
42.02519989,2166.899902,4.586520195,65.3207016,41.5945015,5.775939941,50.2132988,2185.25,4.835480213,48.42309952,37.87670135,1.971920013,239.9259949,100.8300018,36.95119858,209.3119965,112.0029984,31.36680031,1,0,0,0
40.26689911,1943.23999,3.916739941,69.35089874,42.2439003,1.727560043,48.78039932,1958.959961,4.752180099,60.33520126,38.39139938,1.613319993,232.3159943,103.4400024,42.10749817,239.8419952,112.7149963,42.57749939,1,0,0,0
42.69010162,2112.5,4.542970181,69.501297,39.76509857,2.595299959,48.08029938,2139.0,5.08769989,51.00059891,37.05659866,1.503430009,210.6009979,101.6139984,142.7460022,190.923996,107.4710007,40.4701004,0,0,0,1
44.55820084,2004.72998,4.548749924,64.98349762,42.20389938,2.866899967,50.15999985,2033.219971,4.763840199,49.34400177,37.19440079,1.704190016,244.6829987,89.29640198,42.17950058,213.3159943,104.9830017,35.16849899,1,0,0,0
44.46760178,1974.109985,4.403860092,65.56430054,41.48089981,1.950610042,49.75170135,1985.119995,4.814010143,54.50389862,37.79169846,1.565189958,233.9309998,96.44280243,42.98730087,222.5630035,108.8389969,41.23249817,1,0,0,0
42.76480103,2165.159912,4.476719856,71.14369965,39.82970047,2.847830057,48.30130005,2190.090088,5.088960171,52.00490189,37.49020004,1.512320042,209.6600037,104.6819992,148.9100037,183.5930023,107.2149963,40.74160004,0,0,0,1
45.48469925,1970.219971,4.473199844,67.19270325,40.28079987,2.111439943,51.23059845,2001.579956,4.878650188,50.48099899,35.91239929,1.483620048,219.0599976,91.04789734,139.0509949,206.4259949,104.2050018,44.02389908,1,0,0,0
55.25170135,1909.170044,4.350709915,64.39759827,41.30350113,1.816589952,57.04880142,1930.369995,4.675340176,51.80149841,35.14210129,1.571320057,244.8699951,93.48059845,43.09960175,217.6380005,104.887001,37.79719925,1,0,0,0
42.7655983,1942.52002,4.548429966,62.6128006,41.75249863,1.969589949,49.60580063,1976.079956,4.771709919,49.28960037,37.23339844,1.675209999,243.9309998,80.63610077,42.22100067,212.5140076,101.3010025,35.16019821,1,0,0,0
40.79779816,2125.629883,4.70938015,66.05819702,39.73609924,2.1754601,45.31710052,2101.340088,5.107530117,50.29520035,37.67399979,1.508970022,208.8329926,100.4520035,131.1719971,197.8769989,110.1780014,39.71030045,1,0,0,0
41.85810089,2145.679932,4.732039928,64.06500244,41.39339828,4.242849827,48.22000122,2120.600098,4.993249893,49.04410172,38.24539948,1.768949986,232.3670044,99.91280365,36.22650146,207.0429993,111.7590027,30.91889954,1,0,0,0
46.22869873,2068.909912,4.532179832,67.69120026,39.62870026,2.176990032,51.34519958,2098.860107,5.085340023,50.06520081,36.10860062,1.492280006,211.4459991,97.16110229,136.6869965,197.6710052,106.7770004,40.2820015,0,0,0,1
38.24319839,1985.810059,4.344449997,65.94550323,41.10390091,2.3613801,45.11569977,1996.079956,4.984960079,54.97470093,38.6189003,1.648599982,227.1459961,98.71820068,41.01589966,231.3359985,115.3610001,41.59280014,0,0,0,1
53.76850128,1929.420044,4.299449921,66.95290375,39.9233017,1.856400013,59.54710007,1962.790039,4.805399895,50.27270126,35.05110168,1.480589986,220.3560028,87.77249908,134.8990021,206.5709991,102.9909973,47.06399918,1,0,0,0
39.46469879,2075.449951,4.443429947,67.57579803,40.9341011,2.851030111,44.8431015,2079.070068,4.920080185,52.2458992,38.27170181,1.620169997,224.1349945,100.5979996,103.0459976,212.7259979,113.2279968,43.79320145,0,0,0,1
44.03070068,1966.51001,4.233089924,67.21260071,41.90240097,2.127150059,49.53010178,1974.609985,4.754799843,55.46360016,37.85850143,1.603809953,230.8209991,99.41120148,41.5102005,225.9210052,113.3259964,42.17810059,1,0,0,0
55.68980026,1908.300049,4.11826992,66.65920258,39.80699921,1.762599945,61.98239899,1934.75,4.797309875,52.85110092,35.35169983,1.493710041,221.9689941,89.3309021,132.7169952,215.0910034,103.2300034,46.41400146,1,0,0,0
43.8445015,2193.22998,4.478750229,65.27449799,41.55989838,4.377230167,50.85290146,2202.75,4.973480225,47.26079941,37.33670044,1.871690035,236.5050049,99.14279938,36.52149963,204.4290009,109.2180023,31.0230999,1,0,0,0
33.5155983,2213.870117,4.666210175,67.4776001,43.40390015,4.659239769,39.36470032,2193.409912,4.879920006,51.22140121,40.68610001,1.914569974,236.201004,108.1230011,39.48609924,214.7850037,120.9189987,38.9620018,1,0,0,0
46.47380066,2097.610107,4.516039848,68.02909851,39.74000168,2.321890116,50.39709854,2115.419922,4.946400166,49.86439896,36.11790085,1.572059989,215.3789978,98.51519775,137.3509979,197.5859985,107.5569992,40.65470123,0,0,0,1
32.24700165,2239.27002,4.752639771,66.30819702,43.28929901,4.998169899,38.55979919,2239.709961,4.885119915,51.28590012,40.83179855,1.980780005,235.2230072,111.2350006,39.2663002,211.7089996,122.1119995,38.88439941,1,0,0,0
42.76150131,2139.699951,4.659649849,64.47969818,41.42200089,4.537789822,49.70780182,2131.459961,4.986030102,48.63230133,37.85319901,1.80024004,234.0460052,98.44930267,36.39910126,207.6750031,110.6480026,30.98550034,1,0,0,0
40.48020172,1957.819946,4.228720188,68.15019989,42.31299973,2.039959908,47.43119812,1969.72998,4.827750206,56.85829926,38.35779953,1.620110035,235.798996,100.4850006,42.30020142,231.8159943,115.2139969,42.6651001,1,0,0,0
53.21559906,1918.73999,4.105569839,67.14510345,39.88460159,1.782220006,59.79600143,1944.569946,4.795450211,53.6548996,35.68090057,1.496960044,222.625,91.87909698,132.9120026,217.6719971,104.2720032,46.49319839,1,0,0,0
41.83119965,1948.829956,4.490429878,67.15339661,40.4272995,2.151730061,47.95510101,1983.530029,4.877270222,50.79050064,36.53549957,1.483360052,219.9609985,89.75779724,137.5919952,209.4120026,104.5650024,43.99359894,1,0,0,0
50.2867012,1874.180054,4.235519886,65.26580048,39.77980042,1.71036005,57.51259995,1924.109985,4.803820133,50.92279816,34.92440033,1.476830006,221.2720032,86.76260376,131.9839935,210.7700043,103.1989975,47.08399963,1,0,0,0
48.10160065,1941.140015,4.169779778,67.04319763,41.0931015,2.017090082,52.60979843,1963.839966,4.564919949,54.77099991,36.54679871,1.565529943,243.25,96.563797,44.62060165,224.5950012,106.2330017,43.62659836,0,0,0,1
46.9137001,1982.170044,4.474720001,66.71399689,39.80220032,2.075220108,52.6833992,2016.25,5.058310032,50.40610123,35.81790161,1.485669971,214.3249969,91.86519623,136.7870026,203.7519989,104.3270035,42.45249939,1,0,0,0
52.66529846,2002.660034,4.410140038,66.33699799,41.23649979,3.553800106,56.37170029,2024.099976,4.647270203,49.2322998,36.02109909,1.704759955,247.6640015,94.17980194,42.2378006,215.8829956,107.2689972,39.76309967,0,0,0,1
39.10879898,2100.699951,4.54200983,67.74060059,40.73180008,3.035670042,44.23820114,2105.75,4.999800205,51.22660065,38.2071991,1.627410054,220.6309967,100.2590027,110.8990021,206.0899963,113.0329971,42.15319824,0,0,0,1
34.52690125,2194.340088,4.567110062,68.48729706,43.49810028,4.871310234,40.52429962,2176.070068,4.874790192,51.1432991,40.36289978,1.906720042,237.3560028,106.6449966,39.60480118,216.9929962,120.3059998,38.98320007,1,0,0,0
38.03110123,2127.449951,4.679560184,66.73470306,41.0943985,3.18633008,43.09600067,2133.100098,5.174530029,50.70769882,38.55110168,1.647670031,217.1260071,101.0039978,122.4420013,205.7850037,113.5759964,39.53559875,0,0,0,1
48.54130173,1936.609985,4.16463995,69.34410095,39.52460098,1.963940024,54.89160156,1967.959961,4.75094986,53.01869965,35.8132019,1.504690051,225.871994,93.45939636,133.9380035,215.4290009,107.7610016,49.09170151,1,0,0,0
61.86289978,1906.040039,4.162360191,65.91100311,39.64659882,1.766839981,66.95359802,1930.719971,4.803190231,50.55630112,34.64630127,1.48537004,220.0379944,84.23819733,133.2550049,207.7050018,100.9189987,46.22079849,1,0,0,0
49.15390015,1937.550049,4.431809902,66.104599,41.14699936,2.209690094,53.0340004,1966.329956,4.639989853,51.26459885,35.86920166,1.639790058,248.572998,92.48789978,42.49430084,218.3430023,107.2789993,40.23649979,1,0,0,0
35.5379982,1974.26001,4.303249836,68.47799683,41.56520081,2.292380095,41.74259949,1982.209961,4.976980209,55.47290039,39.8368988,1.632990003,228.451004,96.58879852,41.19409943,231.1950073,116.0950012,41.73139954,1,0,0,0
50.21440125,1913.569946,4.541890144,64.99250031,41.14519882,2.062380075,53.83610153,1943.349976,4.64236021,50.67589951,35.34049988,1.603309989,248.397995,90.82160187,42.47930145,217.1929932,106.0289993,40.10509872,1,0,0,0
34.75979996,2069.169922,4.596759796,67.65650177,42.77019882,3.071919918,40.15319824,2051.01001,4.870059967,53.03210068,40.34719849,1.722419977,229.5749969,100.0709991,39.16450119,219.9360046,116.1800003,40.41450119,0,0,0,1
43.83959961,1945.550049,4.578050137,62.96889877,41.8003006,2.06449008,49.98820114,1979.829956,4.77049017,49.21289825,37.06999969,1.674190044,244.1499939,81.66390228,42.19739914,212.2640076,101.5199966,35.14429855,1,0,0,0
45.92229843,2140.929932,4.505489826,65.84230042,41.604599,6.257510185,54.15159988,2157.570068,4.830989838,47.88159943,37.18389893,1.941050053,241.6990051,98.47309875,37.20650101,210.1920013,110.1179962,31.49430084,1,0,0,0
39.26029968,2000.569946,4.545489788,68.54660034,43.27019882,2.545860052,44.25040054,2005.97998,4.878560066,54.34270096,39.02659988,1.622589946,240.1450043,98.49980164,42.70289993,226.2259979,113.5839996,41.13990021,1,0,0,0
45.91519928,2104.149902,4.520939827,68.1917038,39.74909973,2.335720062,49.86209869,2121.73999,4.946750164,49.87440109,36.16849899,1.572039962,215.3800049,99.00350189,137.7290039,197.2189941,107.7060013,40.65829849,0,0,0,1
48.8512001,1940.26001,4.231480122,65.96679688,41.51250076,2.017149925,53.19469833,1963.359985,4.677400112,54.1067009,36.31159973,1.633440018,245.7019958,97.63410187,43.42770004,225.9389954,107.2819977,38.07189941,0,0,0,1
32.89250183,2228.139893,4.723559856,66.84970093,43.3451004,4.681670189,38.94609833,2215.040039,4.882719994,51.23339844,40.80670166,1.935179949,235.6080017,109.6340027,39.38439941,213.2330017,121.4749985,38.92810059,1,0,0,0
45.58209991,1968.069946,4.13902998,68.51480103,42.2159996,2.084510088,51.75510025,1974.699951,4.79445982,55.17789841,37.86719894,1.620959997,228.1349945,96.28070068,42.78419876,221.5079956,110.435997,41.27510071,0,0,0,1
34.79140091,2138.899902,4.704460144,65.1678009,41.82339859,2.733939886,37.99689865,2047.569946,4.998939991,52.32929993,41.26399994,1.750800014,226.2920074,100.0339966,40.42269897,215.5890045,116.6279984,40.68259811,1,0,0,0
41.03820038,2112.909912,4.657800198,66.93699646,39.71490097,2.247489929,45.76890182,2106.620117,5.100689888,50.31190109,37.2737999,1.504279971,209.6009979,100.064003,133.9389954,197.3379974,109.2490005,39.91619873,1,0,0,0
34.2928009,2109.360107,4.679059982,67.02960205,42.78779984,2.892649889,38.51200104,2055.5,4.878530025,52.63199997,41.01110077,1.717090011,229.0169983,100.4029999,39.13850021,218.0659943,117.1969986,40.3871994,0,0,0,1
