M3_Al_0_2,M3_Ca_0_2,M3_Fe_0_2,M3_K_0_2,M3_Mg_0_2,M3_P_0_2,M3_Al_2_6,M3_Ca_2_6,M3_Fe_2_6,M3_K_2_6,M3_Mg_2_6,M3_P_2_6,TOC_0_2,IC_0_2,TN_0_2,TOC_2_6,IC_2_6,TN_2_6,Zone_1,Zone_2,Zone_3,Zone_4,PhosphorusTreatment
434.3590088,3287.22998,51.72000122,623.6779785,438.5610046,179.2030029,462.1849976,3362.669922,64.76879883,501.2950134,432.9249878,139.1569977,202.6649933,47.76110077,26.6019001,195.4279938,61.00279999,22.87260056,0,0,1,0,0.0
408.3240051,3572.929932,48.84989929,801.3330078,398.9649963,154.0769958,440.5589905,3696.070068,60.4178009,653.8670044,381.3599854,105.0589981,210.5249939,57.29660034,29.69709969,190.6649933,74.9618988,25.76950073,0,0,0,1,0.0
439.2149963,3312.679932,51.77399826,630.2260132,428.5190125,174.3000031,468.9240112,3380.030029,66.47239685,496.4020081,425.8479919,139.3249969,202.6040039,48.15729904,25.52890015,196.5440063,60.96260071,22.43950081,0,0,0,1,0.0
556.7379761,3094.169922,93.02950287,804.2550049,492.8120117,244.0449982,601.9520264,3166.100098,102.473999,555.3829956,470.7359924,170.3419952,208.173996,42.36880112,38.5379982,200.3280029,57.35739899,27.2996006,0,1,0,0,0.0
429.2219849,3750.540039,49.88169861,820.4199829,424.3770142,147.6490021,461.0480042,3886.25,62.13420105,654.0560303,404.1809998,93.53769684,211.4440002,61.16059875,28.12549973,184.0130005,80.17160034,25.02269936,1,0,0,0,0.0
428.9729919,3658.51001,51.92829895,818.9030151,411.5690002,148.1620026,457.5050049,3773.48999,63.3321991,667.4970093,394.2319946,97.16560364,211.3240051,60.13560104,29.27470016,189.9790039,79.04859924,26.09980011,1,0,0,0,0.0
464.7359924,3583.449951,65.82279968,847.4379883,406.2460022,139.5449982,479.9140015,3659.659912,72.70500183,686.6729736,389.697998,84.62439728,211.5890045,63.91379929,33.17900085,197.0059967,85.57980347,27.93160057,0,1,0,0,0.0
436.1990051,3299.439941,51.10219955,623.2420044,412.894989,171.7769928,464.321991,3370.870117,65.63030243,477.9100037,412.5299988,138.003006,202.7369995,48.45270157,24.92830086,199.7059937,61.02819824,22.31620026,0,0,0,1,0.0
487.4830017,3291.5,67.02570343,717.5209961,464.071991,202.9299927,529.5759888,3358.179932,81.78500366,551.2490234,454.5379944,152.548996,206.8139954,45.99610138,29.4715004,192.8070068,59.66839981,23.54380035,1,0,0,0,0.0
419.4049988,3769.810059,49.02709961,827.3519897,440.8959961,151.8919983,455.9140015,3876.22998,61.95040131,686.4680176,412.2449951,98.84829712,214.0850067,62.72399902,26.72089958,190.8910065,78.60389709,24.17720032,1,0,0,0,0.0
540.1380005,3163.669922,86.21150208,781.6270142,483.9949951,229.6130066,585.6439819,3242.550049,97.42839813,556.3330078,467.2999878,164.897995,207.5130005,43.51440048,34.37919998,195.5879974,58.12080002,25.47069931,1,0,0,0,0.0
390.5899963,3523.330078,45.60300064,780.848999,382.7680054,151.2230072,423.1549988,3634.02002,58.03789902,641.6729736,366.7309875,110.3349991,210.3710022,56.05609894,29.36630058,191.7619934,72.09950256,25.55279922,0,0,0,1,0.0
389.9869995,3520.780029,45.49420166,780.0789795,382.0239868,151.1289978,422.526001,3630.959961,57.95629883,641.1079712,366.0700073,110.5299988,210.3609924,55.99679947,29.36739922,191.822998,71.99250031,25.55279922,1,0,0,0,0.0
421.5679932,3354.439941,48.92950058,665.9710083,411.9670105,170.7359924,451.7709961,3408.459961,62.44029999,549.3660278,406.5539856,138.4080048,192.9459991,46.6086998,26.27809906,196.5829926,61.3893013,23.83749962,0,0,1,0,0.0
516.6859741,3216.449951,76.188797,754.9780273,484.8309937,221.7610016,565.039978,3312.169922,90.00060272,567.5640259,471.8980103,158.8390045,206.9089966,44.01160049,30.52960014,189.3789978,59.13740158,23.86709976,1,0,0,0,0.0
420.3439941,3616.860107,50.85139847,809.742981,403.0029907,147.7290039,449.3720093,3719.159912,62.27310181,664.059021,386.7479858,101.3610001,211.1900024,59.17060089,29.09079933,191.552002,77.06580353,26.11969948,1,0,0,0,0.0
420.5220032,3586.870117,51.83179855,807.4229736,397.3460083,146.8639984,447.5169983,3679.51001,62.75460052,663.1199951,381.8210144,101.8799973,211.0910034,58.93119812,29.58620071,192.897995,76.83010101,26.46170044,0,0,0,1,0.0
487.8080139,3354.149902,65.10769653,713.9390259,471.5329895,197.2669983,531.5120239,3410.330078,81.70210266,565.6380005,463.79599,151.7550049,206.8220062,46.26710129,28.11079979,190.2279968,59.92639923,23.13940048,0,0,0,1,0.0
444.6690063,3295.26001,54.23469925,640.4959717,444.0249939,182.3639984,475.9460144,3370.719971,67.95870209,511.3760071,438.2600098,140.6750031,202.6349945,47.60630035,26.98080063,194.0079956,61.03570175,22.77319908,0,0,1,0,0.0
487.1629944,3432.800049,64.02050018,718.0390015,476.6929932,193.0720062,532.0969849,3474.699951,81.9036026,586.0250244,470.3999939,151.4889984,206.5509949,46.8852005,27.27930069,186.9259949,60.16659927,22.59989929,1,0,0,0,0.0
439.4129944,3311.830078,51.93489838,630.8519897,431.1329956,175.1000061,469.1799927,3379.580078,66.50360107,498.7950134,427.9110107,139.4799957,202.6029968,48.08840179,25.70569992,196.1869965,60.96289825,22.51259995,1,0,0,0,0.0
513.4780273,3227.679932,76.69589996,748.5700073,472.1600037,215.4250031,556.7819824,3300.01001,89.5388031,551.617981,459.2579956,158.576004,207.1560059,44.82770157,31.7852993,194.5220032,58.89039993,24.47139931,1,0,0,0,0.0
391.901001,3527.620117,45.8185997,782.6640015,385.25,152.246994,424.1390076,3643.310059,58.14870071,643.1820068,368.5429993,109.6029968,210.3930054,56.19879913,29.72719955,191.6699982,72.43499756,25.65259933,0,0,1,0,0.0
418.6159973,3752.860107,49.1678009,823.1699829,434.3649902,151.102005,454.7890015,3864.939941,61.81240082,681.5230103,409.2659912,99.36560059,213.322998,61.61510086,26.99469948,189.6190033,78.21829987,24.33819962,1,0,0,0,0.0
407.6000061,3574.860107,48.67819977,800.6959839,398.7860107,153.776001,440.0539856,3697.0,60.31399918,653.7470093,381.2409973,105.2460022,210.5319977,57.29990005,29.57990074,190.6179962,74.86620331,25.72060013,1,0,0,0,0.0
446.95401,3641.949951,56.74290085,832.6350098,413.9580078,148.7420044,469.1740112,3765.01001,66.85040283,675.0180054,396.5339966,90.68260193,211.2879944,61.25669861,31.35639954,191.0930023,82.32260132,27.25580025,1,0,0,0,0.0
441.0419922,3310.639893,52.55709839,634.1799927,436.2669983,177.2389984,471.3739929,3379.530029,66.96399689,504.4760132,432.1159973,139.9420013,202.598999,47.94129944,26.0951004,195.2779999,60.97430038,22.60250092,0,0,0,1,0.0
438.881012,3312.629883,51.55979919,629.2080078,423.8540039,173.2910004,468.4729919,3379.919922,66.42310333,492.1119995,422.1619873,139.0370026,202.6109924,48.26330185,25.26049995,197.1139984,60.9734993,22.30739975,0,0,0,1,0.0
488.1239929,3277.840088,67.73390198,717.7589722,462.881012,204.076004,529.4589844,3345.679932,81.97000122,547.7979736,452.821991,152.8280029,206.8840027,45.90449905,29.82719994,193.6349945,59.59469986,23.70980072,0,0,0,1,0.0
407.4119873,3633.560059,48.58319855,804.7410278,407.9159851,151.3350067,442.7449951,3747.639893,60.4477005,663.302002,389.8250122,105.4209976,210.8419952,58.18090057,27.81739998,189.5659943,75.03620148,24.8927002,0,0,0,1,0.0
463.9670105,3588.090088,65.26460266,846.6090088,407.8320007,142.0390015,479.5180054,3673.25,72.38950348,684.7310181,390.947998,85.30940247,211.5160065,63.30590057,32.93230057,195.977005,85.26439667,27.83139992,0,1,0,0,0.0
548.4420166,3165.139893,89.72399902,789.8220215,480.6390076,228.6179962,592.1920166,3234.899902,100.2330017,552.0170288,463.8710022,166.6499939,207.5700073,43.60150146,34.68429947,197.0910034,57.7806015,25.63170052,0,0,0,1,0.0
488.4989929,3269.850098,68.18969727,717.8809814,462.1350098,204.7350006,529.3079834,3338.199951,82.08450317,545.7269897,451.7460022,153.003006,206.9250031,45.85359955,30.04680061,194.1439972,59.54779816,23.81209946,0,0,0,1,0.0
460.70401,3407.330078,55.5890007,669.8430176,452.7900085,176.1329956,499.5780029,3452.129883,73.34210205,546.7730103,449.4410095,143.7189941,202.2700043,48.29499817,26.10490036,189.8890076,60.80260086,21.96360016,0,0,0,1,0.0
408.8630066,3687.139893,49.09180069,810.947998,420.7579956,150.8280029,444.927002,3801.699951,60.88059998,682.8510132,401.3529968,105.1179962,212.5749969,59.26789856,26.82460022,190.0209961,75.63420105,24.23870087,1,0,0,0,0.0
428.9200134,3594.620117,54.12950134,814.9299927,399.8420105,146.3959961,454.0440063,3688.169922,64.48079681,665.9180298,384.1099854,98.82219696,211.151001,59.55920029,29.95490074,192.9219971,78.38950348,26.59530067,1,0,0,0,0.0
389.1910095,3503.689941,45.53210068,777.5770264,376.5620117,149.298996,421.9419861,3604.340088,58.04169846,637.9370117,362.2770081,111.7050018,210.2649994,55.7057991,28.71820068,192.048996,71.48449707,25.49309921,0,0,0,1,0.0
441.9710083,3309.350098,52.8987999,635.9030151,438.1919861,178.2510071,472.6019897,3379.040039,67.23320007,506.6180115,433.7019958,140.1470032,202.6009979,47.87590027,26.26539993,194.923996,60.98329926,22.63229942,0,0,1,0,0.0
429.6459961,3753.48999,49.87720108,820.1140137,424.2210083,147.3650055,461.3739929,3891.149902,62.1155014,651.5609741,404.1530151,93.061203,211.3829956,61.18159866,28.1303997,183.401001,80.31549835,24.9871006,1,0,0,0,0.0
407.1610107,3611.27002,48.45230103,802.5009766,403.5360107,151.8789978,441.5379944,3727.370117,60.31499863,658.3109741,385.8819885,105.3679962,210.6970062,57.82139969,28.42340088,189.8560028,74.93170166,25.21859932,0,0,0,1,0.0
387.5660095,3444.669922,45.30509949,770.6300049,361.0010071,146.0970001,419.401001,3544.290039,58.09289932,628.1680298,350.322998,113.435997,209.8990021,55.30020142,28.85490036,192.6100006,70.28769684,26.55550003,0,0,0,1,0.0
444.1210022,3303.949951,53.74129868,639.6380005,441.9119873,180.5930023,475.3779907,3376.22998,67.84870148,510.3670044,436.7250061,140.5599976,202.6130066,47.72529984,26.65559959,194.2740021,61.00989914,22.69829941,1,0,0,0,0.0
539.3870239,3170.429932,86.02580261,780.3120117,482.321991,228.0749969,584.4240112,3246.699951,97.27639771,555.2709961,465.9899902,164.6750031,207.4880066,43.65470123,34.18870163,195.7669983,58.12519836,25.40609932,0,1,0,0,0.0
389.9710083,3413.02002,46.23120117,684.5009766,381.6960144,156.2920074,422.9580078,3505.219971,59.05830002,557.9240112,373.447998,120.2610016,213.5059967,52.87870026,27.39410019,197.151001,66.76480103,23.93040085,0,0,1,0,0.0
457.677002,3596.47998,63.52600098,838.8250122,403.3800049,143.802002,474.6820068,3682.790039,71.24569702,674.0980225,387.4570007,89.2960968,211.3070068,61.43470001,31.24099922,193.9660034,83.36119843,27.0984993,0,1,0,0,0.0
420.3340149,3597.449951,51.39730072,808.1820068,399.3389893,147.2160034,448.144989,3693.860107,62.53250122,663.3540039,383.57901,101.7300034,211.1230011,59.00149918,29.40309906,192.4049988,76.89550018,26.34009933,0,0,0,1,0.0
407.6849976,3579.469971,48.6495018,800.992981,399.3359985,153.5460052,440.3649902,3700.939941,60.31990051,654.1859741,381.7999878,105.2030029,210.5469971,57.36339951,29.45170021,190.5090027,74.89759827,25.67259979,0,0,0,1,0.0
388.6809998,3474.73999,45.57910156,774.2349854,369.0320129,147.3450012,421.1910095,3569.5,58.15169907,632.0839844,356.6789856,112.6589966,210.0939941,55.45780182,28.32799911,192.0890045,70.97889709,25.6609993,0,0,0,1,0.0
373.4129944,3439.860107,42.21049881,758.3729858,358.0069885,150.2220001,404.3590088,3541.310059,55.43529892,620.8859863,344.1019897,115.4919968,210.0500031,53.77859879,30.56069946,194.4620056,69.12020111,25.6692009,0,0,0,1,0.0
553.3859863,3133.189941,91.47530365,797.6630249,487.2820129,235.7689972,598.4550171,3207.149902,101.5589981,555.3980103,468.3869934,168.3800049,207.7640076,42.98419952,36.10029984,197.5879974,57.61050034,26.20120049,0,1,0,0,0.0
428.7739868,3601.350098,53.79629898,815.3460083,401.1470032,146.6399994,454.3959961,3697.540039,64.29940033,666.1329956,385.2619934,98.688797,211.1690063,59.61389923,29.87709999,192.6159973,78.44090271,26.54100037,0,0,0,1,0.0
486.8039856,3313.459961,66.13439941,717.5689697,466.0369873,201.1880035,529.9060059,3377.600098,81.6155014,556.8880005,457.2340088,152.2189941,206.7059937,46.14099884,28.96240044,191.5480042,59.76670074,23.30430031,0,0,0,1,0.0
418.2130127,3668.52002,49.8003006,812.5,412.3840027,148.8789978,450.9809875,3785.409912,61.76039886,665.0440063,393.9660034,99.92240143,212.2330017,59.77719879,28.41790009,189.3200073,77.61109924,25.27400017,1,0,0,0,0.0
428.9110107,3677.22998,51.4129982,819.6229858,414.6369934,148.4450073,458.2269897,3797.209961,63.05400085,667.2930298,396.7890015,96.69110107,211.371994,60.30130005,29.05089951,189.0460052,79.21450043,25.93449974,1,0,0,0,0.0
509.3250122,3368.949951,76.28450012,816.7119751,460.0400085,195.1139984,538.7069702,3446.780029,86.62310028,616.5,441.6499939,134.8339996,209.2669983,51.29919815,34.21419907,194.6950073,68.63790131,27.46050072,1,0,0,0,0.0
465.0360107,3585.310059,66.10600281,847.5869751,403.9660034,136.0540009,480.006012,3651.360107,72.85350037,687.8850098,388.0859985,84.00469971,211.6620026,64.5759964,33.27030182,197.8300018,85.832901,27.97509956,0,1,0,0,0.0
407.7650146,3552.060059,49.04759979,799.9920044,396.7510071,155.1450043,438.9559937,3678.290039,60.41640091,652.2369995,379.0,105.3349991,210.4720001,57.03039932,30.24679947,191.1629944,74.79139709,25.95120049,0,0,0,1,0.0
393.5499878,3524.280029,46.27180099,784.5759888,387.552002,153.8650055,424.9599915,3646.76001,58.35100174,644.7719727,370.0620117,108.822998,210.3950043,56.2840004,30.31599998,191.7440033,72.79129791,25.84630013,1,0,0,0,0.0
429.4289856,3703.370117,50.86989975,820.6589966,418.6069946,148.5829926,459.5350037,3830.300049,62.77709961,665.940979,400.07901,95.67639923,211.423996,60.57870102,28.78289986,187.5619965,79.5759964,25.7154007,1,0,0,0,0.0
462.5679932,3600.379883,64.5019989,844.7620239,408.1350098,143.3679962,478.7139893,3691.27002,71.95069885,681.1389771,391.3619995,86.2723999,211.4349976,62.63529968,32.33369827,194.6320038,84.78939819,27.56570053,0,1,0,0,0.0
465.8680115,3298.699951,59.97859955,674.0759888,455.9859924,190.0390015,503.822998,3378.080078,74.41639709,529.8800049,449.4809875,143.7039948,202.6069946,47.16619873,27.95210075,191.3600006,61.13479996,22.69079971,0,0,0,1,0.0
447.4079895,3651.060059,55.66009903,832.8330078,417.0509949,152.2389984,469.1400146,3791.540039,66.2947998,676.5809937,399.1109924,90.48590088,211.1459961,60.86510086,32.09809875,190.4160004,82.43389893,27.97599983,1,0,0,0,0.0
463.8980103,3321.199951,58.75400162,672.1640015,454.5360107,187.2189941,501.8340149,3393.179932,73.97019958,532.367981,448.7909851,143.6100006,202.5410004,47.37340164,27.43000031,191.1900024,61.07400131,22.54870033,0,0,0,1,0.0
420.1369934,3593.860107,51.45980072,807.7210083,398.6340027,147.1239929,447.7579956,3689.090088,62.54769897,663.1849976,382.9570007,101.8710022,211.1100006,58.95880127,29.44809914,192.5579987,76.82710266,26.37389946,1,0,0,0,0.0
372.8049927,3430.47998,42.08160019,757.1859741,354.4590149,150.3329926,403.6260071,3532.409912,55.32860184,616.914978,340.9070129,115.7109985,210.0310059,53.43790054,30.90780067,194.8710022,68.97489929,25.57819939,0,0,0,1,0.0
465.5599976,3316.439941,59.3606987,674.5679932,455.651001,188.3419952,503.8989868,3390.300049,74.44509888,533.0250244,449.6799927,143.8179932,202.5529938,47.29570007,27.59770012,191.0540009,61.0931015,22.57699966,1,0,0,0,0.0
552.5219727,3141.709961,91.13929749,796.1409912,485.7789917,233.9759979,597.3590088,3214.620117,101.3420029,554.8870239,467.4580078,168.0090027,207.7070007,43.13339996,35.71060181,197.3739929,57.64810181,26.04100037,0,1,0,0,0.0
546.565979,3087.189941,88.32910156,794.3790283,498.3340149,245.1419983,593.9030151,3203.070068,98.68969727,556.1870117,477.0740051,166.0570068,208.2510071,42.8227005,38.69129944,195.477005,58.26200104,26.41469955,1,0,0,0,0.0
373.70401,3447.540039,42.27479935,759.2470093,360.6489868,150.2389984,404.7609863,3551.110107,55.48559952,623.0269775,346.2869873,115.2099991,210.0910034,54.06629944,30.42849922,194.0350037,69.26509857,25.66049957,0,0,0,1,0.0
556.78302,3089.370117,93.09600067,804.7960205,493.4429932,245.1730042,601.9559937,3159.879883,102.4810028,555.2420044,470.8580017,170.6000061,208.2559967,42.29550171,38.95959854,201.0119934,57.31990051,27.51519966,0,1,0,0,0.0
428.4129944,3630.780029,52.62099838,817.0339966,406.6340027,147.5590057,455.8269958,3737.280029,63.66630173,666.9459839,390.0220032,98.07080078,211.2489929,59.85469818,29.53680038,191.2689972,78.68009949,26.30050087,1,0,0,0,0.0
558.210022,3078.709961,93.8615036,807.4890137,494.1610107,247.9429932,602.9650269,3138.219971,102.9909973,554.6849976,470.0950012,171.9170074,208.4830017,42.03440094,40.04639816,203.7630005,57.082901,28.2621994,0,0,1,0,0.0
466.098999,3304.800049,59.85340118,674.7849731,456.0539856,189.5859985,504.2969971,3382.350098,74.5298996,531.2410278,449.7219849,143.7940063,202.5879974,47.20159912,27.8404007,191.2149963,61.12170029,22.65049934,1,0,0,0,0.0
548.039978,3079.669922,88.90209961,799.4569702,503.4689941,247.9349976,595.151001,3207.780029,99.15820313,556.8579712,481.053009,165.7550049,208.7250061,43.50329971,41.1753006,196.1869965,58.52140045,26.60409927,0,0,0,1,0.0
486.8880005,3332.969971,65.6568985,718.5570068,468.1730042,199.9389954,530.8209839,3394.409912,81.688797,562.4290161,459.8919983,152.1100006,206.6150055,46.24990082,28.5802002,190.4329987,59.83420181,23.1196003,0,0,0,1,0.0
514.3179932,3231.639893,76.23999786,750.8460083,476.7319946,216.8679962,559.598999,3309.090088,89.64849854,558.2109985,463.9779968,158.6109924,207.0800018,44.64970016,31.4428997,192.8470001,58.9905014,24.29030037,1,0,0,0,0.0
440.7019958,3311.689941,52.39749908,633.4899902,435.072998,176.6569977,470.9330139,3380.060059,66.87229919,503.2990112,431.1600037,139.8450012,202.5980072,47.98160172,25.99080086,195.4750061,60.9695015,22.5760994,1,0,0,0,0.0
429.4200134,3278.02002,50.21429825,611.4089966,422.4630127,171.5749969,454.79599,3351.610107,63.26530075,476.0580139,419.0610046,137.4869995,202.7610016,48.12779999,25.37660027,200.1849976,60.98550034,23.01119995,0,0,0,1,0.0
547.1439819,3081.580078,88.48639679,797.5130005,502.3980103,247.1060028,594.4710083,3210.540039,98.82730103,556.6090088,480.4530029,165.4830017,208.5809937,43.35570145,40.43199921,195.3480072,58.52349854,26.42550087,0,1,0,0,0.0
447.4899902,3662.050049,55.06439972,832.6599731,417.6099854,154.3130035,468.6229858,3808.610107,66.03170013,677.4869995,399.2479858,91.00759888,210.9869995,60.35419846,32.81409836,190.7550049,82.31079865,28.88409996,0,1,0,0,0.0
408.598999,3678.409912,49.00690079,809.6409912,418.2659912,150.4669952,444.480011,3791.830078,60.82709885,679.335022,399.1889954,105.0810013,212.5130005,59.19219971,26.91139984,189.9810028,75.59069824,24.31139946,1,0,0,0,0.0
428.7200012,3255.370117,50.32770157,606.4819946,417.7630005,168.4600067,453.1650085,3332.0,62.97890091,458.7829895,414.2789917,136.8419952,202.9409943,48.06779861,25.17090034,204.7310028,60.99200058,23.65730095,1,0,0,0,0.0
437.8370056,3308.100098,51.51779938,627.5579834,426.6369934,173.7850037,466.9339905,3376.379883,66.03530121,492.8469849,424.0740051,139.0180054,202.6260071,48.17789841,25.4552002,197.1230011,60.96910095,22.48019981,0,0,0,1,0.0
428.8609924,3699.340088,50.86830139,820.2969971,418.0639954,148.6000061,459.0299988,3824.600098,62.75559998,666.3140259,399.5780029,96.05729675,211.4279938,60.51699829,28.77129936,187.8639984,79.42420197,25.71660042,1,0,0,0,0.0
503.6300049,3426.419922,75.01519775,852.9030151,443.144989,182.2819977,523.2130127,3517.199951,84.59649658,635.8599854,422.4309998,118.3099976,226.7810059,56.54610062,35.79190063,198.2140045,75.07420349,27.84860039,0,1,0,0,0.0
418.1019897,3717.870117,49.37139893,817.5689697,424.0339966,149.9369965,453.0910034,3834.649902,61.66439819,673.0219727,402.7770081,99.72540283,212.6589966,60.54520035,27.52840042,188.8090057,77.85700226,24.69930077,1,0,0,0,0.0
459.980011,3410.570068,55.2057991,668.53302,452.3710022,174.9869995,498.8059998,3454.179932,73.10579681,547.1140137,449.151001,143.6940002,202.2460022,48.36500168,26.00909996,189.9129944,60.75180054,21.89310074,1,0,0,0,0.0
457.1830139,3594.679932,63.46009827,838.2260132,402.848999,143.8179932,474.2070007,3680.330078,71.18659973,673.6290283,386.9930115,89.57589722,211.2960052,61.3451004,31.18849945,193.9940033,83.22889709,27.08139992,0,1,0,0,0.0
447.5939941,3665.659912,54.99769974,832.7000122,417.4649963,154.7489929,468.5090027,3812.469971,66.02230072,677.7420044,398.9400024,91.23600006,210.9309998,60.18769836,33.0788002,191.1000061,82.26409912,29.24869919,1,0,0,0,0.0
428.4110107,3605.100098,53.53509903,815.3319702,401.8269958,146.7949982,454.3789978,3702.76001,64.1411972,666.15802,385.855011,98.71559906,211.1779938,59.62409973,29.81609917,192.4329987,78.41770172,26.50270081,1,0,0,0,0.0
408.0559998,3584.780029,48.67760086,801.6170044,400.1440125,153.3699951,440.9450073,3705.810059,60.3647995,654.8220215,382.5870056,105.0759964,210.5639954,57.44580078,29.33270073,190.3869934,74.97429657,25.62829971,0,0,0,1,0.0
391.1220093,3524.790039,45.67549896,781.7999878,384.8309937,152.4109955,423.2260132,3641.300049,58.02280045,642.7540283,368.0249939,109.7330017,210.3860016,56.14839935,29.83869934,191.7319946,72.34320068,25.67860031,1,0,0,0,0.0
517.1119995,3199.649902,76.0664978,755.3460083,487.8850098,224.5119934,566.6820068,3307.689941,89.92620087,570.1950073,474.8869934,158.7929993,206.7859955,43.58560181,29.76099968,187.5800018,59.20690155,23.57060051,1,0,0,0,0.0
392.7420044,3524.469971,46.06940079,783.6970215,386.868988,153.5220032,424.3280029,3645.659912,58.23020172,644.2210083,369.5169983,109.0670013,210.3930054,56.2478981,30.21339989,191.7369995,72.6631012,25.80660057,1,0,0,0,0.0
431.0939941,3288.47998,50.51440048,616.1329956,428.3739929,173.8529968,457.4930115,3360.610107,63.80369949,487.1960144,424.3670044,138.1470032,202.6889954,48.04579926,25.69860077,197.9790039,60.97539902,22.86020088,0,0,0,1,0.0
515.3150024,3229.540039,76.30069733,752.5640259,479.1860046,218.1459961,561.5230103,3310.909912,89.86090088,561.223999,466.3699951,158.7579956,207.0449982,44.49840164,31.2859993,191.973999,59.02310181,24.20630074,1,0,0,0,0.0
390.9440002,3525.120117,45.6427002,781.4530029,383.8919983,151.7579956,423.3340149,3638.51001,58.04169846,642.2750244,367.4830017,110.0149994,210.3809967,56.11429977,29.57349968,191.7259979,72.23470306,25.60440063,0,0,1,0,0.0
375.553009,3475.439941,42.63249969,763.3120117,369.6789856,150.9230042,407.0409851,3586.540039,55.73339844,630.0499878,353.7839966,113.939003,210.227005,54.89690018,30.22850037,192.9089966,69.92459869,25.62319946,0,0,1,0,0.0
375.5509949,3476.580078,42.63040161,763.4169922,370.071991,150.9859924,407.0499878,3588.149902,55.72809982,630.3400269,354.0920105,113.8880005,210.2319946,54.9280014,30.23699951,192.8679962,69.94789886,25.6243,0,1,0,0,0.0
398.7000122,3400.379883,46.72639847,685.4089966,394.9190063,160.7489929,427.7359924,3493.840088,59.13610077,568.5230103,383.8980103,126.5859985,214.1959991,51.6332016,27.66889954,198.9299927,65.21459961,23.76510048,0,0,1,0,0.0
407.82901,3601.919922,48.54919815,802.401001,402.3139954,152.4750061,441.6149902,3720.199951,60.35279846,656.8029785,384.7049866,105.1100006,210.6390076,57.68899918,28.80279922,190.0169983,75.00879669,25.40049934,0,0,0,1,0.0
514.9060059,3228.48999,76.71430206,751.1170044,475.3760071,216.7290039,559.5449829,3304.0,89.87670135,555.8930054,462.4599915,158.8079987,207.1210022,44.68130112,31.66500092,193.5370026,58.92699814,24.39439964,1,0,0,0,0.0
433.2099915,3288.919922,51.30670166,621.5,436.5150146,177.9049988,460.631012,3363.139893,64.4285965,498.6570129,431.2099915,138.9120026,202.6640015,47.83179855,26.38389969,195.8919983,60.99110031,22.86319923,0,0,1,0,0.0
446.0090027,3627.149902,57.74980164,831.3549805,409.4790039,146.6170044,468.0899963,3734.379883,67.38310242,673.4749756,392.6579895,91.72619629,211.3139954,61.14500046,30.93149948,192.121994,81.89779663,26.96209908,1,0,0,0,0.0
459.9689941,3603.580078,63.83679962,841.6259766,405.9869995,143.7200012,476.7879944,3693.22998,71.50920105,676.7709961,389.6879883,87.90299988,211.3609924,61.91970062,31.59569931,193.9349976,84.01290131,27.23340034,0,1,0,0,0.0
388.6619873,3490.889893,45.49819946,775.8569946,373.1749878,148.5200043,421.3049927,3588.110107,58.04199982,635.5440063,359.7330017,112.2419968,210.1909943,55.53440094,28.54579926,192.1829987,71.21350098,25.55330086,0,0,0,1,0.0
447.5249939,3650.909912,55.63259888,832.940979,417.2070007,152.5859985,469.151001,3792.379883,66.29060364,676.8200073,399.1950073,90.50589752,211.1320038,60.81760025,32.1969986,190.4799957,82.44029999,28.07159996,1,0,0,0,0.0
466.2049866,3291.679932,60.29999924,674.1879883,456.2600098,190.7799988,504.0559998,3373.320068,74.46690369,528.8330078,449.5310059,143.6829987,202.628006,47.11389923,28.11459923,191.4519958,61.1534996,22.73590088,0,0,0,1,0.0
408.5150146,3543.530029,49.40280151,800.4840088,396.4460144,155.8099976,439.1159973,3671.77002,60.58800125,652.0999756,378.5509949,105.2289963,210.4570007,56.96049881,30.51799965,191.3679962,74.84960175,26.04059982,1,0,0,0,0.0
373.2489929,3437.01001,42.17470169,758.0139771,356.980011,150.2429962,404.1560059,3538.030029,55.40599823,619.9219971,343.2179871,115.5849991,210.0379944,53.6678009,30.6359005,194.6170044,69.06829834,25.6602993,0,0,0,1,0.0
440.1409912,3312.73999,52.14849854,632.3060303,432.9100037,175.7339935,470.1889954,3380.5,66.72000122,501.0750122,429.4150085,139.6699982,202.5970001,48.04710007,25.82040024,195.8329926,60.96369934,22.53019905,1,0,0,0,0.0
374.4140015,3460.659912,42.41790009,760.9819946,364.9169922,150.4450073,405.6809998,3567.75,55.58850098,626.3460083,349.8200073,114.6640015,210.1589966,54.48500061,30.28739929,193.4389954,69.54930115,25.63299942,0,0,0,1,0.0
374.4570007,3488.110107,45.88890076,710.4370117,376.7160034,154.2590027,431.7780151,3579.320068,60.95970154,582.6660156,373.381012,109.7559967,206.0189972,54.86249924,26.71290016,187.7720032,70.89459991,23.38599968,0,0,1,0,0.0
407.9719849,3342.709961,47.0469017,658.2479858,408.1889954,168.121994,436.3670044,3428.72998,61.24399948,528.8099976,399.5929871,129.7050018,198.0670013,49.22129822,27.4810009,194.1519928,63.92599869,23.03109932,0,0,1,0,0.0
391.2009888,3525.790039,45.6867981,781.8129883,384.427002,152.0090027,423.5010071,3640.389893,58.0605011,642.5939941,367.8599854,109.8550034,210.3849945,56.14279938,29.66530037,191.7109985,72.30570221,25.63050079,1,0,0,0,0.0
373.9330139,3450.97998,42.32239914,759.7319946,361.7850037,150.2680054,405.04599,3555.350098,55.52190018,623.947998,347.2430115,115.0690002,210.1089935,54.18199921,30.37630081,193.8699951,69.34059906,25.65519905,0,0,0,1,0.0
430.6340027,3287.699951,50.44670105,615.5319824,428.9830017,174.0659943,456.8930054,3360.070068,63.65269852,487.6749878,424.8169861,138.1260071,202.6889954,48.02859879,25.74790001,197.8630066,60.97510147,22.87639999,0,0,0,1,0.0
407.2369995,3653.179932,48.75749969,806.8510132,412.5889893,151.1829987,443.348999,3766.26001,60.55450058,670.0040283,394.0159912,105.7910004,210.9989929,58.45249939,27.28300095,189.5010071,75.02500153,24.56159973,0,0,0,1,0.0
428.9899902,3612.709961,53.4151001,816.348999,403.3630066,146.9940033,455.2529907,3713.060059,64.11470032,666.6049805,387.2030029,98.31590271,211.201004,59.73389816,29.77190018,192.1159973,78.6026001,26.4605999,1,0,0,0,0.0
429.1530151,3275.719971,50.18579865,610.6119995,421.6870117,171.246994,454.355011,3349.679932,63.1753006,474.1730042,418.3240051,137.3840027,202.776001,48.13249969,25.34269905,200.5970001,60.98740005,23.05590057,0,0,0,1,0.0
542.0620117,3151.209961,86.86489868,784.4370117,486.3049927,232.1829987,588.0570068,3233.600098,97.91329956,557.2020264,468.9179993,165.4320068,207.5749969,43.28739929,34.79990005,195.5579987,58.07659912,25.62280083,0,1,0,0,0.0
420.5509949,3601.060059,51.34640121,808.6530151,400.0490112,147.3029938,448.5400085,3698.610107,62.52330017,663.5390015,384.2019958,101.5820007,211.1349945,59.04629898,29.36020088,192.2539978,76.96710205,26.30719948,1,0,0,0,0.0
428.9920044,3608.620117,53.57139969,816.0629883,402.5820007,146.8630066,455.0100098,3707.47998,64.19660187,666.4650269,386.5220032,98.4213028,211.1900024,59.69660187,29.81459999,192.3000031,78.55940247,26.49160004,0,0,0,1,0.0
461.2179871,3604.47998,64.09200287,843.0960083,407.17099,143.6239929,477.7820129,3695.370117,71.69210052,678.5360107,390.6560059,87.1384964,211.3919983,62.21820068,31.87890053,194.0939941,84.37339783,27.3567009,0,1,0,0,0.0
418.1830139,3700.139893,49.49729919,815.5040283,419.5150146,149.4830017,452.4060059,3817.679932,61.66770172,669.5369873,399.5150146,99.75389862,212.4640045,60.21829987,27.83790016,188.8119965,77.77220154,24.90950012,1,0,0,0,0.0
550.4169922,3153.580078,90.36090088,792.9990234,483.5100098,231.3829956,594.8660278,3225.23999,100.7570038,553.8959961,465.980011,167.3119965,207.6329956,43.35739899,35.1780014,197.1260071,57.72389984,25.8246994,0,1,0,0,0.0
487.5580139,3302.98999,66.65519714,718.1329956,465.446991,202.1880035,530.3250122,3368.51001,81.82099915,554.632019,456.2879944,152.4589996,206.7559967,46.0530014,29.20540047,192.0700073,59.71500015,23.41589928,1,0,0,0,0.0
373.7980042,3456.060059,42.29359818,760.0469971,363.4630127,150.3800049,404.9779968,3562.52002,55.49399948,625.0980225,348.5360107,114.8939972,210.1399994,54.35150146,30.35549927,193.6060028,69.41870117,25.63489914,0,0,0,1,0.0
434.7210083,3286.820068,51.84030151,624.3179932,439.0360107,179.5169983,462.6679993,3362.560059,64.87680054,501.9129944,433.32901,139.2230072,202.6660004,47.74409866,26.65379906,195.3220062,61.00600052,22.8743,0,0,0,1,0.0
466.3450012,3292.840088,60.29999924,674.473999,456.3179932,190.7259979,504.2739868,3374.149902,74.51809692,529.1589966,449.618988,143.7140045,202.6239929,47.11830139,28.0958004,191.4149933,61.15129852,22.72780037,1,0,0,0,0.0
388.3649902,3467.120117,45.51739883,773.2319946,367.0469971,147.0,420.7369995,3561.590088,58.13230133,630.6550293,355.1019897,112.8759995,210.0469971,55.38729858,28.36050034,192.1699982,70.82939911,25.77709961,0,0,0,1,0.0
519.8410034,3068.350098,76.72669983,752.5620117,498.5409851,239.7400055,572.4169922,3247.610107,89.98110199,570.3120117,485.3720093,158.7109985,206.3170013,41.51800156,26.12739944,183.7480011,59.47480011,22.47590065,1,0,0,0,0.0
445.1080017,3622.570068,57.78680038,830.3380127,408.118988,146.3029938,467.2470093,3726.5,67.36389923,672.7490234,391.4819946,92.26760101,211.3029938,61.01750183,30.81310081,192.3320007,81.65119934,26.90509987,1,0,0,0,0.0
545.6599731,3104.51001,88.08200073,790.9589844,493.7789917,241.2019958,592.7960205,3205.169922,98.58309937,557.0250244,473.7770081,166.3509979,207.9140015,42.66389847,36.8030014,195.5659943,58.07149887,26.19860077,0,1,0,0,0.0
408.4190063,3557.090088,49.10620117,800.8259888,397.5069885,154.9960022,439.7990112,3682.909912,60.4897995,652.8070068,379.7789917,105.1399994,210.4839935,57.10760117,30.14559937,191.0460052,74.90260315,25.92469978,1,0,0,0,0.0
494.3259888,3451.439941,74.53549957,840.8510132,432.322998,175.7409973,516.2600098,3523.879883,82.90070343,642.8770142,411.5830078,120.0940018,219.4799957,56.4654007,34.92160034,201.4889984,74.14859772,28.9470005,0,1,0,0,0.0
467.2090149,3277.5,61.07460022,674.8380127,456.9760132,192.3580017,504.9049988,3363.780029,74.66030121,526.9349976,449.776001,143.6649933,202.6710052,47.00920105,28.47800064,191.6080017,61.1957016,22.82679939,1,0,0,0,0.0
546.4249878,3097.870117,88.3859024,792.4699707,494.9719849,242.6349945,593.5529785,3200.949951,98.78160095,556.6380005,474.4530029,166.526001,208.0149994,42.63819885,37.38980103,195.8470001,58.07260132,26.34560013,0,0,0,1,0.0
445.6830139,3292.840088,54.60850143,642.0930176,445.0750122,183.1799927,477.2349854,3369.409912,68.25119781,512.3829956,439.1210022,140.8269958,202.6410065,47.55649948,27.11800003,193.8280029,61.04729843,22.78930092,1,0,0,0,0.0
420.1919861,3622.969971,50.66820145,810.1010132,404.1390076,147.8789978,449.6149902,3726.899902,62.17679977,664.2839966,387.7090149,101.3099976,211.2140045,59.21780014,28.97970009,191.2899933,77.08820343,26.04150009,0,0,0,1,0.0
513.190979,3230.070068,76.39409637,748.5449829,473.07901,215.5010071,556.9609985,3303.310059,89.42169952,553.1749878,460.2820129,158.473999,207.1329956,44.81209946,31.67219925,194.1190033,58.92810059,24.41609955,0,0,0,1,0.0
428.8510132,3618.320068,53.16749954,816.6119995,404.3999939,147.177002,455.473999,3720.659912,63.97779846,666.7390137,388.1029968,98.22190094,211.2160034,59.77489853,29.7038002,191.8560028,78.63600159,26.41360092,1,0,0,0,0.0
461.6650085,3368.120117,56.88729858,670.5020142,452.6610107,181.5019989,499.9460144,3425.22998,73.53739929,539.0910034,448.3859863,143.5709991,202.404007,47.84609985,26.60070038,190.6100006,60.9557991,22.24209976,1,0,0,0,0.0
442.2929993,3304.530029,53.19720078,636.5529785,440.0759888,179.4859924,472.95401,3376.040039,67.29679871,507.9119873,435.1229858,140.2539978,202.6130066,47.78950119,26.48769951,194.6609955,60.99829865,22.6916008,0,1,0,0,0.0
388.7539978,3488.439941,45.53649902,775.6820068,372.5440063,148.2910004,421.394989,3585.040039,58.07860184,635.0339966,359.3039856,112.3069992,210.1759949,55.52799988,28.48089981,192.1529999,71.18370056,25.56069946,0,0,0,1,0.0
432.5559998,3290.179932,51.03440094,620.0410156,434.5299988,176.75,459.7120056,3363.419922,64.2385025,496.0960083,429.5669861,138.720993,202.6649933,47.89500046,26.18639946,196.3560028,60.98300171,22.85269928,0,0,0,1,0.0
429.0429993,3643.030029,52.40100098,818.2080078,408.9150085,147.8329926,456.8659973,3753.459961,63.58610153,667.3850098,391.9859924,97.53230286,211.2830048,60.00510025,29.45299911,190.720993,78.91480255,26.22839928,1,0,0,0,0.0
445.8729858,3623.199951,57.96910095,831.0289917,408.4689941,146.3170013,467.8190002,3727.669922,67.50270081,673.1370239,391.7850037,91.95400238,211.3079987,61.08940125,30.88220024,192.3320007,81.80639648,26.93659973,1,0,0,0,0.0
555.1560059,3112.639893,92.24389648,800.9959717,490.4100037,240.0169983,600.492981,3187.73999,102.0110016,555.776001,470.0140076,169.2799988,207.9389954,42.65299988,37.19540024,198.5189972,57.50669861,26.66710091,0,1,0,0,0.0
407.6380005,3617.929932,48.5265007,803.440979,404.8630066,151.7960052,442.2290039,3733.889893,60.38610077,659.5040283,387.0690002,105.2109985,210.7299957,57.93610001,28.30290031,189.7400055,75.03410339,25.1576004,0,0,0,1,0.0
461.0780029,3391.52002,56.12979889,670.2039795,452.4840088,178.4889984,499.6820068,3441.320068,73.43569946,543.3649902,448.8210144,143.6300049,202.3300018,48.10509872,26.2901001,190.1990051,60.88040161,22.08279991,1,0,0,0,0.0
515.7410278,3226.159912,76.08809662,753.632019,482.1889954,219.6940002,563.1199951,3314.100098,89.85900116,565.0390015,469.3909912,158.7310028,206.970993,44.28879929,30.88979912,190.5930023,59.09680176,24.0230999,0,0,0,1,0.0
428.678009,3268.0,50.18330002,608.5830078,419.4360046,170.2050018,453.447998,3343.22998,63.00400162,468.052002,416.1440125,137.1080017,202.8350067,48.13570023,25.25329971,202.0709991,60.99219894,23.23320007,0,0,0,1,0.0
517.2059937,3204.879883,76.19039917,755.5449829,486.9819946,223.7189941,566.3939819,3308.860107,90.01580048,569.3369751,473.9599915,158.8580017,206.8350067,43.7220993,30.06819916,188.1950073,59.17850113,23.68610001,1,0,0,0,0.0
526.3309937,3289.969971,82.93659973,830.3510132,464.8999939,205.147995,553.1859741,3366.399902,92.90229797,611.9569702,444.0509949,137.8990021,210.7610016,50.43479919,35.33100128,198.0119934,68.4917984,26.87330055,0,1,0,0,0.0
419.6860046,3625.379883,50.49060059,809.9069824,404.5440063,147.9649963,449.3959961,3729.889893,62.0591011,664.2700195,388.0369873,101.4639969,211.223999,59.20669937,28.89559937,191.1699982,77.01270294,25.98880005,1,0,0,0,0.0
515.8839722,3227.610107,76.61009979,753.085022,478.7279968,218.2279968,561.848999,3308.040039,90.05280304,560.2540283,465.79599,158.9199982,207.0700073,44.50230026,31.43320084,192.3190002,58.98600006,24.27099991,0,0,0,1,0.0
438.0799866,3276.649902,53.21469879,630.0230103,443.9410095,183.2350006,467.006012,3357.350098,65.83959961,507.1419983,437.3299866,139.8070068,202.6880035,47.5359993,27.31550026,194.3589935,61.0530014,22.93040085,0,0,0,1,0.0
429.3500061,3641.449951,52.52870178,818.3640137,408.6809998,147.7819977,457.0069885,3751.449951,63.67070007,667.4509888,391.7940063,97.45639801,211.279007,60.01240158,29.49580002,190.8040009,78.95680237,26.25399971,1,0,0,0,0.0
463.5650024,3589.639893,65.03299713,846.2369995,408.1340027,142.5140076,479.2810059,3676.76001,72.24720001,684.2390137,391.2030029,85.51300049,211.5010071,63.17639923,32.86320114,195.7420044,85.16329956,27.80419922,0,1,0,0,0.0
443.5,3300.159912,53.71609879,638.6090088,442.2210083,180.9700012,474.4869995,3373.580078,67.63490295,509.8869934,436.8370056,140.4799957,202.6230011,47.69449997,26.73970032,194.2980042,61.01649857,22.73410034,0,0,1,0,0.0
418.5419922,3723.219971,49.36729813,818.3209839,425.2160034,149.9929962,453.6149902,3840.100098,61.70040131,673.3330078,403.5979919,99.45980072,212.7059937,60.67520142,27.49169922,188.7310028,77.98259735,24.66970062,1,0,0,0,0.0
416.6340027,3367.25,53.29660034,650.1290283,414.631012,168.8419952,465.0820007,3433.080078,66.67009735,548.335022,406.9679871,134.5379944,193.9660034,49.29800034,25.09519958,187.3359985,63.99599838,21.96220016,0,1,0,0,0.0
391.7640076,3526.139893,45.80289841,782.5549927,385.4960022,152.6040039,423.8129883,3643.47998,58.1086998,643.2509766,368.5889893,109.5210037,210.3910065,56.19380188,29.8852005,191.701004,72.45400238,25.69750023,0,0,1,0,0.0
429.7430115,3727.719971,50.37400055,820.9500122,421.7640076,148.3399963,460.5639954,3860.840088,62.48970032,662.3339844,402.6229858,94.58059692,211.4429932,60.84780121,28.48740005,185.8329926,79.91919708,25.44659996,1,0,0,0,0.0
428.3359985,3593.97998,53.97439957,814.3980103,399.6480103,146.423996,453.5830078,3687.429932,64.36239624,665.7210083,383.9339905,99.03749847,211.1470032,59.51449966,29.93050003,192.9250031,78.27980042,26.58690071,1,0,0,0,0.0
443.4230042,3603.120117,58.3614006,827.5839844,403.3680115,145.4429932,464.9670105,3696.879883,67.60449982,670.6950073,387.3429871,93.67160034,211.2480011,60.62049866,30.64049911,193.147995,81.03209686,26.85420036,1,0,0,0,0.0
558.7730103,3081.320068,94.06400299,807.7630005,493.8210144,247.2299957,603.5079956,3142.22998,103.1819992,554.7479858,470.1019897,171.8209991,208.4170074,42.0882988,39.77330017,203.1239929,57.09949875,28.0802002,0,0,1,0,0.0
372.9559937,3428.469971,42.11249924,757.177002,353.5849915,150.3659973,403.7789917,3529.879883,55.35150146,616.0410156,340.2000122,115.7300034,210.026001,53.34159851,30.97400093,195.0059967,68.96800232,25.55470085,0,0,0,1,0.0
485.6340027,3511.76001,63.22880173,720.2910156,479.3299866,188.5659943,530.6140137,3539.0,81.88140106,602.9039917,474.5509949,151.0059967,206.375,47.69469833,26.8987999,184.8000031,60.4659996,22.26070023,1,0,0,0,0.0
428.2290039,3599.76001,53.69520187,814.776001,400.7680054,146.6320038,453.9039917,3695.449951,64.21209717,665.9069824,384.9230042,98.91840363,211.1620026,59.56209946,29.8628006,192.6640015,78.32679749,26.53960037,1,0,0,0,0.0
546.2890015,3173.23999,89.06719971,786.5910034,478.1809998,226.4589996,589.3499756,3241.790039,99.63110352,550.1190186,461.9599915,166.0220032,207.5279999,43.79610062,34.31819916,197.1309967,57.83570099,25.49250031,0,0,0,1,0.0
537.6820068,3180.399902,85.59829712,777.5040283,479.3150024,225.5339966,581.8170166,3253.139893,96.87049866,552.9749756,463.5620117,164.1909943,207.451004,43.8891983,33.87200165,196.0780029,58.14490128,25.29649925,1,0,0,0,0.0
555.2180176,3116.030029,92.25489807,800.8179932,489.8779907,239.3179932,600.4940186,3190.689941,102.0530014,555.7290039,469.7319946,169.2079926,207.9069977,42.70339966,37.00899887,198.3679962,57.51150131,26.58869934,0,1,0,0,0.0
461.6640015,3388.379883,56.40010071,671.1309814,452.9979858,179.2449951,500.3649902,3439.320068,73.60900116,543.3790283,449.1860046,143.6990051,202.3410034,48.0483017,26.36840057,190.1690063,60.89960098,22.11689949,0,0,0,1,0.0
558.5419922,3068.379883,94.1977005,808.8870239,493.7529907,251.2089996,602.8850098,3107.01001,103.1490021,553.9520264,467.7569885,173.8159943,208.802002,41.50149918,41.10620117,208.7830048,56.68370056,29.53190041,0,0,1,0,0.0
513.3930054,3231.889893,76.2071991,749.2150269,474.5639954,215.9049988,557.8200073,3306.679932,89.43720245,555.3859863,461.8349915,158.4669952,207.1069946,44.76089859,31.55330086,193.5650024,58.96360016,24.35379982,0,0,0,1,0.0
536.6719971,3185.73999,85.45259857,775.6010132,476.8959961,223.826004,579.9619751,3256.23999,96.64350128,550.6879883,461.4849854,163.8910065,207.4329987,44.04809952,33.68399811,196.404007,58.14519882,25.23530006,1,0,0,0,0.0
541.8770142,3153.780029,86.8164978,784.0930176,485.802002,231.6609955,587.7490234,3235.149902,97.88469696,556.9959717,468.5469971,165.375,207.5639954,43.33319855,34.72650146,195.6029968,58.07659912,25.59869957,0,1,0,0,0.0
435.9630127,3295.939941,51.08409882,622.3099976,405.6679993,171.5469971,463.769989,3370.379883,65.60919952,471.5639954,406.2210083,137.6000061,202.8540039,48.63130188,24.8307991,201.4100037,61.05720139,22.26919937,0,0,0,1,0.0
387.7789917,3452.0,45.37509918,771.3690186,363.0350037,146.3829956,419.8169861,3548.25,58.09749985,628.5020142,351.9150085,113.2740021,209.951004,55.28710175,28.5897007,192.4230042,70.49349976,26.17709923,0,0,0,1,0.0
447.0629883,3647.340088,56.15859985,832.6669922,415.6430054,150.2109985,469.2030029,3779.02002,66.53250122,675.5620117,398.0,90.48799896,211.2350006,61.13349915,31.62529945,190.6029968,82.39649963,27.50390053,1,0,0,0,0.0
453.8989868,3509.780029,60.55329895,806.0120239,452.2269897,181.4230042,500.0499878,3627.860107,74.79820251,646.0079956,439.105011,123.2939987,207.1829987,53.77959824,27.71120071,183.5559998,72.91410065,23.48329926,1,0,0,0,0.0
418.2120056,3674.959961,49.72769928,813.059021,413.7680054,148.9909973,451.2890015,3792.159912,61.7322998,665.8430176,395.0809937,99.88289642,212.2720032,59.85589981,28.29560089,189.1779938,77.6434021,25.2010994,1,0,0,0,0.0
420.2650146,3636.52002,50.40800095,811.2009888,406.7219849,148.1569977,450.401001,3743.679932,62.06140137,664.9840088,389.875,101.0490036,211.2709961,59.35860062,28.76910019,190.7489929,77.21160126,25.88330078,1,0,0,0,0.0
376.1809998,3480.830078,42.75159836,764.3770142,371.4750061,151.1649933,407.7349854,3593.429932,55.81380081,631.4749756,355.2980042,113.6220016,210.2489929,55.04100037,30.22920036,192.7429962,70.09010315,25.63069916,0,0,1,0,0.0
488.9649963,3271.219971,68.24780273,718.5579834,462.5939941,204.7929993,529.9959717,3339.530029,82.22260284,546.4810181,452.2460022,153.0789948,206.9179993,45.8443985,30.02160072,194.0010071,59.5469017,23.79700089,1,0,0,0,0.0
461.4119873,3603.800049,64.04620361,843.5739746,407.8880005,143.6809998,477.9649963,3695.810059,71.65670013,679.6810303,391.2149963,86.83509827,211.4100037,62.38610077,32.07910156,194.246994,84.50800323,27.45059967,0,1,0,0,0.0
428.3770142,3627.389893,52.72119904,816.802002,406.0109863,147.4689941,455.6270142,3732.800049,63.71689987,666.8469849,389.4859924,98.167099,211.2400055,59.82239914,29.57159996,191.4230042,78.64050293,26.32629967,1,0,0,0,0.0
407.4689941,3648.570068,48.71229935,806.4329834,411.3819885,151.2109985,443.3789978,3761.899902,60.54019928,667.9240112,392.901001,105.5830002,210.9579926,58.40390015,27.43899918,189.4889984,75.07129669,24.66220093,1,0,0,0,0.0
375.0369873,3467.840088,42.53889847,762.164978,367.2049866,150.6300049,406.4219971,3576.679932,55.67440033,628.1500244,351.7470093,114.3170013,210.1920013,54.68920135,30.23600006,193.1719971,69.73300171,25.62459946,0,0,0,1,0.0
407.8710022,3567.320068,48.82569885,800.6500244,398.1640015,154.2749939,439.8829956,3690.969971,60.36869812,653.2600098,380.5559998,105.2109985,210.5090027,57.21250153,29.82130051,190.7980042,74.87310028,25.81030083,1,0,0,0,0.0
448.29599,3276.719971,55.96659851,645.8140259,448.6130066,186.529007,480.3049927,3359.52002,68.93479919,514.2180176,441.769989,141.1640015,202.6840057,47.35100174,27.75600052,193.3670044,61.10449982,22.89410019,1,0,0,0,0.0
417.9400024,3647.969971,50.03170013,810.6719971,408.1210022,148.5460052,449.756012,3763.320068,61.84460068,662.7509766,390.4169922,100.1539993,212.1309967,59.54109955,28.79710007,189.8650055,77.46430206,25.48390007,1,0,0,0,0.0
417.4979858,3360.139893,48.41379929,670.052002,407.2669983,166.9490051,445.2109985,3427.399902,62.5945015,556.6450195,401.5939941,134.7899933,194.8090057,48.67449951,26.6772995,197.0090027,61.5326004,24.38680077,0,0,1,0,0.0
542.0020142,3146.320068,86.78579712,784.6290283,487.3169861,233.1580048,588.2880249,3231.360107,97.82640076,557.6450195,469.7099915,165.4279938,207.5919952,43.2010994,34.90129852,195.3690033,58.09590149,25.64870071,0,1,0,0,0.0
436.8049927,3280.429932,52.70190048,627.9630127,442.4020081,181.9949951,465.381012,3359.360107,65.47460175,505.5929871,436.0759888,139.6089935,202.6790009,47.6053009,27.09149933,194.6459961,61.03549957,22.91080093,0,0,0,1,0.0
429.7349854,3282.699951,50.24760056,612.8790283,425.1679993,172.5429993,455.4339905,3355.540039,63.36940002,481.07901,421.4719849,137.7350006,202.723999,48.09280014,25.51329994,199.125,60.97949982,22.9382,0,0,0,1,0.0
407.8640137,3565.179932,48.85300064,800.559021,397.9549866,154.3950043,439.7619934,3689.189941,60.37440109,653.1030273,380.3309937,105.223999,210.503006,57.18619919,29.88209915,190.848999,74.86299896,25.8314991,0,0,0,1,0.0
544.7529907,3119.280029,87.77500153,788.9949951,491.3959961,238.3240051,591.6450195,3213.120117,98.44280243,557.5999756,472.2770081,166.1840057,207.7709961,42.80530167,35.98410034,195.5090027,58.04719925,25.99920082,0,1,0,0,0.0
419.6960144,3603.399902,51.03099823,808.1640015,400.3850098,147.4360046,448.0899963,3701.830078,62.31259918,663.3430176,384.4819946,101.8470001,211.1399994,59.0060997,29.25959969,192.1069946,76.83209991,26.25049973,0,0,0,1,0.0
442.6610107,3308.909912,53.12129974,637.1209717,439.1919861,178.802002,473.5190125,3379.0,67.438797,507.8429871,434.5490112,140.279007,202.6009979,47.84209824,26.35390091,194.7259979,60.98839951,22.64220047,1,0,0,0,0.0
515.9920044,3222.209961,76.00830078,754.1229858,483.7770081,220.7189941,563.9829712,3314.550049,89.85420227,566.8579712,470.9679871,158.7189941,206.9250031,44.14310074,30.62560081,189.7929993,59.1344986,23.90850067,1,0,0,0,0.0
445.29599,3617.26001,58.16189957,830.177002,406.9119873,145.9660034,467.1180115,3718.040039,67.58560181,672.4530029,390.4379883,92.4265976,211.2940063,60.96530151,30.79599953,192.6040039,81.59989929,26.89940071,1,0,0,0,0.0
419.9100037,3606.98999,50.9905014,808.6240234,401.0899963,147.5149994,448.4689941,3706.48999,62.30830002,663.539978,385.0960083,101.7020035,211.154007,59.05179977,29.21649933,191.9589996,76.90209961,26.21680069,1,0,0,0,0.0
535.7199707,3188.360107,85.2256012,774.1370239,475.6669922,222.9409943,578.5819702,3258.080078,96.38559723,549.526001,460.4339905,163.6439972,207.4230042,44.13079834,33.57080078,196.5310059,58.15950012,25.19669914,1,0,0,0,0.0
428.506012,3620.060059,53.00770187,816.4450073,404.6749878,147.253006,455.3259888,3723.01001,63.87350082,666.6820068,388.3359985,98.30210114,211.2200012,59.7663002,29.66110039,191.7619934,78.59100342,26.38879967,1,0,0,0,0.0
392.0150146,3526.050049,45.86289978,782.8579712,385.8699951,152.8209991,423.9639893,3644.340088,58.13679886,643.5040283,368.8500061,109.4000015,210.3919983,56.21080017,29.96269989,191.7030029,72.50969696,25.7227993,1,0,0,0,0.0
515.0650024,3229.25,76.57060242,751.6539917,476.6679993,217.1699982,560.2479858,3306.47998,89.88030243,557.7280273,463.7900085,158.798996,207.0980072,44.62599945,31.55369949,193.0359955,58.95840073,24.33720016,0,0,0,1,0.0
538.3690186,3175.669922,85.72350311,778.7750244,480.9670105,226.822998,583.0360107,3250.350098,97.01670074,554.3649902,464.9370117,164.3970032,207.4660034,43.7696991,34.01620102,195.8639984,58.14400101,25.34429932,1,0,0,0,0.0
444.2260132,3607.449951,58.38439941,828.5880127,404.4559937,145.5559998,465.8070068,3703.120117,67.6588974,671.2990112,388.2990112,93.21959686,211.2640076,60.74250031,30.69079971,192.9989929,81.24459839,26.86669922,1,0,0,0,0.0
390.2829895,3516.409912,45.66429901,779.7650146,380.0740051,150.0469971,423.118988,3621.040039,58.12329865,640.3120117,364.993988,111.0049973,210.3309937,55.92710114,28.89550018,191.8410034,71.83129883,25.46920013,0,0,0,1,0.0
462.4920044,3600.72998,64.47080231,844.6749878,408.1170044,143.3950043,478.6659851,3691.719971,71.93099976,681.0100098,391.3529968,86.31459808,211.4329987,62.61360168,32.31100082,194.5939941,84.7684021,27.55529976,0,1,0,0,0.0
444.4370117,3612.629883,58.16199875,829.1409912,405.6749878,145.7830048,466.2569885,3710.929932,67.54440308,671.7750244,389.3609924,92.92949677,211.279007,60.83390045,30.71829987,192.7799988,81.36720276,26.87059975,1,0,0,0,0.0
408.9809875,3728.23999,49.5182991,816.7319946,434.2600098,153.3470001,445.6149902,3854.51001,60.9701004,706.1279907,413.9140015,106.2399979,212.75,59.11600113,26.52910042,190.326004,75.44819641,23.89220047,1,0,0,0,0.0
488.8280029,3264.870117,68.51709747,718.0739746,461.7070007,205.1710052,529.2969971,3333.47998,82.18730164,544.4829712,451.1000061,153.1360016,206.951004,45.81990051,30.19009972,194.4609985,59.51520157,23.87820053,1,0,0,0,0.0
447.0830078,3282.219971,55.41239929,644.0900269,447.3640137,185.3329926,478.8510132,3362.830078,68.6053009,513.4920044,440.8129883,141.0160065,202.6690063,47.42240143,27.52739906,193.5339966,61.08300018,22.86120033,1,0,0,0,0.0
519.1619873,3130.469971,76.54440308,755.0859985,493.4849854,232.7290039,570.8259888,3275.169922,90.03479767,570.4119873,480.125,158.9290009,206.5160065,42.32899857,27.79050064,184.4929962,59.28070068,22.9708004,1,0,0,0,0.0
547.34198,3169.540039,89.38110352,788.1690063,479.3729858,227.477005,590.7509766,3238.649902,99.9265976,551.0759888,462.901001,166.3240051,207.5469971,43.70399857,34.48799896,197.1009979,57.80970001,25.55660057,0,0,0,1,0.0
484.1260071,3614.949951,62.90330124,723.9390259,481.5440063,184.1880035,528.75,3631.919922,82.02410126,625.6209717,479.2539978,150.348999,206.2590027,49.00910187,26.81380081,182.7539978,61.05479813,21.90119934,1,0,0,0,0.0
407.8059998,3561.600098,48.89379883,800.3649902,397.5920105,154.5890045,439.5190125,3686.169922,60.3783989,652.8359985,379.9419861,105.2610016,210.4940033,57.1413002,29.97999954,190.9349976,74.83920288,25.86440086,1,0,0,0,0.0
552.5859985,3137.030029,91.15570068,796.5460205,486.7019958,234.9689941,597.6149902,3210.959961,101.3239975,555.2990112,468.0780029,168.1199951,207.7359924,43.05130005,35.9054985,197.4250031,57.64419937,26.1189003,0,1,0,0,0.0
445.0759888,3611.600098,58.42219925,829.6069946,405.5440063,145.6779938,466.6549988,3709.26001,67.72290039,671.927002,389.25,92.74900055,211.2799988,60.86740112,30.7541008,192.8549957,81.46559906,26.88689995,1,0,0,0,0.0
392.6579895,3526.909912,45.99840164,783.5900269,386.4779968,153.0339966,424.5249939,3646.060059,58.22520065,643.9660034,369.3599854,109.1959991,210.3959961,56.24990082,30.01919937,191.6840057,72.61689758,25.74570084,0,0,1,0,0.0
446.3819885,3636.889893,57.12860107,832.0579834,412.1159973,147.6470032,468.696991,3752.540039,67.04440308,674.2750244,394.9410095,91.14129639,211.3110046,61.24209976,31.11219978,191.5119934,82.12850189,27.07780075,1,0,0,0,0.0
463.3869934,3595.48999,64.88639832,845.7230225,408.1839905,142.9389954,479.2090149,3684.540039,72.18299866,682.7089844,391.3280029,85.79940033,211.4660034,62.90840149,32.60409927,195.1459961,85.02510071,27.68759918,0,1,0,0,0.0
515.5289917,3228.52002,76.21920013,753.0759888,480.446991,218.7619934,562.2280273,3312.399902,89.87339783,562.848999,467.6369934,158.7559967,207.0169983,44.41770172,31.1406002,191.423996,59.05260086,24.13699913,0,0,0,1,0.0
513.0109863,3228.139893,76.57740021,747.9310303,471.7630005,215.1790009,556.1710205,3300.219971,89.40599823,551.1920166,458.8970032,158.4779968,207.1549988,44.8526001,31.76759911,194.5899963,58.89690018,24.46730042,0,0,0,1,0.0
407.3940125,3591.659912,48.51190186,801.3569946,400.6749878,152.8220062,440.7520142,3710.879883,60.28559875,655.3829956,383.1589966,105.2590027,210.5950012,57.52590179,29.05520058,190.2339935,74.90149689,25.51000023,0,0,0,1,0.0
535.1779785,3265.070068,85.71620178,810.46698,463.2850037,203.7519989,564.7589722,3328.48999,94.96289825,595.8809814,445.6319885,142.197998,207.0500031,49.99879837,35.34339905,196.7519989,67.06580353,26.50690079,0,1,0,0,0.0
445.3110046,3617.820068,58.13240051,830.2249756,407.0469971,145.9980011,467.1570129,3718.919922,67.56990051,672.5,390.5539856,92.39720154,211.2949982,60.97409821,30.8003006,192.5780029,81.61180115,26.90089989,1,0,0,0,0.0
407.1159973,3602.48999,48.43920135,801.7990112,402.0910034,152.2230072,441.071991,3719.72998,60.2784996,656.8200073,384.5369873,105.3570023,210.647995,57.68239975,28.68630028,190.0140076,74.89579773,25.34490013,0,0,0,1,0.0
390.0169983,3518.639893,45.54930115,779.8129883,380.9830017,150.5919952,422.7090149,3625.97998,58.01929855,640.6560059,365.4559937,110.7929993,210.3470001,55.95100021,29.13969994,191.8500061,71.89630127,25.5095005,0,0,0,1,0.0
420.1380005,3611.939941,50.91989899,809.197998,402.052002,147.625,448.9349976,3712.870117,62.29150009,663.7979736,385.928009,101.5270004,211.1719971,59.11169815,29.15360069,191.7539978,76.98639679,26.16830063,0,0,0,1,0.0
508.5620117,3380.76001,77.3742981,824.9760132,452.1749878,192.3659973,528.7810059,3477.419922,85.48410034,626.2269897,430.6019897,123.4929962,222.4940033,53.54529953,33.91379929,194.9909973,72.81230164,27.2371006,0,1,0,0,0.0
407.2799988,3627.639893,48.5340004,804.0540161,406.6539917,151.4170074,442.3869934,3742.060059,60.40520096,661.835022,388.7049866,105.4250031,210.802002,58.08549881,27.95829964,189.628006,74.99829865,24.97340012,0,0,0,1,0.0
464.9119873,3309.159912,59.38890076,673.1539917,455.3080139,188.7369995,502.8580017,3385.090088,74.19940186,531.0360107,449.1570129,143.6620026,202.576004,47.25970078,27.70070076,191.2810059,61.10580063,22.62490082,0,0,0,1,0.0
464.07901,3582.899902,65.43959808,847.0050049,407.1560059,140.8690033,479.5369873,3663.679932,72.46530151,686.2050171,390.3729858,84.98300171,211.5650024,63.67409897,33.14559937,196.7120056,85.41300201,27.9211998,0,1,0,0,0.0
436.0639954,3283.800049,52.34960175,626.6799927,441.0390015,180.9340057,464.4339905,3361.179932,65.26850128,504.2539978,434.9880066,139.470993,202.6710052,47.66519928,26.89760017,194.904007,61.02190018,22.89089966,0,0,0,1,0.0
428.822998,3723.929932,50.33129883,820.7550049,421.5950012,148.4839935,459.8900146,3854.26001,62.44749832,663.4810181,402.3049927,95.18710327,211.4830017,60.79859924,28.4382,186.3670044,79.69259644,25.42490005,1,0,0,0,0.0
459.5320129,3601.969971,63.81539917,841.0159912,405.2799988,143.7189941,476.3680115,3690.610107,71.48500061,676.0079956,389.0929871,88.23529816,211.3470001,61.78879929,31.48590088,193.9290009,83.86170197,27.18849945,0,1,0,0,0.0
388.9710083,3502.090088,45.49039841,777.2390137,376.1430054,149.2680054,421.6900024,3602.47998,58.01110077,637.6329956,361.9150085,111.7870026,210.2579956,55.67100143,28.72920036,192.0930023,71.43779755,25.50419998,0,0,0,1,0.0
476.2579956,3452.790039,66.21019745,793.4130249,430.4970093,173.9900055,511.1830139,3573.820068,73.30290222,630.6799927,413.7860107,111.9400024,210.9830017,54.45830154,29.55850029,185.0630035,73.60079956,25.9246006,1,0,0,0,0.0
446.1340027,3630.0,57.5868988,831.5960083,410.2330017,146.8679962,468.2929993,3739.419922,67.29570007,673.723999,393.3099976,91.54979706,211.3159943,61.18259811,30.97649956,191.9600067,81.96890259,26.9878006,1,0,0,0,0.0
460.5809937,3414.73999,54.4917984,668.4110107,461.2990112,172.3289948,500.605011,3459.120117,73.02709961,560.2180176,455.7980042,145.25,202.0870056,48.25540161,26.2052002,189.7810059,60.29169846,21.6072998,0,0,0,1,0.0
485.2619934,3506.120117,63.08010101,719.1209717,478.677002,188.2409973,530.1229858,3533.72998,81.71369934,600.6500244,473.8309937,150.8919983,206.3919983,47.67900085,26.90839958,185.0919952,60.43569946,22.30540085,1,0,0,0,0.0
377.2900085,3489.72998,42.96590042,766.2600098,374.7149963,151.7449951,408.8940125,3605.469971,55.94670105,634.0469971,357.993988,113.0240021,210.2859955,55.28450012,30.29450035,192.4850006,70.39379883,25.66600037,0,0,1,0,0.0
486.9649963,3387.570068,64.36160278,714.7039795,473.3930054,195.0130005,531.1920166,3437.659912,81.59230042,573.7160034,466.3559875,151.4880066,206.701004,46.55160141,27.68490028,188.8370056,60.02999878,22.88890076,1,0,0,0,0.0
462.7780151,3350.360107,57.66059875,671.6719971,453.5660095,183.9120026,501.0289917,3413.169922,73.79579926,536.8300171,448.7179871,143.6390076,202.4570007,47.64519882,26.90789986,190.7890015,61.00529861,22.36219978,1,0,0,0,0.0
538.6900024,3175.719971,85.86990356,779.0739746,480.7730103,226.7610016,583.2609863,3249.949951,97.12779999,554.1129761,464.7390137,164.4669952,207.4689941,43.77569962,34.0318985,195.9450073,58.12900162,25.35289955,1,0,0,0,0.0
446.9370117,3641.219971,56.81370163,832.6160278,413.7290039,148.5820007,469.1560059,3763.26001,66.88970184,674.9520264,396.3349915,90.71829987,211.2929993,61.26390076,31.3281002,191.1569977,82.30930328,27.23209953,1,0,0,0,0.0
391.9039917,3524.25,45.87030029,782.7609863,386.0799866,153.1580048,423.6610107,3644.02002,58.11059952,643.6049805,368.8859863,109.3379974,210.3899994,56.20389938,30.10549927,191.7409973,72.52339935,25.76530075,1,0,0,0,0.0
390.2080078,3519.629883,45.58319855,780.072998,381.2579956,150.621994,422.9150085,3627.159912,58.04499817,640.8610229,365.696991,110.7269974,210.3509979,55.97320175,29.1378994,191.826004,71.93260193,25.50769997,0,0,0,1,0.0
487.2839966,3299.050049,66.70980072,717.5869751,464.79599,202.3470001,529.7689819,3364.949951,81.73390198,553.2459717,455.5249939,152.4369965,206.776001,46.04299927,29.28919983,192.3540039,59.70330048,23.45800018,0,0,0,1,0.0
443.2520142,3598.679932,58.54679871,827.0780029,402.3500061,145.2839966,464.5539856,3690.399902,67.69819641,670.28302,386.447998,93.91220093,211.2339935,60.54000092,30.62809944,193.322998,80.92880249,26.8586998,1,0,0,0,0.0
446.4039917,3287.399902,55.01940155,643.1409912,446.3049927,184.3090057,478.071991,3366.050049,68.43399811,513.0180054,440.0350037,140.9290009,202.6549988,47.48540115,27.32929993,193.6660004,61.06549835,22.82719994,1,0,0,0,0.0
420.6059875,3579.959961,52.14590073,806.8560181,396.0270081,146.6119995,447.0289917,3669.949951,62.91149902,662.9849854,380.6409912,102.0019989,211.0709991,58.88539886,29.70199966,193.220993,76.77580261,26.53730011,1,0,0,0,0.0
483.6159973,3635.699951,62.78139877,724.1209717,481.6159973,182.9669952,528.0930176,3651.669922,81.96769714,629.7440186,479.95401,150.0950012,206.2539978,49.36149979,26.81839943,182.4960022,61.19919968,21.8526001,1,0,0,0,0.0
418.553009,3693.600098,49.59019852,814.9580078,417.8640137,149.3009949,452.3729858,3811.51001,61.71269989,668.1729736,398.2919922,99.61380005,212.3959961,60.12939835,27.99500084,188.8280029,77.80789948,25.01189995,1,0,0,0,0.0
407.9989929,3551.01001,49.12269974,800.1950073,396.7829895,155.2590027,439.098999,3677.590088,60.45819855,652.2780151,379.0079956,105.2870026,210.4700012,57.02590179,30.28899956,191.1889954,74.81770325,25.96649933,1,0,0,0,0.0
429.8670044,3762.909912,49.77840042,818.7379761,423.8380127,146.2740021,461.7820129,3901.610107,61.96480179,639.0050049,403.3269958,91.79039764,211.173996,61.3083992,28.11790085,181.7290039,80.63189697,24.72590065,1,0,0,0,0.0
435.355011,3289.429932,51.09260178,620.7689819,403.9710083,171.6060028,462.6409912,3367.52002,65.3730011,468.4559937,403.927002,137.4949951,202.9759979,48.6733017,24.99600029,203.1640015,61.03390121,22.46980095,0,0,0,1,0.0
431.1990051,3289.169922,50.62450027,617.1170044,431.4429932,175.1679993,457.7739868,3361.75,63.82419968,491.4400024,426.9150085,138.3609924,202.6759949,47.97439957,25.93029976,197.1719971,60.9762001,22.86370087,0,0,0,1,0.0
437.3160095,3305.810059,51.20700073,625.6079712,414.3359985,172.0449982,466.1000061,3375.199951,66.01239777,481.5840149,414.2319946,138.2550049,202.6809998,48.44260025,24.89179993,198.7089996,61.02600098,22.17989922,0,0,0,1,0.0
558.2689819,3070.280029,94.0401001,808.4609985,494.0929871,250.5420074,602.7329712,3114.800049,103.0439987,554.1519775,468.5230103,173.276001,208.7350006,41.65499878,40.93370056,207.4850006,56.80210114,29.2140007,0,0,1,0,0.0
502.9769897,3411.01001,75.69539642,834.9689941,447.0759888,186.5639954,524.1430054,3503.830078,84.2696991,632.4370117,425.3850098,120.8759995,225.5639954,54.48469925,34.36849976,195.1889954,73.38980103,27.59320068,0,1,0,0,0.0
458.5880127,3598.439941,63.72240067,839.7979736,404.0339966,143.7440033,475.4620056,3685.409912,71.39810181,674.7750244,388.0270081,88.854599,211.3220062,61.56629944,31.32480049,193.9559937,83.57510376,27.12789917,0,1,0,0,0.0
536.6380005,3184.340088,85.32839966,775.8930054,477.8880005,224.4029999,580.3220215,3255.850098,96.59660339,551.7620239,462.3829956,163.9129944,207.4349976,43.99430084,33.72669983,196.2160034,58.16109848,25.2458992,1,0,0,0,0.0
429.5880127,3282.909912,50.22320175,612.7860107,425.6809998,172.7059937,455.2650146,3355.72998,63.32099915,481.756012,421.8940125,137.7519989,202.7200012,48.08280182,25.54400063,198.977005,60.97850037,22.93810081,0,0,1,0,0.0
397.151001,3416.899902,45.98609924,705.4279785,387.4410095,153.397995,424.8970032,3517.879883,59.01340103,575.901001,375.5069885,119.9830017,208.9450073,52.98839951,28.41489983,196.0950012,67.50140381,25.4701004,0,0,1,0,0.0
487.7210083,3287.409912,67.2417984,717.6569824,463.7569885,203.2920074,529.6149902,3354.47998,81.85269928,550.2670288,454.0690002,152.6399994,206.8339996,45.96620178,29.57620049,193.0429993,59.64630127,23.5923996,0,0,0,1,0.0
486.5220032,3437.870117,63.76570129,717.1619873,476.3569946,192.2619934,531.322998,3478.340088,81.72170258,586.1550293,470.2099915,151.3130035,206.5440063,46.97389984,27.24189949,186.9309998,60.18399811,22.58950043,1,0,0,0,0.0
545.4639893,3114.469971,88.06220245,790.0830078,492.0509949,239.2749939,592.3649902,3209.209961,98.63780212,557.3870239,472.6000061,166.3919983,207.8190002,42.74819946,36.27690125,195.6990051,58.02569962,26.0970993,0,0,1,0,0.0
551.6610107,3146.169922,90.81079865,794.901001,484.9949951,233.0209961,596.3900146,3218.75,101.0970001,554.6110229,466.9760132,167.7299957,207.677002,43.2154007,35.5033989,197.25,57.68080139,25.95569992,0,1,0,0,0.0
408.5870056,3705.899902,49.31510162,813.4249878,426.9840088,151.9830017,445.0119934,3825.540039,60.90299988,694.0289917,407.2380066,105.8610001,212.6629944,59.17369843,26.60330009,190.1549988,75.46800232,24.02339935,1,0,0,0,0.0
556.5079956,3104.330078,92.8513031,803.0999756,491.4249878,241.7920074,601.7479858,3177.75,102.4300003,555.5839844,470.2969971,169.8789978,208.0350037,42.51979828,37.77059937,199.2830048,57.4192009,26.93519974,0,1,0,0,0.0
