M3_Al_0_2,M3_Ca_0_2,M3_Fe_0_2,M3_K_0_2,M3_Mg_0_2,M3_P_0_2
214.1640015,2667.969971,47.69369888,413.9020081,186.2330017,15.9282999
168.8099976,2724.959961,42.46989822,423.5700073,188.1190033,14.24310017
360.4679871,2410.959961,70.34889984,304.1170044,203.1230011,24.23649979
342.8359985,3478.01001,48.94120026,545.1870117,159.8999939,13.56019974
299.9089966,3485.310059,48.90409851,520.0969849,169.8139954,11.89939976
505.7950134,2327.800049,97.67350006,306.6640015,226.4570007,31.11070061
320.2929993,3490.340088,49.93519974,514.6389771,167.6690063,12.21109962
261.9970093,2487.810059,64.21019745,343.006012,211.4640045,21.65920067
458.6799927,2477.889893,86.43430328,354.8569946,213.8329926,26.32670021
115.7429962,2794.780029,38.56480026,426.8720093,190.5429993,12.47140026
309.5639954,2433.810059,71.05539703,332.8590088,215.1089935,23.74559975
428.6119995,2328.429932,75.40399933,262.4679871,185.5240021,27.17770004
187.0899963,3445.719971,42.18510056,504.29599,176.6799927,9.327739716
471.0589905,2391.379883,86.08509827,296.1690063,209.1410065,28.12059975
255.4519958,2680.100098,52.25859833,415.8139954,198.8820038,16.74060059
316.9729919,2868.830078,62.65589905,409.2149963,191.9980011,18.02219963
547.5040283,2271.959961,111.038002,328.776001,245.128006,33.99259949
183.4909973,2736.070068,41.77899933,428.8099976,193.8000031,14.0145998
320.6799927,2473.469971,65.15380096,319.6409912,200.3179932,22.16489983
519.8629761,2372.72998,100.7360001,332.0469971,225.4160004,30.91860008
584.2050171,2323.899902,114.6309967,354.6820068,230.0529938,34.44010162
430.5710144,2338.379883,89.57910156,319.5809937,227.3580017,28.42679977
163.8849945,3394.050049,39.33739853,533.6779785,174.8650055,7.827660084
443.4769897,2314.610107,84.44139862,289.1839905,215.0859985,28.29599953
303.7810059,3476.790039,49.05270004,485.6910095,164.8240051,11.15620041
537.0219727,2292.679932,107.0070038,320.8469849,236.0579987,33.2356987
164.7819977,3400.22998,39.62440109,524.7020264,175.3899994,8.01733017
321.480011,3497.840088,50.39379883,500.1530151,166.9450073,12.05910015
380.9590149,2586.429932,77.89219666,372.6549988,212.6710052,24.67169952
395.0450134,2692.959961,77.66059875,403.9769897,206.7539978,23.81010056
291.6350098,3443.439941,46.95909882,502.7449951,160.9049988,11.40240002
322.7890015,3501.48999,50.53559875,502.3070068,167.2740021,12.19639969
457.1109924,2486.27002,83.72290039,329.9419861,210.1730042,25.77630043
498.7479858,2292.600098,99.86740112,317.3859863,249.951004,30.91239929
376.7539978,3538.76001,52.50500107,545.9979858,164.4989929,14.05169964
382.131012,2556.25,72.52189636,379.9060059,205.9720001,22.30380058
338.6220093,2944.0,66.15049744,436.2479858,193.0910034,19.08390045
340.3160095,3516.030029,49.74250031,502.321991,158.2140045,12.14050007
274.2600098,3480.080078,48.34360123,495.2009888,172.102005,11.20699978
193.6790009,3403.0,42.05690002,495.3340149,175.1260071,8.732649803
498.2659912,2438.060059,96.01059723,368.0629883,219.371994,28.96949959
137.8159943,3394.610107,37.28839874,556.6530151,174.9530029,7.017049789
203.5809937,2587.879883,57.7867012,362.8919983,202.3480072,19.59560013
229.9819946,2637.97998,54.39810181,358.8649902,187.9389954,17.05620003
361.571991,3527.639893,51.8219986,539.5529785,165.5399933,13.60140038
300.730011,3470.26001,48.74520111,482.8309937,163.8150024,11.0401001
184.2740021,3395.27002,40.69639969,526.9450073,173.6269989,8.128930092
301.0539856,2637.219971,59.43980026,405.1220093,201.3990021,18.69179916
294.3280029,2663.52002,58.85660172,414.6010132,203.6519928,18.3458004
282.2330017,2643.580078,56.13840103,405.5650024,198.4730072,17.89080048
246.0090027,3463.830078,45.85290146,476.6879883,171.7059937,9.560520172
565.8319702,2273.030029,114.0930023,331.3200073,240.1130066,34.82130051
261.4559937,3447.22998,47.81060028,482.0400085,173.7649994,10.59249973
225.6820068,3404.379883,42.47050095,519.4500122,164.654007,9.113400459
395.6440125,2663.030029,80.12740326,395.1619873,208.2839966,24.73620033
357.2160034,3494.5,50.16180038,523.2979736,159.3079987,13.34589958
269.6749878,2916.949951,55.87779999,420.5150146,187.625,15.3448
175.9389954,2738.219971,40.92300034,429.5910034,192.6959991,13.83419991
141.673996,2746.469971,43.85979843,402.6409912,191.4819946,13.89260006
139.8930054,2741.860107,43.65380096,398.6910095,192.3370056,13.90820026
180.4559937,2693.870117,49.0945015,383.6239929,191.3939972,15.52219963
393.6099854,2552.040039,75.61759949,387.0289917,208.4360046,23.1072998
306.4330139,2968.439941,60.0196991,428.5679932,188.0809937,16.6616993
347.0069885,3510.449951,50.56850052,507.8320007,161.5650024,12.58609962
206.5429993,2993.120117,47.47309875,442.1650085,177.9360046,12.21399975
115.9260025,2929.25,37.82849884,443.4719849,186.6260071,11.23569965
364.8160095,3508.530029,51.12530136,522.6240234,160.3390045,13.44019985
220.5169983,3398.870117,41.97380066,523.9069824,164.7689972,9.010569572
290.6350098,2471.189941,68.0042038,333.4330139,205.6820068,23.09219933
225.522995,3424.959961,43.22100067,507.4299927,167.7079926,8.77243042
350.9769897,3166.120117,61.97430038,492.7279968,188.6529999,17.88150024
267.1159973,3425.100098,44.56470108,530.1190186,162.1620026,11.22859955
394.7210083,2369.830078,81.98770142,315.9169922,219.5619965,26.56879997
126.6989975,3168.469971,37.55989838,507.2940063,181.0039978,9.290419579
283.7080078,2475.129883,68.09690094,336.6749878,206.6809998,23.07659912
223.2980042,3462.350098,44.86449814,499.0509949,175.3690033,10.43029976
149.7050018,3377.790039,37.50510025,556.4719849,171.6329956,6.833459854
224.1289978,2661.169922,48.49039841,413.8680115,187.4470062,16.17760086
201.1360016,3490.98999,43.58029938,514.0280151,174.7630005,10.53849983
559.5079956,2362.399902,108.9670029,360.7330017,226.2910004,32.75099945
215.8970032,3406.23999,42.12879944,518.9979858,167.1560059,8.562210083
320.7070007,3492.590088,49.94290161,517.9039917,167.8609924,12.29059982
205.5379944,2683.699951,48.89680099,400.901001,188.7929993,15.70860004
136.8630066,2766.209961,37.47689819,430.25,189.8789978,12.84300041
107.0220032,2791.75,38.33860016,416.0050049,191.7039948,12.31869984
568.5679932,2279.830078,114.2020035,333.0400085,238.3179932,34.79809952
404.1719971,2359.209961,82.63569641,312.0960083,219.5820007,26.91130066
498.57901,2432.429932,95.86340332,361.0580139,219.6390076,28.99449921
376.9070129,3541.77002,52.59249878,548.0239868,165.0440063,14.11569977
529.4650269,2401.649902,102.538002,365.4259949,222.7460022,30.86260033
348.0079956,3508.639893,50.87400055,509.0889893,162.5449982,12.69519997
253.9109955,3004.379883,52.96390152,441.0069885,182.9680023,14.09529972
222.8200073,3488.139893,44.88679886,510.1549988,173.6459961,10.94390011
324.894989,3508.709961,50.11999893,532.6129761,168.4600067,12.6843996
220.7879944,2717.909912,46.94549942,424.2380066,197.8950043,15.23799992
296.8080139,3453.399902,48.33610153,476.2789917,160.4909973,10.78859997
400.8680115,2356.090088,76.23870087,291.2120056,206.003006,26.22570038
115.0459976,2970.689941,37.10660172,451.2879944,186.0529938,10.78180027
131.7920074,2772.590088,37.3205986,428.7380066,190.2129974,12.7191
301.0130005,3489.370117,48.93320084,523.3200073,169.8289948,11.98349953
369.5109863,2402.860107,70.228302,299.3510132,200.5899963,24.47710037
145.9389954,3428.52002,38.60150146,537.1680298,177.6450043,7.812849998
395.0079956,3552.97998,53.43360138,543.6079712,160.7920074,14.54609966
477.4809875,2302.639893,95.51650238,313.8760071,237.3059998,30.09230042
238.1519928,2654.800049,49.96080017,410.8540039,190.4279938,16.50349998
488.0880127,2297.320068,97.60890198,315.4790039,242.5829926,30.48550034
337.0870056,2745.909912,66.40470123,390.32901,195.8860016,20.37709999
312.756012,3488.540039,49.73020172,492.2160034,165.8410034,11.49909973
273.0570068,3425.02002,45.70880127,505.2909851,160.7850037,10.79609966
433.1789856,2508.870117,82.9088974,377.177002,211.4069977,25.16900063
420.9590149,2517.76001,78.02089691,356.868988,207.5709991,23.88249969
390.6640015,3548.459961,53.05450058,552.3439941,163.1699982,14.4545002
415.8580017,2352.129883,88.27680206,323.3160095,226.0180054,27.91449928
163.8509979,3471.48999,40.68050003,523.2689819,178.720993,8.840519905
307.6600037,2634.22998,60.63809967,405.0429993,202.302002,18.99060059
323.3039856,3496.870117,50.05099869,521.8759766,167.8739929,12.42780018
423.8309937,2337.27002,84.00640106,303.572998,219.3419952,27.62960052
479.0069885,2406.189941,88.63079834,305.0710144,213.1239929,28.32460022
529.9329834,2284.659912,107.8320007,331.4679871,250.7480011,32.9353981
340.625,2458.550049,66.29499817,316.54599,199.477005,22.74710083
397.3259888,3557.209961,53.70859909,542.4689941,161.154007,14.61730003
247.3800049,3510.370117,46.19409943,518.1329956,171.8209991,11.79590034
339.1260071,2541.600098,63.72999954,349.8259888,197.447998,20.48380089
181.9669952,2706.060059,49.00249863,391.5140076,189.0870056,15.27620029
458.9899902,2315.060059,92.95980072,315.3439941,231.9929962,29.46629906
188.6190033,2936.889893,46.19229889,433.2829895,178.401001,12.93939972
309.2839966,3468.560059,48.06420135,502.0419922,161.1649933,11.72980022
388.3699951,2466.310059,70.31980133,321.3349915,200.977005,23.47610092
459.9389954,2476.72998,87.0970993,359.0010071,214.3659973,26.48719978
273.6289978,2646.629883,54.74940109,406.355011,197.1690063,17.55850029
279.6119995,3432.840088,46.88679886,482.5599976,159.2059937,10.33759975
262.0610046,2617.310059,55.38660049,374.9429932,191.8430023,17.74090004
321.9089966,2599.919922,61.67910004,389.4609985,199.3899994,19.40819931
324.4440002,3505.629883,50.09730148,530.1480103,168.3329926,12.62339973
462.7940063,2475.48999,88.31169891,366.2470093,215.1940002,26.78140068
228.8970032,2713.790039,48.17919922,423.3959961,198.7480011,15.53730011
351.8859863,3506.790039,49.64519882,560.2719727,159.1309967,13.79570007
241.1049957,3464.76001,45.04740143,484.0610046,170.6230011,9.321060181
181.5839996,3200.939941,43.3567009,495.821991,174.1690063,9.50673008
348.7770081,3508.149902,51.11700058,510.0889893,163.2369995,12.78240013
499.7550049,2438.780029,96.39209747,370.7669983,219.4230042,29.05389977
250.401001,2626.639893,54.94789886,371.2409973,191.0980072,17.49020004
441.9590149,2474.290039,78.97170258,310.8259888,203.3639984,25.27510071
287.7839966,3451.530029,45.1969986,556.0490112,161.8990021,12.34959984
373.6149902,2939.310059,71.14900208,434.868988,195.8930054,20.38540077
497.3739929,2431.580078,95.47709656,357.6199951,219.5789948,28.91909981
230.2160034,3425.899902,45.47890091,475.9790039,175.8939972,9.846260071
259.0570068,2558.340088,58.95529938,342.3179932,199.302002,19.46999931
572.2299805,2284.909912,114.5940018,335.3299866,237.0930023,34.83499908
207.8589935,3479.280029,43.89619827,508.9620056,176.1529999,10.20359993
363.4360046,3520.889893,51.66749954,533.5939941,163.9109955,13.49979973
207.878006,3422.610107,42.27740097,515.6119995,171.4349976,8.438969612
490.0379944,2426.26001,92.46170044,327.6579895,218.1089935,28.52980042
188.8000031,3401.689941,41.48559952,506.5180054,174.7689972,8.483360291
145.4179993,2762.060059,44.07229996,422.5310059,188.5390015,13.7954998
439.4240112,2332.080078,76.92590332,262.4039917,185.348999,27.50320053
420.006012,2519.070068,77.10620117,352.8450012,207.3930054,23.67000008
282.2019958,3446.050049,44.82509995,555.0209961,161.9210052,12.12230015
309.9760132,3485.330078,49.43330002,489.697998,165.1179962,11.35760021
212.8179932,2597.72998,57.06790161,361.368988,199.3090057,19.16519928
198.220993,3404.949951,42.63579941,485.4490051,175.2220001,9.103349686
265.276001,3454.080078,47.97629929,484.9899902,173.2120056,10.74660015
234.5209961,3448.080078,44.30759811,494.1929932,169.0670013,9.025770187
226.5980072,2992.830078,49.85150146,443.2770081,183.1880035,13.23740005
556.6660156,2347.120117,108.973999,349.053009,228.3560028,32.91490173
247.1329956,3411.379883,43.39390182,527.0969849,162.7720032,10.22340012
467.2510071,2308.699951,93.78440094,313.4230042,233.7059937,29.71710014
296.0169983,2496.320068,64.35169983,329.2359924,204.0630035,21.48349953
516.5700073,2351.199951,100.439003,321.0669861,227.3560028,31.24189949
555.15802,2343.280029,108.8399963,345.927002,228.9230042,32.93389893
294.2820129,2545.389893,61.11959839,339.5270081,196.197998,20.06209946
315.0480042,2600.669922,60.37649918,388.9400024,198.0460052,19.08460045
288.197998,3465.97998,49.26470184,488.7099915,171.0980072,11.16679955
345.2189941,3508.26001,50.94129944,524.5739746,165.4880066,12.93290043
352.401001,2455.840088,67.14579773,319.1220093,200.7220001,23.01320076
198.9129944,3464.0,43.19860077,506.0759888,176.5059967,9.803380013
191.0879974,3391.350098,40.28659821,534.5,168.7709961,7.873529911
374.1860046,3532.26001,51.44129944,560.1030273,157.621994,14.0717001
545.6329956,2308.47998,108.3440018,328.2600098,233.8529968,33.30540085
275.9089966,3438.709961,45.0768013,535.7449951,165.7689972,11.94810009
239.3339996,2528.540039,63.50899887,351.1600037,205.7039948,21.52930069
234.3950043,2529.189941,63.62609863,352.946991,206.5140076,21.57979965
196.6369934,3501.5,43.2969017,518.7689819,176.598999,10.10289955
377.9240112,2881.870117,72.48590088,425.0010071,197.7019958,21.32110023
120.4530029,2789.939941,38.07920074,426.9150085,191.0140076,12.53880024
285.6090088,2921.51001,57.85979843,420.3460083,188.3890076,16.22030067
383.5239868,3534.439941,52.66450119,535.9110107,160.9100037,14.13000011
528.0109863,2395.860107,102.2720032,358.6759949,223.2910004,30.85960007
260.4599915,3420.860107,44.03689957,533.0040283,162.2810059,10.95240021
103.8889999,2777.040039,38.36410141,404.4450073,193.5440063,12.42310047
519.7589722,2359.98999,101.0,326.4490051,226.6719971,31.18779945
150.3040009,2753.23999,38.3655014,431.6080017,190.1289978,13.18809986
271.3959961,3471.209961,48.20819855,491.8729858,172.3760071,11.05799961
274.1119995,3069.379883,53.79759979,454.9450073,182.1230011,14.52280045
185.4409943,3152.52002,43.66839981,491.3429871,176.6560059,10.35659981
135.7250061,3382.73999,36.79029846,561.8499756,173.3470001,6.648210049
336.7730103,2891.649902,65.36789703,415.6350098,193.0299988,18.72470093
464.5450134,2301.290039,86.26580048,278.7969971,210.2160034,29.13610077
170.4850006,3402.909912,40.28609848,507.1390076,174.8139954,8.429309845
495.1099854,2430.060059,94.65309906,349.8420105,219.3840027,28.77099991
351.5660095,2539.780029,64.6760025,351.1419983,198.3289948,20.5583992
328.2980042,2598.689941,62.95479965,390.0710144,200.6309967,19.72940063
199.9049988,3385.840088,40.53160095,533.3049927,167.2420044,8.208629608
531.125,2288.399902,105.6539993,317.0950012,236.1809998,32.99079895
344.8739929,2905.810059,67.61540222,429.0809937,195.0070038,19.65049934
229.5480042,2633.949951,54.53329849,358.7330017,190.1179962,17.24130058
456.07901,2319.330078,95.96289825,325.8439941,233.098999,29.88669968
306.197998,2884.800049,60.91799927,409.04599,189.7980042,16.85309982
278.6719971,3442.810059,44.57049942,554.9749756,161.9389954,11.97389984
221.4859924,2693.090088,47.26890182,419.7780151,194.2369995,15.58150005
151.0350037,3378.850098,37.66519928,556.3040161,171.9900055,6.919360161
381.8120117,2391.600098,70.69039917,294.0780029,198.3919983,24.88800049
500.1260071,2443.800049,96.58460236,376.4400024,219.2120056,29.05830002
114.2050018,2794.189941,38.81499863,424.4129944,190.6419983,12.47389984
142.6150055,3419.409912,38.17679977,542.8319702,176.9470062,7.571929932
375.446991,2728.669922,72.83180237,400.8670044,202.4669952,22.27599907
382.303009,2379.620117,76.373703,305.3330078,211.1459961,25.59790039
157.1580048,3209.48999,41.11019897,517.0300293,176.845993,9.544010162
328.5280151,3473.179932,48.02249908,546.7620239,160.6909943,13.26329994
406.552002,2496.909912,72.58589935,325.3739929,201.2599945,23.26939964
158.4799957,3383.610107,38.56399918,549.5570068,173.8000031,7.451079845
301.7929993,3457.790039,47.6617012,500.8609924,161.1029968,11.56599998
390.8080139,3552.27002,53.24129868,554.0349731,164.2969971,14.54119968
310.8049927,2634.75,61.29119873,405.9920044,203.0130005,19.13839912
301.2279968,2492.689941,64.21549988,326.6080017,202.470993,21.56399918
496.1879883,2319.370117,94.44429779,297.1879883,221.3220062,30.59410095
322.3049927,3471.040039,47.99580002,524.8049927,160.8170013,12.63630009
246.3569946,3516.98999,46.12390137,520.9160156,171.7870026,11.9005003
307.276001,3459.959961,47.07130051,527.6409912,161.8659973,12.40120029
201.3639984,3505.580078,43.60860062,519.5549927,174.4309998,10.78730011
191.6860046,3455.679932,42.61740112,505.7090149,176.7299957,9.532770157
259.4809875,2701.139893,53.10020065,421.9890137,202.2189941,16.71419907
393.6640015,3550.25,53.18000031,546.6010132,160.2640076,14.52700043
142.7640076,2759.629883,43.84389877,415.5589905,189.5859985,13.7553997
168.673996,3476.060059,41.10760117,521.552002,178.2850037,9.025489807
250.802002,3442.340088,46.8348999,473.2330017,173.5859985,9.939459801
284.7749939,2956.189941,57.32820129,427.1090088,187.2680054,15.8423996
109.4140015,2794.280029,38.46260071,419.9869995,191.1889954,12.34990025
152.5800018,2753.76001,43.19810104,424.6149902,188.548996,13.85490036
275.6130066,3436.530029,44.68249893,545.1890259,162.3000031,11.84459972
348.5039978,3486.649902,49.52199936,524.3530273,159.4420013,13.19779968
248.6130066,2705.310059,51.30870056,422.1789856,200.9830017,16.28650093
153.7779999,3018.060059,42.1792984,460.5440063,178.2570038,11.01369953
132.9069977,3381.02002,36.52519989,562.9019775,172.9949951,6.49822998
260.1390076,3423.830078,43.54990005,546.9680176,162.3430023,11.14379978
291.4840088,3448.77002,46.06829834,531.3909912,163.2610016,12.16919994
340.4379883,3092.649902,63.64910126,467.45401,191.5390015,17.24340057
203.0180054,3410.110107,41.57910156,523.5170288,169.8560028,8.217080116
344.9039917,2968.810059,65.37039948,443.4899902,192.1269989,19.3076992
268.1220093,3430.120117,44.15499878,545.2620239,162.1970062,11.4769001
416.223999,2398.23999,73.57820129,292.105011,196.6990051,25.59390068
156.8359985,2750.02002,38.81719971,431.6919861,190.904007,13.30749989
298.3340149,3494.120117,49.60960007,499.3389893,170.1909943,11.76830006
463.1270142,2364.47998,83.5821991,284.6929932,204.0119934,28.11219978
163.6560059,2733.669922,42.59140015,422.3519897,188.4889984,14.10210037
406.1400146,2616.610107,82.52330017,387.2510071,211.4329987,25.54490089
449.1570129,2495.810059,80.76730347,317.2659912,204.7339935,25.22290039
146.6100006,2914.97998,42.0583992,437.9930115,187.1640015,12.36520004
366.6329956,2550.449951,66.92179871,362.3340149,200.628006,20.80800056
461.3059998,2475.969971,87.71959686,362.7860107,214.8130035,26.63800049
314.4609985,3466.27002,47.10979843,548.4160156,161.5529938,12.99530029
522.6309814,2292.840088,106.8239975,335.8150024,255.7230072,32.54570007
484.2900085,2302.98999,99.94010162,326.6159973,239.9929962,30.92539978
273.9129944,2476.889893,68.80860138,341.7470093,208.7920074,23.24200058
344.4219971,3513.790039,51.01720047,531.4299927,166.5169983,13.06910038
193.3950043,3121.389893,44.24250031,482.2390137,178.8309937,11.01329994
248.4149933,3503.530029,46.2723999,515.1309814,171.8650055,11.6868
422.4729919,2517.600098,76.82219696,346.105011,206.529007,23.61459923
251.3139954,3418.290039,44.37269974,507.7600098,162.6730042,9.896240234
344.29599,3515.98999,51.03419876,533.5709839,166.7779999,13.11429977
212.1809998,3485.98999,44.21120071,510.3089905,175.9499969,10.39999962
148.7550049,3376.060059,37.34960175,556.4910278,171.1970062,6.757609844
158.822998,3111.01001,41.46229935,485.7600098,177.5970001,10.19629955
278.5880127,3439.429932,44.87390137,545.8660278,162.4850006,12.0067997
316.9769897,3492.449951,50.14910126,496.8240051,166.9149933,11.82219982
255.4340057,3417.5,43.65069962,534.7979736,162.4499969,10.75629997
187.8690033,2963.550049,45.70940018,439.3640137,177.753006,12.60770035
220.7510071,3414.899902,42.66849899,513.4840088,167.3439941,8.663599968
397.3139954,2550.050049,76.45690155,388.2380066,208.9600067,23.3253994
159.4620056,3154.030029,40.87269974,496.9089966,180.154007,10.15190029
378.3859863,2557.97998,71.50669861,378.0509949,205.1210022,22.03269958
525.4710083,2386.23999,101.7929993,347.1839905,224.253006,30.88409996
420.4620056,2518.570068,75.75489807,340.9450073,205.1959991,23.36160088
184.0370026,3182.26001,43.32989883,495.5610046,175.1889954,10.10340023
407.2650146,2573.75,83.4897995,377.4710083,216.8119965,26.0333004
577.0349731,2289.709961,115.1839981,338.3370056,235.9199982,34.91289902
362.3859863,3524.22998,51.76459885,536.53302,164.8240051,13.54459953
218.8170013,3426.25,44.06880188,485.6740112,174.6309967,9.111280441
327.0119934,2542.560059,62.94329834,348.1809998,197.0670013,20.40589905
225.8119965,3397.570068,41.95700073,530.7219849,163.927002,9.404080391
344.6199951,3511.72998,50.99810028,529.2139893,166.2200012,13.02400017
426.2999878,2416.330078,75.40380096,296.1809998,198.6719971,25.62899971
219.1999969,3453.340088,44.56959915,496.2780151,175.5130005,10.21959972
276.9830017,3462.570068,47.90269852,471.5589905,166.9889984,10.28110027
199.7140045,2585.879883,57.95320129,363.7099915,203.2599945,19.70190048
180.947998,3514.5,42.39960098,525.5020142,175.2310028,10.47369957
322.572998,3487.800049,48.77289963,502.8150024,160.6499939,11.95149994
247.5980072,3454.949951,46.17770004,475.2359924,172.072998,9.679430008
179.0310059,2703.969971,48.82970047,388.8919983,190.098999,15.30169964
242.2539978,2629.790039,55.0094986,363.3469849,190.0500031,17.37879944
140.125,3402.290039,37.64210129,551.5029907,175.6529999,7.231180191
283.868988,3444.909912,45.167099,548.3649902,162.673996,12.25269985
283.0400085,2601.830078,56.34540176,380.4440002,192.8370056,18.11310005
180.1909943,2713.379883,42.70729828,426.026001,188.5469971,14.50409985
314.7170105,2544.399902,62.2154007,346.1409912,196.8410034,20.27490044
147.4539948,3440.810059,38.91389847,534.75,178.7230072,8.007949829
377.8770142,3534.51001,52.36130142,543.6040039,163.253006,13.99960041
231.2669983,3206.5,46.50469971,476.7510071,169.5579987,11.22509956
387.3779907,3541.699951,52.45949936,553.2860107,159.0950012,14.40939999
224.5570068,3469.800049,45.04339981,501.7520142,173.9649963,10.67630005
181.654007,3388.530029,40.2397995,538.1199951,172.7940063,7.954599857
204.2449951,3390.820068,40.95399857,529.75,167.1860046,8.307390213
118.586998,2966.340088,38.56100082,459.1629944,182.401001,10.6882
272.2929993,3429.610107,44.94760132,529.2329712,162.6349945,11.52960014
147.1179962,2927.620117,41.77709961,442.5190125,182.1060028,12.02820015
201.2810059,3498.48999,43.59680176,516.8900146,174.5910034,10.6651001
256.3190002,2949.810059,54.0196991,430.3389893,184.6950073,14.77620029
362.7850037,2403.810059,75.60449982,315.7980042,213.0700073,24.89509964
512.3129883,2333.949951,99.7141037,313.5419922,229.1190033,31.4015007
364.0010071,3519.070068,51.59109879,532.1929932,163.3589935,13.48379993
249.9049988,3449.189941,46.52909851,473.947998,172.5549927,9.808609962
464.8800049,2313.379883,97.13819885,325.5870056,234.8090057,30.21619987
238.2369995,2687.909912,49.61059952,417.7520142,196.753006,16.10610008
222.1779938,2630.899902,54.01520157,360.7510071,192.6569977,17.34679985
242.1450043,3447.939941,46.17060089,488.3850098,174.5599976,10.64900017
385.0050049,3541.209961,53.07690048,533.2379761,161.7870026,14.16079998
228.0310059,3422.320068,45.25590134,472.4379883,176.8059998,9.701230049
451.8980103,2346.75,80.26979828,273.5960083,196.326004,27.8288002
298.2090149,3462.449951,48.49679947,479.7390137,162.4620056,10.91819954
456.8739929,2303.969971,86.001297,284.2730103,214.2259979,28.8465004
130.6000061,3377.080078,36.2220993,563.4400024,172.2830048,6.315810204
313.1499939,2534.0,62.58810043,341.0069885,197.5149994,20.56189919
172.451004,3402.860107,40.47639847,500.5429993,172.947998,8.598730087
277.7279968,3450.280029,49.02640152,484.1019897,173.5570068,10.76640034
157.3379974,3380.899902,38.3506012,553.1550293,173.276001,7.321410179
377.6239929,3512.689941,51.71360016,538.8829956,159.5429993,14.09280014
485.1419983,2414.669922,90.65329742,313.0320129,215.9730072,28.51589966
343.928009,3504.879883,50.74449921,518.3950195,164.625,12.76270008
367.6270142,3077.25,66.77909851,472.6000061,196.5110016,19.3477993
279.480011,3428.699951,46.16870117,503.1140137,160.3990021,11.01200008
147.3110046,2893.22998,42.46009827,433.3080139,187.4140015,12.60560036
330.8340149,2599.459961,63.58869934,391.3190002,201.3999939,19.8852005
180.095993,3502.050049,42.3022995,521.5050049,175.6040039,10.23060036
142.7169952,3216.75,40.32220078,523.473999,176.451004,9.370880127
523.5120239,2375.97998,101.5080032,337.5509949,225.2559967,30.99790001
424.6870117,2513.610107,79.77269745,363.927002,209.1170044,24.35740089
558.0679932,2350.52002,109.1060028,352.0360107,227.852005,32.90409851
226.0679932,3421.820068,44.99449921,472.197998,177.1190033,9.553779602
273.8340149,2548.389893,59.86909866,338.2149963,197.3670044,19.81469917
202.3880005,3511.02002,43.67430115,521.447998,174.2590027,10.90429974
270.0400085,3427.219971,44.79100037,529.1300049,162.2649994,11.37559986
258.4599915,3441.110107,47.70059967,478.8269958,174.345993,10.43620014
128.9799957,3191.01001,37.49380112,512.4060059,180.3930054,9.120149612
154.2070007,3379.629883,37.95100021,555.3930054,172.3119965,7.062660217
265.5270081,3421.610107,45.03290176,512.125,161.5339966,10.66250038
278.1860046,2550.870117,59.98590088,338.5639954,196.3209991,19.7765007
295.0769958,3475.449951,48.75159836,512.2719727,170.0180054,11.65149975
553.4920044,2338.889893,108.6969986,342.6579895,229.5630035,32.96170044
195.8159943,3402.76001,42.34479904,488.8840027,175.2359924,8.915040016
370.2330017,2625.129883,76.02110291,380.6740112,210.6640015,24.04030037
369.2149963,2448.879883,68.73179626,321.7030029,204.3730011,23.51440048
307.6019897,2601.030029,59.06840134,388.5209961,196.6089935,18.76549911
260.7810059,3423.679932,45.19869995,500.0419922,161.8200073,10.08500004
322.5469971,2628.879883,63.46269989,406.1910095,204.4589996,19.68589973
254.6620026,2537.469971,61.94070053,345.0419922,200.8959961,20.92770004
461.1130066,2479.199951,88.25250244,370.5320129,215.1710052,26.73150063
189.871994,3496.969971,42.8144989,519.2180176,176.9429932,9.850810051
179.9329987,3385.600098,39.93889999,543.7639771,172.1450043,7.819719791
422.7309875,2515.669922,78.91840363,360.6010132,208.3930054,24.12639999
328.0450134,2626.02002,64.48629761,406.375,205.095993,19.94510078
494.9179993,2299.429932,101.6809998,328.6279907,244.1679993,31.31220055
390.0960083,2656.97998,75.42769623,384.3200073,204.8320007,23.26059914
498.4320068,2443.22998,96.19629669,374.1199951,219.1560059,28.96800041
413.8940125,2348.300049,83.30660248,307.9859924,219.5240021,27.26549911
159.1000061,3467.590088,40.25059891,525.9379883,179.3500061,8.658009529
299.4240112,2601.459961,57.79339981,388.1809998,195.1109924,18.46030045
332.348999,2463.090088,65.82749939,316.8500061,199.6109924,22.53230095
430.5409851,2510.409912,82.20529938,375.2510071,210.9960022,24.98649979
159.9450073,3388.449951,38.84469986,543.4290161,174.3730011,7.60228014
339.8439941,2862.699951,66.13909912,409.8710022,194.1999969,19.09900093
143.2350006,3235.860107,40.06359863,527.7069702,176.3049927,9.202429771
285.5679932,3434.080078,46.63290024,500.5429993,160.2250061,11.16219997
338.598999,2599.090088,65.38890076,393.9060059,203.2550049,20.33309937
148.7890015,3461.169922,39.31760025,535.8660278,181.4799957,8.23898983
293.848999,3479.76001,49.41090012,493.8039856,170.4429932,11.48260021
240.2660065,3150.01001,48.11429977,470.7460022,176.3300018,12.53610039
349.803009,2423.47998,70.02179718,309.6600037,204.904007,23.8701992
366.8770142,3517.320068,51.75989914,522.2639771,161.6710052,13.47780037
243.6000061,3471.689941,45.49280167,478.3739929,172.2640076,9.448820114
362.2510071,3502.120117,50.69240189,522.8239746,159.6860046,13.41320038
211.1119995,3398.659912,41.60960007,524.007019,167.0700073,8.466569901
583.632019,2306.330078,115.413002,346.5499878,232.7299957,34.78960037
271.3959961,3432.469971,44.4253006,543.9429932,162.2160034,11.6243
178.7799988,3376.620117,39.03969955,543.7050171,168.4230042,7.566730022
487.0379944,2425.959961,91.40200043,321.2680054,216.9889984,28.40019989
155.1670074,3379.959961,38.08800125,555.1199951,172.7339935,7.159120083
220.8560028,3422.550049,44.4137001,479.2730103,175.5809937,9.287150383
225.8359985,2632.580078,54.28889847,360.0119934,191.5339966,17.30750084
458.3710022,2481.669922,84.73560333,338.348999,211.7669983,25.98110008
343.57901,3505.550049,50.81269836,520.9749756,165.1730042,12.81770039
511.427002,2297.300049,104.6699982,334.1489868,253.6430054,31.95949936
459.802002,2477.929932,85.63800049,343.8280029,212.8320007,26.18880081
291.2139893,3472.820068,49.3307991,491.1329956,170.6959991,11.32789993
355.0740051,2998.110107,67.59210205,451.6210022,189.8899994,19.4375
135.9349976,3386.179932,36.91999817,560.9910278,173.9320068,6.760300159
253.026001,3415.139893,43.96609879,521.2089844,162.4369965,10.33920002
358.3859863,3123.169922,64.13990021,485.0050049,191.7949982,18.5359993
411.2940063,2343.47998,76.30400085,282.7860107,202.1920013,26.61240005
334.2000122,3130.879883,61.79140091,473.4599915,188.8540039,16.69610023
540.2700195,2276.550049,109.7310028,329.6589966,247.3269958,33.56359863
577.7869873,2298.139893,114.8669968,340.9549866,234.4420013,34.75569916
406.678009,2382.399902,72.28540039,287.5020142,195.0769958,25.59320068
380.7619934,3523.790039,52.1493988,538.3049927,160.0249939,14.10859966
215.0839996,3392.26001,41.39429855,529.5230103,164.7709961,8.928750038
174.1999969,3385.969971,39.30110168,544.7789917,170.9570007,7.492780209
551.6040039,2333.800049,108.538002,339.25,230.2929993,32.99829865
194.375,3396.439941,40.65250015,531.6420288,169.0509949,7.960539818
382.2659912,3535.73999,52.02059937,555.8289795,158.5370026,14.29249954
377.1159973,3537.389893,52.46680069,545.1079712,164.1239929,14.03110027
361.9440002,3525.909912,51.79639816,538.039978,165.2030029,13.57180023
244.4589996,3413.080078,43.71780014,514.4769897,163.1159973,9.782420158
277.4219971,3456.639893,48.42409897,477.0419922,169.9539948,10.51340008
250.8529968,2649.879883,51.47980118,408.3729858,192.6920013,16.83939934
329.7290039,2992.629883,62.24470139,443.447998,189.8000031,18.29509926
372.2460022,2556.0,68.98439789,369.1099854,202.4589996,21.35569954
253.3470001,3436.540039,47.34569931,475.0910034,174.8789978,10.21860027
151.529007,2969.909912,42.73960114,449.9760132,179.625,11.52270031
195.7590027,3380.379883,40.09389877,536.9580078,167.2409973,8.124250412
281.7449951,2990.0,56.48880005,433.5429993,185.9750061,15.38029957
232.6549988,3403.22998,42.57379913,525.7310181,163.6620026,9.568030357
296.7569885,3443.219971,48.25749969,472.6119995,157.4259949,10.65289974
377.4970093,3536.0,52.41989899,544.3010254,163.7100067,14.01360035
316.8110046,2631.790039,62.39849854,406.0580139,203.7660065,19.41710091
255.1320038,3436.709961,45.35720062,489.1839905,164.1799927,9.585330009
462.9039917,2478.949951,88.81729889,373.3980103,215.4790039,26.86980057
323.6530151,3499.649902,50.0632019,524.7819824,168.0420074,12.49559975
204.5010071,3421.300049,43.33089828,487.6440125,175.5359955,9.509590149
284.723999,3459.209961,49.20970154,486.696991,171.7489929,11.00249958
342.4150085,3512.709961,50.17679977,504.2430115,160.6959991,12.32240009
438.29599,2508.409912,84.31189728,382.9630127,212.201004,25.51169968
159.302002,3508.919922,41.01530075,527.9429932,176.4349976,9.826459885
175.8860016,3481.669922,41.70270157,519.6799927,177.7830048,9.290180206
291.2820129,3435.580078,47.81439972,473.071991,156.4640045,10.43980026
303.9509888,2452.129883,66.52500153,325.7479858,207.7109985,22.75320053
252.9109955,2704.719971,52.0163002,422.3599854,201.5950012,16.44389915
259.7189941,3418.780029,44.51850128,516.9940186,161.9989929,10.53219986
298.769989,3481.290039,48.88270187,516.6599731,169.8099976,11.81089973
219.5399933,3098.169922,46.45899963,467.1409912,175.2640076,12.15330029
324.0310059,3502.590088,50.07839966,527.5390015,168.1950073,12.56060028
141.3339996,3410.22998,37.90179825,547.1409912,176.2740021,7.396210194
205.5919952,3416.399902,41.9272995,519.9550171,170.5659943,8.322529793
146.5269928,2763.780029,43.61579895,428.9400024,187.753006,13.75030041
212.3090057,2722.199951,45.69189835,425.20401,196.9960022,14.93599987
425.4760132,2513.77002,80.71369934,370.8250122,210.0240021,24.59490013
363.6359863,2586.959961,70.54650116,397.1849976,206.9149933,21.65690041
166.173996,2743.969971,39.80170059,430.802002,191.7319946,13.5600996
336.3280029,3492.810059,48.50230026,559.710022,160.1150055,13.54080009
453.868988,2492.75,82.375,323.7120056,207.9309998,25.50020027
245.7129974,3456.149902,46.35660172,491.8909912,174.3079987,10.86789989
552.8220215,2270.649902,111.836998,328.0140076,242.8329926,34.27659988
355.2219849,2824.409912,66.75589752,407.480011,196.8800049,19.61759949
159.223999,3182.72998,40.50350189,511.3120117,178.5939941,9.836669922
160.022995,3514.179932,41.09690094,529.2280273,176.2220001,9.948349953
269.57901,3428.459961,46.00059891,491.6820068,160.8000031,10.20940018
216.7550049,3430.02002,43.69860077,492.4679871,173.9019928,8.946749687
254.1660004,2980.820068,53.33300018,436.6010132,183.7250061,14.36050034
263.2999878,2676.429932,53.52669907,415.1279907,199.8309937,17.04910088
175.6549988,3386.439941,39.47719955,544.6279907,171.3809967,7.578559875
339.9779968,2595.070068,65.38349915,391.4700012,202.8029938,20.34900093
390.9630127,3551.25,53.20050049,553.5130005,163.9759979,14.51900005
268.3940125,3462.449951,48.08560181,488.4389954,172.7400055,10.90400028
278.0289917,2670.189941,56.00759888,414.4970093,201.6799927,17.65110016
107.5650024,2784.52002,38.65420151,410.9309998,192.322998,12.43290043
364.993988,2543.889893,66.03559875,358.1950073,200.3240051,20.62649918
136.3190002,2733.22998,43.2757988,392.6210022,193.9290009,13.93550014
232.4519958,3430.669922,45.5768013,480.6000061,175.3699951,10.13949966
558.723999,2270.929932,112.8830032,329.0889893,241.4839935,34.55070114
380.2049866,2453.429932,69.63279724,321.7770081,203.1679993,23.6086998
271.9079895,2479.27002,64.9332962,339.4859924,210.9499969,21.94029999
172.0670013,2720.679932,42.14889908,425.8590088,188.0809937,14.28989983
506.3340149,2289.590088,100.8460007,315.4769897,243.2879944,31.40509987
435.4389954,2324.139893,84.5483017,296.7340088,218.0850067,28.03560066
320.6359863,2423.620117,71.89009857,328.8200073,214.7929993,24.07719994
201.1049957,3411.449951,42.96689987,485.4190063,175.3269958,9.301950455
227.3509979,3470.600098,45.14149857,501.5629883,175.2030029,10.63819981
294.381012,3458.030029,45.62749863,557.5050049,161.8509979,12.59029961
492.2030029,2426.280029,93.2594986,333.4930115,218.7769928,28.63019943
427.9670105,2512.040039,81.47450256,373.1440125,210.5379944,24.7954998
374.6619873,2559.360107,70.45559692,376.0130005,204.1920013,21.75060081
277.3410034,3452.459961,48.74290085,480.54599,171.7169952,10.63399982
154.5540009,3464.77002,39.83980179,529.9769897,180.5039978,8.479660034
163.4720001,3376.26001,38.19390106,549.815979,169.8249969,7.112180233
207.5099945,2590.080078,57.6189003,362.0639954,201.3659973,19.48250008
238.0130005,3419.429932,43.73070145,506.625,164.470993,9.314900398
585.6400146,2326.780029,114.723999,357.0249939,229.5469971,34.43709946
234.0939941,2712.949951,48.98630142,423.3210144,199.5200043,15.71430016
251.4219971,3414.909912,43.29359818,537.6040039,162.6009979,10.63210011
267.6650085,3456.709961,46.74359894,473.9670105,164.5149994,9.840009689
212.647995,2673.830078,48.81980133,403.54599,188.6609955,15.89220047
435.4700012,2509.77002,83.66449738,381.4960022,211.8869934,25.34589958
151.0899963,2993.840088,42.33060074,455.5710144,179.0090027,11.22649956
182.1069946,3380.889893,39.39390182,541.1779785,168.5359955,7.645510197
203.4279938,3471.98999,43.55979919,507.5509949,176.3450012,10.00459957
198.7400055,3482.389893,43.41830063,511.0639954,175.0720062,10.34850025
449.1789856,2324.26001,95.37059784,326.9519958,231.9989929,29.67720032
297.4960022,2637.639893,58.76210022,404.7319946,200.7169952,18.53199959
517.8430176,2286.610107,102.4520035,312.2770081,236.5789948,32.1733017
245.2409973,3426.199951,44.4109993,499.0650024,164.7299957,9.395770073
548.8369751,2316.379883,108.685997,331.8900146,232.7129974,33.26649857
464.79599,2478.780029,89.36540222,376.0429993,215.753006,27.00429916
105.6839981,2780.810059,38.50790024,407.4989929,192.9320068,12.42609978
264.8399963,3427.649902,43.89369965,546.3170166,162.2389984,11.33909988
344.2619934,3520.679932,51.0685997,537.6140137,167.220993,13.20510006
583.2969971,2313.719971,114.9820023,349.3850098,231.6170044,34.61769867
496.2279968,2430.77002,95.07649994,353.8919983,219.4980011,28.84490013
389.855011,2554.070068,74.7440033,385.7420044,207.8589935,22.87940025
323.6679993,3483.590088,47.60359955,560.2979736,160.8150024,13.3149004
274.0280151,3433.800049,44.97579956,533.2449951,163.727005,11.76930046
224.1909943,3504.379883,44.93450165,516.8389893,173.2449951,11.24800014
390.1499939,3546.560059,52.93939972,551.7860107,162.6569977,14.41359997
197.4649963,3401.73999,41.00889969,528.7650146,169.4340057,8.05136013
313.6000061,2978.659912,61.75960159,438.0509949,189.6909943,17.55590057
231.6170044,3411.47998,43.07569885,513.4229736,164.5690002,9.211720467
262.072998,3447.030029,46.10129929,480.8110046,164.1260071,9.711440086
397.348999,2481.570068,71.33499908,322.6799927,200.6179962,23.35460091
165.8730011,3379.01001,38.45429993,548.53302,170.0579987,7.189740181
216.3860016,3140.540039,46.06809998,477.1789856,177.2630005,11.71759987
231.647995,2688.540039,48.66439819,418.2009888,195.548996,15.90639973
168.1150055,3381.459961,38.70019913,547.4400024,170.3359985,7.269040108
270.980011,3463.129883,47.19749832,470.3800049,165.4620056,9.96570015
357.0939941,2410.790039,75.57189941,319.2479858,213.8350067,24.71990013
129.6820068,2776.290039,37.74750137,426.5159912,190.7350006,12.73200035
526.4869995,2401.600098,101.9250031,362.3770142,222.7460022,30.71879959
211.1450043,3433.120117,43.92060089,490.0,175.6300049,9.794139862
375.4890137,2556.22998,70.05729675,371.8699951,203.4790039,21.64599991
496.8649902,2437.320068,95.62470245,365.1489868,219.3130035,28.88610077
411.4039917,2511.870117,73.33869934,331.3609924,202.3739929,23.03199959
580.0750122,2302.810059,115.0090027,343.5190125,233.5350037,34.73690033
131.8179932,3379.050049,36.37720108,563.190979,172.6230011,6.404500008
238.6430054,3439.800049,45.98339844,484.6260071,174.8679962,10.4307003
541.7670288,2300.120117,107.8339996,324.5759888,235.0690002,33.31340027
525.0969849,2379.899902,101.7949982,341.848999,224.897995,30.98480034
384.3429871,3538.189941,52.88439941,534.4869995,161.3730011,14.14239979
344.0209961,2596.709961,66.51039886,394.5360107,204.1329956,20.62039948
382.4400024,3529.590088,52.41059875,537.5360107,160.4069977,14.1257
223.7059937,3027.870117,48.98949814,450.7279968,182.1159973,12.73060036
503.92099,2297.629883,103.3880005,331.5289917,248.4680023,31.67690086
267.9089966,2645.679932,53.82929993,406.1390076,195.776001,17.3628006
215.1179962,3443.550049,44.25490189,493.2399902,175.6089935,10.00710011
439.8420105,2330.209961,90.58380127,317.8080139,228.5399933,28.76569939
337.2380066,2754.820068,65.37930298,380.1130066,193.6569977,19.51329994
186.6439972,3399.75,41.11660004,516.2869873,174.2819977,8.305500031
301.9370117,2593.629883,58.04140091,383.4339905,194.7160034,18.53350067
331.223999,3500.5,49.18669891,503.4230042,159.8280029,12.08209991
125.6269989,2782.389893,37.78340149,424.9460144,191.6369934,12.64570045
176.1069946,2686.01001,48.65190125,379.6199951,193.4230042,15.5951004
208.8450012,2594.939941,57.23099899,362.1260071,200.4149933,19.29660034
495.6690063,2423.919922,94.38770294,339.5859985,219.5500031,28.8477993
166.3690033,3403.540039,39.88629913,517.1329956,175.5010071,8.195030212
219.4859924,2889.030029,51.95289993,417.368988,188.8249969,14.82719994
