Ols_Al_0_2,Ols_Ca_0_2,Ols_Fe_0_2,Ols_K_0_2,Ols_Mg_0_2,Ols_P_0_2,Ols_Al_2_6,Ols_Ca_2_6,Ols_Fe_2_6,Ols_K_2_6,Ols_Mg_2_6,Ols_P_2_6,H3A_Al_0_2,H3A_Ca_0_2,H3A_Fe_0_2,H3A_K_0_2,H3A_Mg_0_2,H3A_P_0_2,H3A_Al_2_6,H3A_Ca_2_6,H3A_Fe_2_6,H3A_K_2_6,H3A_Mg_2_6,H3A_P_2_6,M3_Al_0_2,M3_Ca_0_2,M3_Fe_0_2,M3_K_0_2,M3_Mg_0_2,M3_P_0_2,M3_Al_2_6,M3_Ca_2_6,M3_Fe_2_6,M3_K_2_6,M3_Mg_2_6,M3_P_2_6,TOC_0_2,IC_0_2,TN_0_2,TOC_2_6,IC_2_6,TN_2_6
1.072070003,110.6589966,1.693560004,236.0769958,40.18180084,5.160029888,0.99496299,92.10310364,1.321460009,205.6029968,32.63499832,3.155790091,66.82689667,3385.929932,6.443270206,66.63839722,49.09199905,5.140979767,57.78979874,3661.330078,6.549250126,66.98539734,47.87799835,3.527970076,383.348999,3538.040039,52.90589905,532.9299927,161.6329956,14.10159969,373.8569946,3570.360107,64.53199768,448.8439941,159.901001,7.272679806,162.4900055,65.22370148,20.20879936,146.6100006,81.64050293,17.65099907
0.920570016,106.5940018,1.661450028,239.0370026,41.55789948,5.015779972,0.873587012,89.1697998,1.341349959,204.5110016,34.16130066,3.141750097,66.24880219,3253.919922,6.216219902,65.07420349,55.20930099,5.151229858,56.1495018,3468.51001,5.825500011,68.19210052,53.32360077,3.525000095,341.3680115,3504.580078,50.75479889,521.1019897,165.5599976,12.77649975,344.5490112,3276.080078,64.24320221,409.0159912,148.970993,6.305729866,157.5639954,62.83229828,19.94129944,145.298996,77.93060303,17.45179939
1.020120025,56.93709946,1.703680038,230.3509979,22.17259979,3.126049995,0.743102014,90.16259766,1.325139999,222.9179993,35.53290176,3.372539997,63.05319977,3095.719971,5.697209835,63.16540146,58.53219986,5.038509846,56.91109848,3130.219971,5.530700207,67.67890167,57.4917984,4.072400093,295.4989929,3447.129883,47.41880035,496.394989,160.4320068,11.31750011,290.5849915,3547.399902,53.98329926,466.427002,161.8240051,6.970059872,158.2070007,58.83430099,20.18840027,149.3650055,71.46530151,19.96310043
0.922856987,111.163002,1.659759998,239.2070007,43.7195015,5.209119797,0.898757994,91.19139862,1.341169953,205.3370056,34.15309906,3.135349989,67.24970245,3279.459961,6.374879837,65.021698,50.02000046,5.107160091,55.74229813,3533.080078,6.031199932,68.06890106,48.65589905,3.527899981,341.552002,3513.280029,50.89989853,531.8629761,166.8829956,13.01980019,347.3590088,3193.889893,67.13089752,394.2319946,146.9759979,6.008180141,159.326004,63.22119904,19.9993,146.2700043,78.35089874,17.83659935
0.662132978,104.5680008,1.514150023,238.651001,43.0965004,4.68844986,0.756237984,94.57129669,1.311759949,207.2510071,39.03089905,3.17366004,64.60449982,2969.459961,5.616390228,58.49069977,40.94260025,4.955589771,51.37879944,3115.370117,4.87443018,67.11689758,39.76250076,4.05065012,173.5540009,3486.169922,41.58160019,521.7650146,177.8789978,9.256329536,190.0529938,2607.790039,69.22820282,286.0840149,136.3589935,2.541049957,163.8300018,57.57699966,19.58869934,154.7920074,66.79489899,19.83250046
0.852096975,104.4509964,1.648259997,238.9689941,41.38850021,4.831669807,0.806765974,88.14029694,1.340860009,203.947998,35.09909821,3.122610092,65.86450195,3180.350098,6.09773016,64.11389923,58.07939911,5.20717001,56.20610046,3364.01001,5.613729954,68.25789642,56.0807991,3.628319979,319.8389893,3488.580078,49.92630005,511.2569885,167.4490051,12.12460041,330.9830017,3242.610107,63.35599899,403.8179932,148.3240051,5.910709858,154.5480042,61.32799911,19.89940071,145.0509949,75.61190033,17.32769966
0.709531009,104.8349991,1.517289996,238.2220001,43.3728981,4.872139931,0.768929005,93.43299866,1.311579943,205.947998,38.2621994,3.161950111,65.17960358,3002.909912,5.670979977,59.19869995,44.12129974,5.093810081,51.77759933,3179.97998,5.025629997,67.23439789,42.85559845,4.030379772,209.5220032,3487.820068,44.04809952,511.506012,176.072998,10.34300041,227.0500031,2754.530029,69.13130188,312.6539917,138.5070038,3.077519894,161.2100067,58.42610168,19.50079918,153.1170044,68.50509644,19.21899986
1.325049996,32.87630081,1.74695003,227.9589996,5.312220097,2.558759928,0.975879014,103.1549988,1.328150034,236.9559937,36.00979996,3.529629946,62.93640137,3228.969971,5.847439766,64.84410095,38.12490082,4.864880085,59.08890152,3306.219971,6.387819767,67.26490021,38.62139893,4.086030006,287.8200073,3447.850098,45.45800018,547.1950073,163.095993,12.39340019,254.2259979,3542.419922,50.62659836,482.3880005,160.2810059,7.861859798,175.3739929,58.24520111,20.44009972,155.0209961,71.43489838,21.58849907
1.321020007,78.83609772,1.750259995,233.3509979,20.63809967,3.961709976,1.136459947,100.4369965,1.325989962,222.072998,33.77149963,3.366739988,64.16950226,3432.23999,6.150139809,68.05329895,37.94689941,4.863490105,61.59090042,3615.580078,7.077340126,66.9878006,38.35179901,3.499850035,342.1700134,3497.409912,48.9233017,559.6619873,159.7619934,13.64009953,310.9710083,3574.570068,57.68050003,471.4899902,159.0079956,8.109069824,172.5480042,63.12070084,20.47629929,149.9779968,79.19270325,19.68910027
0.890896022,82.78450012,1.677719951,239.029007,31.11829948,3.288120031,0.723026991,88.88639832,1.326410055,215.2440033,36.48329926,3.251729965,61.84519958,2999.76001,5.408939838,61.43690109,61.15670013,4.792640209,67.11540222,2911.360107,6.080279827,67.32289886,60.78369904,4.008029938,245.2409973,3426.199951,44.4109993,499.0650024,164.7299957,9.395770073,250.0700073,3360.48999,52.73669815,451.4689941,155.0319977,6.239019871,160.2830048,58.83909988,20.47100067,150.996994,70.75450134,20.64369965
0.835978985,167.4589996,1.345289946,248.5890045,72.43440247,7.860479832,0.917649984,129.2819977,1.513870001,177.7420044,61.14899826,3.769249916,123.1589966,2252.120117,17.11359978,77.76550293,78.58930206,66.14530182,164.298996,2227.550049,26.46080017,61.36989975,71.0727005,51.11289978,395.6000061,2362.639893,76.15460205,294.9949951,207.3999939,26.03120041,387.9039917,2528.060059,80.4957962,256.6820068,190.4309998,13.19120026,174.3329926,33.19260025,16.64220047,140.9409943,45.8771019,15.12349987
1.102779984,191.5599976,1.372699976,248.6450043,82.15239716,9.422949791,1.348510027,147.1329956,1.512519956,172.2689972,65.69670105,4.297420025,129.8809967,2358.550049,18.28240013,78.08609772,67.6128006,64.52839661,198.5039978,2137.939941,30.55470085,60.99229813,60.07130051,49.22439957,475.9089966,2302.5,94.83850098,311.8080139,236.0950012,29.98360062,476.6480103,2477.719971,97.4029007,248.1179962,194.352005,14.69569969,193.0310059,31.1215992,16.91589928,144.154007,43.43080139,16.42919922
1.182000041,48.2881012,1.737640023,230.4279938,9.577859879,2.538630009,0.883642018,99.67389679,1.327219963,229.7160034,36.2276001,3.455090046,61.61930084,3174.580078,5.639289856,64.03340149,43.56409836,4.850679874,62.0760994,3186.199951,6.50357008,67.25610352,44.15110016,4.048500061,267.2659912,3428.649902,44.17649841,542.8010254,162.2220001,11.41609955,239.5769958,3543.709961,49.61370087,480.0220032,160.9309998,7.873179913,170.4550018,58.08409882,20.43880081,153.3309937,71.0664978,21.22879982
0.805248022,101.9810028,1.554710031,264.8590088,37.87020111,4.639140129,0.830757022,93.82730103,1.269840002,205.7700043,37.64910126,3.148020029,66.33180237,3148.889893,6.094150066,62.88040161,47.82040024,5.06908989,51.45460129,3361.48999,5.435490131,66.85379791,46.65510178,3.54211998,244.3890076,3515.76001,46.02209854,520.4639893,171.9179993,11.84140015,259.1809998,3005.590088,66.13040161,357.1879883,142.4589996,4.574399948,158.7420044,58.73009872,19.96899986,147.7799988,71.15599823,18.13380051
0.83216399,109.3509979,1.640390038,239.3139954,43.91260147,5.021190166,0.82613802,90.6140976,1.340499997,204.6649933,35.60509872,3.116379976,66.60610199,3174.709961,6.169620037,63.63539886,50.70479965,5.164559841,55.65380096,3385.47998,5.704120159,68.08409882,49.32519913,3.673890114,299.0329895,3485.530029,48.85290146,520.617981,169.8959961,11.8902998,316.1000061,3093.879883,66.48439789,376.5639954,144.5839996,5.117280006,157.0939941,61.16849899,19.9531002,146.6959991,74.90720367,17.88899994
1.308719993,77.02739716,1.730309963,233.7579956,23.16130066,4.392819881,1.129570007,98.2928009,1.324890018,217.826004,33.49670029,3.395950079,64.35720062,3379.97998,6.070519924,67.75759888,42.61729813,5.008460045,60.30730057,3554.610107,6.532670021,67.05509949,42.01150131,3.506210089,342.6650085,3476.070068,48.93650055,542.3120117,159.9329987,13.51959991,311.9360046,3572.100098,57.77719879,462.8739929,159.548996,7.726329803,172.3659973,63.60329819,20.25110054,149.5379944,79.12220001,19.24819946
0.706498027,101.4300003,1.556049943,237.5079956,38.72779846,3.722470045,0.684390008,95.00430298,1.314360023,210.6660004,38.67869949,3.197190046,62.2818985,2893.540039,5.367269993,57.86830139,38.85089874,4.677239895,70.07990265,2810.790039,5.960859776,66.94190216,38.97689819,4.130459785,131.177002,3386.830078,36.58720016,562.7860107,173.9349976,6.607689857,145.1750031,2924.939941,56.15890121,374.3399963,145.3049927,3.436500072,174.2039948,57.11740112,19.87400055,159.3690033,67.66889954,21.48110008
0.660731018,143.2940063,1.330680013,249.2510071,70.00499725,8.062509537,0.785573006,108.8420029,1.518810034,172.404007,57.145401,3.790159941,135.8099976,1436.650024,18.9503994,65.38379669,74.37670135,45.86999893,135.0720062,1253.060059,20.61050034,60.45360184,75.88300323,35.34830093,497.9030151,2440.540039,96.00170135,370.5440063,219.2440033,28.9442997,485.5599976,2554.860107,98.51029968,272.0090027,191.0599976,13.54959965,188.8500061,35.14099884,16.9022007,143.9629974,46.17359924,16.18300056
0.696447015,104.6760025,1.517150044,238.2799988,42.80709839,4.763629913,0.755948007,93.52709961,1.311650038,205.9700012,38.39929962,3.154210091,64.96450043,2989.949951,5.649740219,58.97430038,43.42449951,5.089270115,53.07960129,3151.959961,5.11274004,67.21060181,42.24060059,4.061649799,202.9420013,3477.909912,43.56019974,509.7229919,176.3860016,10.04969978,222.3300018,2745.169922,67.96269989,312.4419861,138.8910065,3.124919891,161.1419983,58.11769867,19.51709938,153.3600006,68.08300018,19.27969933
1.309700012,103.1429977,1.721079946,236.8090057,33.99089813,5.444320202,1.22171998,96.50389862,1.323109984,207.4730072,32.21409988,3.317759991,65.37940216,3459.310059,6.232260227,69.28019714,43.68399811,5.10337019,61.26530075,3697.050049,6.706910133,66.87229919,42.67020035,3.229500055,373.2720032,3494.850098,51.1147995,540.3980103,159.1269989,14.15310001,346.9169922,3583.939941,62.24319839,452.6090088,159.2720032,7.616640091,171.1759949,66.45839691,20.15570068,146.9929962,83.15540314,18.11100006
0.659406006,143.3370056,1.330839992,249.2149963,70.23960114,8.075819969,0.776004016,108.7340012,1.518720031,172.279007,57.36180115,3.786070108,135.4219971,1445.699951,18.89990044,65.49559784,75.52880096,46.09410095,135.6849976,1262.650024,20.79750061,60.46390152,76.98639679,35.55220032,497.5539856,2437.689941,95.81829834,366.6340027,219.3439941,28.92770004,486.368988,2553.610107,98.3608017,271.1560059,191.1009979,13.55900002,188.5010071,35.00510025,16.90159988,143.6670074,46.19910049,16.14389992
0.635941982,140.8820038,1.328340054,249.3309937,67.54119873,7.636390209,0.761373997,105.487999,1.519659996,172.9349976,55.31740189,3.686830044,132.6759949,1443.599976,18.38800049,64.7507019,72.6242981,44.9966011,127.6060028,1292.640015,19.06220055,60.43930054,75.93319702,34.73139954,466.1229858,2475.01001,89.42919922,372.3429871,215.8150024,27.05270004,452.2929993,2564.669922,93.31479645,274.4599915,190.0410004,12.82800007,187.1849976,35.76240158,16.87109947,143.7980042,47.1006012,16.06550026
0.726976991,154.6860046,1.340680003,248.4790039,80.35839844,9.544819832,0.768549025,120.5370026,1.51485002,169.904007,64.12190247,4.13778019,138.4669952,1561.02002,19.6215992,69.09339905,93.2901001,51.80519867,163.6080017,1310.680054,27.31340027,60.64609909,84.73509979,39.80609894,546.835022,2320.909912,108.1060028,332.0549927,232.0919952,33.09249878,550.5910034,2507.929932,108.7509995,257.0809937,193.9470062,15.27719975,193.322998,32.10520172,17.06850052,142.4309998,43.21889877,16.59449959
1.186380029,105.6750031,1.708240032,236.4420013,36.55120087,5.25646019,1.104320049,93.5134964,1.32238996,206.5379944,32.36029816,3.242710114,65.72869873,3422.100098,6.274990082,68.01139832,47.70399857,5.102769852,59.71049881,3664.219971,6.541639805,66.97789764,46.395401,3.348309994,376.303009,3511.610107,51.66189957,536.335022,159.7050018,14.01959991,355.927002,3580.120117,62.82049942,450.7049866,159.5359955,7.47492981,166.6790009,65.89759827,20.18020058,146.5410004,82.52010345,17.78700066
0.985215008,109.0999985,1.67445004,239.0709991,41.59000015,5.158710003,0.937354028,90.69139862,1.341860056,205.4470062,33.4353981,3.157429934,66.64589691,3321.540039,6.337870121,65.92479706,51.83959961,5.099619865,56.86510086,3565.540039,6.141449928,68.12010193,50.2643013,3.442450047,359.2059937,3517.860107,51.49649811,531.257019,164.2649994,13.36380005,356.3479919,3301.669922,65.16699982,414.0419922,149.6080017,6.677780151,160.1300049,64.0687027,19.99729919,145.5579987,79.87030029,17.63389969
0.566492975,138.1990051,1.315340042,249.4170074,65.46060181,7.002200127,0.693148971,97.67320251,1.509879947,174.9349976,53.69789886,3.522720098,124.2860031,1557.25,17.06389999,62.37250137,70.23919678,42.19739914,116.4580002,1408.650024,16.69860077,60.89599991,76.65380096,32.88130188,427.9670105,2512.040039,81.47450256,373.1440125,210.5379944,24.7954998,407.5740051,2615.679932,86.20240021,281.7579956,186.9660034,11.96119976,183.9160004,36.56760025,17.05360031,142.5059967,49.3771019,16.42860031
1.073500037,177.7350006,1.36717999,248.7570038,78.20220184,9.553030014,1.256399989,155.9190063,1.513890028,174.6580048,67.92960358,4.381700039,129.5870056,2333.370117,18.2765007,76.11650085,64.65910339,60.36970139,208.6109924,2232.01001,31.29319954,60.93790054,57.29579926,46.23669815,451.7290039,2322.47998,95.40950012,326.1170044,232.3540039,29.72439957,448.6180115,2497.77002,99.07849884,256.480011,195.177002,14.99349976,187.5709991,33.68299866,16.87170029,144.7070007,41.93840027,16.03860092
0.61877501,152.4279938,1.334069967,247.9219971,79.72899628,9.253789902,0.583352983,112.9639969,1.514109969,169.6990051,62.65200043,4.014900208,134.3860016,1546.589966,18.94099998,69.19660187,106.7409973,53.11750031,154.5039978,1338.790039,26.47839928,60.77090073,93.53320313,40.81010056,512.4860229,2340.580078,99.61910248,315.2109985,228.197998,31.27860069,518.8930054,2505.560059,101.6849976,254.8820038,192.7189941,14.52070045,191.6410065,31.61050034,17.18379974,140.7590027,44.17449951,16.80349922
1.017510056,112.7870026,1.681110024,239.0410004,42.69449997,5.305550098,0.974979997,92.77890015,1.34205997,206.897995,32.95859909,3.157390118,67.72699738,3381.090088,6.56675005,66.29370117,47.36330032,5.043220043,57.13539886,3671.76001,6.549359798,68.02839661,46.32949829,3.409670115,376.1520081,3537.800049,52.46269989,545.3889771,164.4380035,14.02369976,371.2990112,3275.459961,67.52459717,410.2260132,149.2769928,6.897299767,161.977005,64.99269867,20.06870079,146.2079926,81.34149933,17.97179985
1.123129964,51.81940079,1.730489969,230.595993,13.05910015,2.591350079,0.834788024,97.40350342,1.326789975,227.7640076,36.32730103,3.429549932,61.5766983,3123.449951,5.56114006,63.41070175,46.98139954,4.870999813,62.33349991,3109.209961,6.298830032,67.29769897,47.36299896,4.10021019,259.8859863,3420.070068,44.06650162,530.9500122,162.2689972,10.88469982,239.9629974,3540.959961,49.83309937,477.9809875,161.6679993,7.506959915,168.1499939,57.91189957,20.4137001,152.9369965,70.47229767,21.17359924
0.855903029,95.3010025,1.622020006,241.5540009,38.10820007,4.584740162,0.77037102,84.21679688,1.321709991,203.3730011,34.28939819,3.144799948,64.93509674,3194.189941,5.996600151,63.90159988,65.82830048,5.113550186,53.97380066,3349.98999,5.25014019,67.42910004,62.6269989,3.551239967,339.4030151,3510.51001,50.52030182,504.9379883,163.125,12.39920044,336.7780151,3378.939941,60.80540085,422.6130066,151.8650055,6.486060143,154.4700012,61.98740005,20.04269981,145.8419952,76.71240234,16.93020058
0.687848985,145.9889984,1.333520055,249.1390076,72.74449921,8.514610291,0.80290103,112.5940018,1.517799973,171.7769928,59.35300064,3.892920017,138.4550018,1449.589966,19.45240021,66.19730377,77.07250214,47.06290054,144.3079987,1236.189941,22.50009918,60.48089981,76.88030243,36.2478981,528.8140259,2400.870117,102.4110031,364.0899963,222.8170013,30.8397007,519.1539917,2543.379883,103.572998,268.5429993,192.1909943,14.31359959,190.125,34.37030029,16.93040085,143.826004,45.21910095,16.25
1.215319991,42.59909821,1.723940015,228.9320068,13.44519997,2.996419907,0.901642978,97.27100372,1.326500058,230.0749969,35.48949814,3.463010073,63.40520096,3186.77002,5.830420017,64.37030029,46.9620018,4.975430012,56.99369812,3264.97998,5.845709801,67.40899658,46.30310059,4.049870014,300.3359985,3455.219971,46.73749924,525.4559937,162.2799988,12.20079994,276.2799988,3545.790039,52.63420105,472.2009888,160.7980042,7.404880047,169.6369934,59.0345993,20.27840042,152.8000031,72.21669769,20.61380005
0.707673013,106.9690018,1.554669976,237.8739929,39.54150009,3.854360104,0.649321973,92.77919769,1.313619971,206.9109955,38.02819824,3.11845994,63.01549911,2908.100098,5.439610004,57.77249908,40.65670013,4.819680214,74.03109741,2831.26001,6.497509956,66.8286972,41.03730011,4.184559822,181.5399933,3392.830078,40.45280075,529.90802,173.6130066,8.059940338,201.5930023,3113.47998,54.70159912,413.2780151,149.1649933,4.316929817,171.2920074,57.91569901,19.87649918,158.9490051,69.52749634,20.98679924
1.204159975,35.05450058,1.734740019,228.0509949,8.844050407,2.414360046,0.852998972,99.05059814,1.327690005,234.6690063,36.36399841,3.500139952,62.35979843,3130.23999,5.675199986,63.50640106,44.96580124,4.891479969,58.89780045,3151.399902,6.041669846,67.43099976,45.22529984,4.202229977,272.5140076,3428.949951,45.05709839,525.9680176,162.4850006,11.45740032,251.2030029,3537.419922,50.07540131,480.7219849,161.2949982,7.482570171,169.6159973,57.36629868,20.39030075,154.0899963,69.6588974,21.58329964
0.729826987,159.5919952,1.342700005,248.154007,82.79969788,9.839300156,0.742184997,123.0350037,1.51323998,169.6000061,65.04599762,4.225230217,137.3430023,1614.030029,19.4666996,70.32510376,99.51879883,54.07630157,168.5630035,1367.689941,28.67650032,60.73160172,87.13150024,41.35250092,537.8569946,2299.870117,106.9700012,322.5029907,235.0149994,33.15409851,544.4169922,2493.77002,108.1350021,253.7339935,194.1640015,15.31820011,196.1679993,31.3192997,17.16880035,142.5019989,42.54600143,16.97640038
1.20539999,185.4309998,1.378119946,248.8300018,84.16989899,10.66769981,1.454699993,160.6560059,1.512060046,169.6260071,69.49639893,4.76843977,136.1809998,2111.939941,19.3253994,75.915802,67.82749939,58.7256012,206.0339966,1885.040039,31.91040039,60.61249924,59.35860062,44.55080032,525.8300171,2288.419922,107.1460037,332.8299866,252.6620026,32.69459915,532.1959839,2458.780029,110.3899994,247.1970062,196.9949951,15.64280033,201.279007,32.35829926,17.05809975,146.6889954,40.27470016,16.62700081
0.998638988,186.1699982,1.364609957,248.4389954,84.27639771,9.660369873,1.183390021,138.7910004,1.512150049,170.5559998,65.67209625,4.279620171,132.901001,2141.649902,18.77840042,76.72640228,79.67810059,63.33459854,189.4490051,1878.099976,30.46069908,60.96440125,69.80319977,48.30540085,506.9949951,2289.030029,99.97149658,309.9020081,237.1929932,31.47439957,511.9400024,2473.669922,101.6240005,246.6499939,194.3609924,15.00409985,195.904007,30.40019989,17.01079941,143.3939972,43.21989822,16.68950081
0.730261981,153.5119934,1.340229988,248.6040039,79.50489807,9.453820229,0.785516024,120.163002,1.515269995,170.0980072,63.82400131,4.114870071,139.0559998,1546.589966,19.70590019,68.71829987,90.3707962,51.10179901,162.4929962,1295.670044,26.87229919,60.61629868,83.33550262,39.30189896,551.065979,2327.189941,108.6930008,336.4590149,231.1940002,33.12039948,553.2329712,2512.419922,109.1090012,258.4169922,193.9190063,15.28779984,192.7400055,32.39310074,17.03840065,142.6119995,43.3852005,16.49690056
1.030940056,176.6459961,1.363749981,248.7279968,76.81610107,9.098460197,1.204660058,149.6730042,1.514199972,175.3329926,65.86450195,4.238679886,127.2030029,2334.679932,17.84670067,76.33630371,66.34420013,61.2602005,197.2050018,2248.26001,29.89500046,61.00790024,59.02999878,46.97790146,430.5710144,2338.379883,89.57910156,319.5809937,227.3580017,28.42679977,425.9880066,2505.100098,93.67790222,257.1199951,193.8959961,14.39490032,185.0800018,33.57929993,16.8314991,144.0480042,43.07429886,15.91170025
1.321149945,94.89910126,1.753550053,235.1609955,26.82970047,4.462500095,1.196140051,99.10449982,1.325279951,217.0619965,33.08369827,3.306730032,64.66400146,3488.679932,6.224750042,69.27149963,37.98509979,4.850649834,62.11360168,3698.800049,7.166039944,66.86380005,38.30780029,3.293270111,357.5140076,3508.040039,50.0625,558.4760132,158.7279968,13.8739996,330.2000122,3585.310059,60.11959839,467.8059998,158.871994,8.007769585,171.4960022,64.63819885,20.52219963,148.2460022,81.54309845,19.06299973
1.031489968,112.2020035,1.684649944,239.0249939,42.0340004,5.271780014,0.984314978,92.6207962,1.34224999,206.8809967,32.88190079,3.16279006,67.41500092,3385.219971,6.52448988,66.49160004,47.84090042,5.043859959,57.57099915,3667.77002,6.554609776,68.04109955,46.75730133,3.3926301,376.723999,3535.709961,52.39960098,544.072998,163.8450012,13.99489975,370.3269958,3301.149902,66.78919983,415.1380005,149.8809967,7.011740208,162.1100006,65.06390381,20.06819916,146.0140076,81.49610138,17.91550064
0.67117703,106.2139969,1.541180015,238.1759949,40.02050018,3.96329999,0.664622009,94.51029968,1.313240051,207.3630066,38.42900085,3.136499882,63.13990021,2903.340088,5.457109928,57.57580185,37.24449921,4.806169987,69.09799957,2875.290039,6.099150181,66.8483963,37.30120087,4.197239876,158.5890045,3396.080078,38.97409821,536.9979858,175.1390076,7.724679947,178.2250061,2907.580078,57.17139816,368.0599976,144.9279938,3.646359921,171.3849945,57.4294014,19.82110023,158.8699951,67.99479675,20.9428997
0.889373004,186.3170013,1.346439958,248.4929962,80.83850098,8.616559982,1.011800051,132.4259949,1.510920048,174.5189972,63.7560997,3.876009941,128.3999939,2306.790039,18.05599976,82.10970306,83.7385025,74.81800079,177.951004,2169.370117,29.71990013,61.62469864,74.60600281,57.50859833,461.7820129,2301.350098,86.58609772,282.6430054,213.6119995,29.05089951,462.0610046,2490.5,88.60610199,245.720993,191.6959991,14.18719959,183.9880066,30.57040024,16.72330093,140.8849945,44.99129868,15.47630024
0.754761994,101.5630035,1.544720054,264.6860046,38.56819916,4.493400097,0.785524011,93.41329956,1.26978004,205.6569977,38.26100159,3.136140108,65.72599792,3077.909912,5.929430008,61.88809967,47.38420105,5.097700119,53.51010132,3250.090088,5.392459869,66.82689667,46.29119873,3.666690111,221.6580048,3489.570068,44.81520081,510.8909912,173.6809998,10.94509983,244.1779938,2953.379883,65.03869629,350.0190125,142.076004,4.178040028,157.7389984,57.75540161,19.95809937,148.4570007,69.34149933,18.28059959
0.765007973,101.862999,1.546229959,264.7749939,38.56359863,4.543960094,0.80101198,93.89420319,1.269809961,205.8840027,38.24710083,3.143539906,65.9260025,3094.600098,5.96833992,62.08800125,46.84569931,5.069769859,52.00230026,3282.679932,5.328460217,66.813797,45.73870087,3.632999897,221.1809998,3501.02002,44.7677002,515.7180176,173.4750061,11.12950039,241.6360016,2939.889893,65.94259644,346.3599854,141.3470001,4.108459949,158.602005,57.90129852,19.96940041,148.5480042,69.54699707,18.33300018
0.570905983,139.2369995,1.315979958,249.4060059,66.60959625,7.126699924,0.711261988,97.64299774,1.509789944,175.098999,53.90779877,3.571779966,126.7990036,1543.640015,17.46010017,62.39260101,69.85440063,42.06900024,115.0419998,1376.109985,16.54669952,60.89170074,74.62719727,32.67020035,436.3370056,2508.25,83.79029846,380.6470032,211.9170074,25.3871994,413.4609985,2616.629883,87.82980347,283.2680054,187.2059937,12.10999966,185.4250031,36.59159851,17.08699989,143.1040039,49.31880188,16.70969963
1.041610003,179.253006,1.364359975,248.7169952,77.86530304,9.176969528,1.224230051,149.5249939,1.513700008,174.8249969,65.96910095,4.253560066,127.9120026,2331.719971,17.96369934,76.8411026,67.15209961,62.21640015,197.4940033,2227.649902,30.09460068,61.02360153,59.77109909,47.69010162,441.2890015,2328.72998,90.55670166,316.9100037,228.5529938,28.79339981,437.8930054,2499.719971,94.40640259,255.026001,193.9790039,14.47060013,186.2279968,33.1167984,16.83580017,143.9940033,43.05730057,15.93330002
1.281589985,46.48989868,1.747560024,230.1799927,7.328269958,2.717220068,0.980230987,102.4339981,1.327579975,231.8890076,35.69490051,3.477440119,62.47100067,3273.919922,5.859889984,65.33920288,38.87210083,4.840740204,60.97240067,3354.169922,6.77478981,67.20130157,39.61920166,3.929290056,292.3930054,3455.76001,45.51679993,556.492981,161.923996,12.52530003,256.4299927,3551.030029,51.15589905,480.9599915,159.7929993,8.236660004,173.3880005,59.08399963,20.46369934,153.378006,72.99019623,21.11400032
1.107689977,54.90990067,1.729410052,230.9779968,13.92070007,2.608999968,0.830042005,97.23629761,1.32664001,226.6000061,36.37419891,3.416110039,61.38050079,3116.699951,5.525720119,63.30519867,47.03300095,4.864769936,63.33670044,3092.060059,6.353660107,67.25849915,47.44060135,4.096240044,254.7059937,3416.719971,43.66350174,533.0289917,162.4620056,10.68929958,234.9689941,3540.340088,49.6067009,477.6619873,161.8249969,7.482540131,168.298996,57.94540024,20.42180061,152.9700012,70.50779724,21.14069939
0.56783998,138.5099945,1.31558001,249.4179993,65.80770111,7.038290024,0.69997102,97.62539673,1.509860039,175.029007,53.72570038,3.540290117,125.086998,1553.73999,17.18700027,62.3608017,69.98500061,42.10359955,115.6900024,1399.319946,16.58979988,60.8932991,75.77709961,32.76210022,429.5150146,2511.949951,82.07559967,376.2879944,210.9750061,24.94440079,408.0539856,2616.5,86.6128006,282.5150146,187.0390015,11.98859978,184.5119934,36.61560059,17.06679916,142.7740021,49.37889862,16.54299927
1.285560012,23.14119911,1.742419958,225.6100006,5.700719833,2.218280077,0.882158995,101.4020004,1.328809977,240.822998,36.53409958,3.553809881,62.69129944,3131.350098,5.724319935,63.39020157,41.43180084,4.877840042,57.92259979,3167.51001,5.973350048,67.42639923,41.69070053,4.333769798,274.6919861,3433.850098,45.14619827,529.0139771,163.7680054,11.69880009,250.072998,3530.209961,49.70040131,484.5939941,161.1580048,7.481989861,173.3910065,56.87530136,20.42110062,156.2440033,68.92199707,22.15570068
0.72261101,150.9720001,1.338430047,248.8040009,77.51499939,9.1978302,0.798659027,118.1930008,1.516070008,170.5650024,62.75500107,4.049379826,139.526001,1513.73999,19.7458992,67.90720367,85.59429932,49.7480011,158.1100006,1268.849976,25.68370056,60.56669998,81.20120239,38.30690002,552.0130005,2345.389893,108.1800003,344.7739868,228.7489929,32.76800156,550.6090088,2522.030029,108.4599991,261.3619995,193.5859985,15.13459969,191.6860046,32.97510147,16.99329948,142.9450073,43.88740158,16.36339951
0.90536201,100.4260025,1.659860015,235.8690033,39.2439003,4.762310028,0.818710029,86.47530365,1.319949985,202.8070068,34.03939819,3.13158989,66.05940247,3215.02002,6.140669823,64.56900024,61.34529877,5.267459869,55.04169846,3403.189941,5.534470081,67.24949646,58.75429916,3.697789907,345.1799927,3506.419922,50.93370056,507.8940125,163.352005,12.63399982,345.2879944,3558.399902,61.17520142,441.3789978,161.5059967,6.618830204,155.8890076,62.4858017,20.01160049,145.5469971,77.44300079,16.97130013
0.69650799,104.387001,1.521010041,238.0,40.78979874,4.479040146,0.713585973,92.72299957,1.311800003,204.8339996,38.21720123,3.107039928,64.61769867,2967.860107,5.612639904,58.71640015,43.04100037,5.240920067,59.88650131,3087.26001,5.698870182,67.20960236,42.2983017,4.195370197,209.8690033,3439.97998,43.85520172,493.4159851,175.7449951,9.844790459,238.1170044,2881.600098,62.99269867,345.0020142,142.8619995,3.786370039,158.2330017,57.76210022,19.50029945,152.7680054,68.2378006,18.93650055
0.743731976,102.2679977,1.541190028,264.822998,39.1631012,4.527719975,0.796221972,94.63059998,1.269870043,206.3309937,38.71039963,3.15038991,65.78759766,3069.800049,5.90530014,61.64659882,45.06280136,5.029560089,50.68149948,3255.820068,5.169939995,66.75710297,44.01070023,3.669100046,200.326004,3503.51001,43.54460144,518.9089966,174.5299988,10.72869968,222.1670074,2862.98999,66.95570374,331.9020081,139.4519958,3.619539976,159.8090057,57.44440079,19.98740005,149.4149933,68.48750305,18.60810089
1.212200046,50.72159958,1.742679954,230.8350067,8.574799538,2.58942008,0.920466006,100.9250031,1.327379942,229.4689941,36.00130081,3.454380035,61.54579926,3224.050049,5.702690125,64.59140015,41.4742012,4.832349777,62.71699905,3256.469971,6.768159866,67.20330048,42.21770096,3.974009991,275.5969849,3439.550049,44.3932991,553.7379761,161.996994,11.84389973,241.7559967,3547.689941,49.87269974,480.7139893,160.2769928,8.228469849,171.6609955,58.59379959,20.46100044,153.2319946,72.10759735,21.12129974
1.335389972,86.17610168,1.730679989,234.0429993,28.85969925,5.32528019,1.142249942,126.0289993,1.341480017,213.8209991,46.04790115,3.986589909,99.35449982,2880.929932,12.25179958,68.93180084,47.09349823,13.76329994,97.61779785,2940.780029,13.40530014,66.34829712,45.42819977,10.37230015,351.8210144,3156.080078,62.4029007,490.6400146,189.3630066,17.98889923,329.6380005,3296.290039,68.61430359,420.730011,176.0310059,10.45429993,179.4600067,52.83060074,20.12660027,153.3110046,61.82830048,19.81719971
0.569078982,138.7779999,1.315760016,249.4190063,66.12000275,7.069479942,0.706054986,97.55789948,1.509850025,175.1130066,53.75299835,3.555249929,125.875,1549.609985,17.3083992,62.34659958,69.75189972,42.01750183,114.9059982,1390.089966,16.47820091,60.8905983,75.03420258,32.65729904,431.2739868,2511.939941,82.65299988,379.0780029,211.3569946,25.0855999,408.8259888,2617.25,87.00340271,283.1640015,187.1100006,12.01430035,184.9859924,36.66159821,17.07749939,142.9880066,49.38890076,16.63750076
0.958909988,171.7169952,1.358049989,248.6940002,74.01370239,8.481730461,1.104689956,141.6230011,1.514909983,176.6589966,63.38010025,4.042729855,124.1780014,2320.139893,17.30669975,76.10990143,68.53829956,61.52709961,182.4989929,2267.889893,28.00180054,61.08879852,61.32839966,47.29399872,399.4100037,2364.560059,82.30909729,314.0409851,219.5800018,26.7385006,391.8110046,2519.550049,86.97720337,259.7219849,192.3090057,13.68089962,180.5789948,33.89770126,16.7723999,143.1549988,44.41439819,15.69779968
1.302940011,48.34420013,1.748890042,230.2709961,8.237669945,2.859689951,1.009310007,102.6869965,1.327499986,231.6320038,35.45009995,3.473409891,62.83399963,3299.820068,5.921879768,65.74259949,38.04499817,4.844940186,60.73789978,3400.639893,6.811359882,67.17780304,38.75730133,3.88402009,300.5490112,3463.429932,46.04769897,558.0430298,161.7890015,12.78110027,264.223999,3553.629883,52.02059937,480.1839905,159.6119995,8.227370262,173.9140015,59.57239914,20.46489906,153.1909943,73.76670074,20.99349976
1.136450052,108.3889999,1.703729987,236.2859955,38.15319824,5.190169811,1.057989955,92.76719666,1.32209003,206.3110046,32.43849945,3.201570034,66.10790253,3413.330078,6.342370033,67.48829651,48.39910126,5.103310108,59.07450104,3668.790039,6.572919846,66.98840332,47.15240097,3.411770105,380.2640076,3525.01001,52.21340179,536.2470093,160.3170013,14.05910015,364.0429993,3577.189941,63.57699966,450.4509888,159.6179962,7.429890156,164.7059937,65.667099,20.21010017,146.4550018,82.30879974,17.71170044
1.142609954,47.54800034,1.731469989,230.0220032,11.97719955,2.559740067,0.839075983,97.66159821,1.326979995,229.3990021,36.29589844,3.447599888,61.82410049,3128.189941,5.600190163,63.49269867,46.78919983,4.879370213,61.14699936,3125.810059,6.219669819,67.34649658,47.13130188,4.115210056,265.1149902,3423.26001,44.48410034,528.4799805,162.1170044,11.08870029,245.1239929,3541.030029,50.03919983,478.4599915,161.5209961,7.511590004,168.1060028,57.81729889,20.4029007,153.0119934,70.33540344,21.23920059
0.929120004,73.27919769,1.70886004,232.0189972,28.12919998,3.19265008,0.701089978,88.16519928,1.325019956,217.9369965,35.83660126,3.306999922,62.19530106,3037.179932,5.512760162,62.37720108,61.79560089,4.980380058,62.20740128,2998.919922,5.830490112,67.58000183,61.3030014,4.10281992,271.0490112,3429.790039,46.16600037,489.473999,160.6199951,10.20510006,274.9790039,3546.169922,53.7901001,467.0350037,163.052002,6.634439945,156.1210022,58.99219894,20.28269958,148.8029938,71.15409851,20.26589966
1.13045001,111.810997,1.707919955,236.0169983,39.0821991,5.144179821,1.047960043,93.77760315,1.322270036,207.4790039,32.28030014,3.172719955,66.66629791,3446.02002,6.505270004,67.38909912,45.98529816,5.073400021,59.11249924,3736.340088,6.924709797,66.94740295,45.21220016,3.450880051,394.1220093,3551.370117,53.34320068,543.7340088,160.697998,14.51840019,379.2919922,3576.050049,65.06800079,452.7869873,159.1829987,7.633890152,164.3919983,65.90750122,20.28280067,146.8099976,82.88030243,17.89489937
0.553543985,133.5420074,1.313869953,249.7330017,60.99670029,6.335879803,0.708377004,94.2641983,1.511180043,177.253006,50.81549835,3.458869934,120.3840027,1612.199951,16.24979973,61.00180054,62.34000015,39.14199829,95.95480347,1542.319946,12.62940025,60.80870056,69.8125,30.3491993,350.5620117,2596.560059,68.05799866,397.4989929,205.5859985,20.99699974,317.5650024,2647.02002,75.51439667,293.4450073,186.2899933,10.33450031,183.2539978,39.20830154,17.05599976,144.2830048,51.3572998,16.7364006
0.789665997,84.02030182,1.650740027,238.8789978,34.70230103,3.631269932,0.592140973,81.94550323,1.32517004,211.5709991,35.03450012,3.255759954,62.44879913,3038.5,5.562129974,62.32709885,70.86699677,4.981860161,59.64120102,3036.610107,5.546999931,68.12290192,69.72540283,3.840699911,295.5840149,3440.889893,48.2492981,469.2650146,155.9400024,10.50529957,310.3580017,3443.76001,56.29230118,454.0180054,154.8500061,6.581600189,143.9219971,60.00389862,20.13769913,144.4120026,72.58080292,19.1420002
0.912661016,104.1819992,1.660719991,238.9420013,40.69260025,4.929419994,0.856033027,88.18019867,1.341369987,204.1809998,34.1753006,3.144530058,65.89179993,3240.51001,6.157489777,65.01119995,57.65739822,5.166830063,55.89250183,3439.810059,5.701930046,68.25360107,55.49919891,3.527909994,340.6610107,3502.879883,50.64379883,517.1469727,165.0180054,12.66759968,342.618988,3303.840088,63.21409988,413.5249939,149.5659943,6.383009911,156.8179932,62.64429855,19.90990067,144.9409943,77.68740082,17.29660034
1.321419954,64.99849701,1.749199986,231.9029999,15.2322998,3.517509937,1.088060021,101.5500031,1.326629996,226.3999939,34.43460083,3.416980028,63.71509933,3379.780029,6.069900036,67.10230255,37.80139923,4.862989902,61.04869843,3534.100098,6.954319954,67.07440186,38.29399872,3.665560007,326.5450134,3484.620117,47.81489944,559.2949829,160.673996,13.3593998,292.5759888,3565.629883,55.40950012,474.9379883,159.2169952,8.152959824,173.4470062,61.69279861,20.46039963,151.4250031,76.99250031,20.23830032
1.115730047,196.9649963,1.382240057,248.473999,84.707901,9.532010078,1.400149941,141.2129974,1.512709975,170.0379944,65.05500031,4.288269997,131.1730042,2341.909912,18.49139977,77.07309723,68.95870209,63.02870178,196.1920013,2003.640015,30.47610092,60.83679962,60.79579926,47.83050156,497.8760071,2291.600098,98.78170013,312.3039856,242.7180023,30.88809967,501.0710144,2466.290039,100.2689972,245.4450073,194.5939941,14.87489986,198.7330017,29.73310089,17.05240059,144.1719971,43.97499847,17.18939972
1.294149995,25.91410065,1.73921001,225.8470001,7.387169838,2.432209969,0.903671026,100.8830032,1.328439951,239.3000031,36.21139908,3.540920019,63.07799911,3153.550049,5.782869816,63.71689987,41.94079971,4.906079769,57.30160141,3211.179932,5.911920071,67.40859985,41.86880112,4.281879902,284.9729919,3443.870117,45.75469971,529.3740234,163.7910004,11.98050022,259.0809937,3532.969971,50.64569855,481.6520081,160.9700012,7.458079815,173.6719971,57.5041008,20.38549995,155.8860016,69.88629913,21.82439995
0.681505978,146.9649963,1.334529996,248.8950043,74.50050354,8.672510147,0.757860005,112.6269989,1.517240047,171.048996,60.45449829,3.906389952,136.8430023,1487.849976,19.24559975,66.936203,84.15470123,48.42860031,147.3179932,1271.449951,23.58799934,60.54240036,81.90570068,37.39519882,525.4710083,2386.23999,101.7929993,347.1839905,224.253006,30.88409996,521.9680176,2534.840088,103.1940002,264.2369995,192.3899994,14.36690044,189.1710052,33.64450073,16.95240021,142.5209961,45.13990021,16.17889977
0.753000975,151.8609924,1.339769959,248.9700012,77.71710205,9.389229774,0.859134018,121.4800034,1.515849948,170.8179932,63.64649963,4.107910156,143.4689941,1495.439941,20.40010071,67.83270264,80.18890381,49.34360123,164.0690002,1232.410034,26.21310043,60.52870178,77.00589752,37.93299866,583.4299927,2326.389893,114.3899994,355.5010071,229.7489929,34.3608017,577.7319946,2521.879883,113.1439972,262.6669922,194.427002,15.77890015,192.9259949,33.10189819,16.98119926,143.9490051,43.2356987,16.40589905
1.044090033,111.5569992,1.687620044,239.022995,41.42169952,5.245170116,0.993134975,92.46070099,1.342409968,206.8240051,32.82339859,3.168600082,67.12259674,3387.790039,6.481929779,66.6713028,48.30590057,5.045090199,57.89680099,3662.26001,6.543330193,68.0522995,47.16360092,3.376290083,376.5490112,3533.169922,52.29570007,542.6829834,163.3040009,13.9538002,368.7279968,3323.439941,66.12879944,419.2810059,150.3580017,7.093009949,162.276001,65.11910248,20.06559944,145.8419952,81.60540009,17.86269951
0.667357028,104.5500031,1.516880035,238.4320068,41.61339951,4.549699783,0.727979004,94.08519745,1.311840057,205.8580017,38.56729889,3.137360096,64.54129791,2962.360107,5.608389854,58.41609955,41.07410049,5.06427002,55.7159996,3097.939941,5.302289963,67.12550354,40.0646019,4.147510052,189.0370026,3456.399902,42.42789841,506.9649963,176.8690033,9.466320038,211.3910065,2717.639893,65.38990021,311.1600037,139.4889984,3.199700117,161.9380035,57.59780121,19.56040001,154.2539978,67.26000214,19.49349976
1.089939952,86.0358963,1.687489986,235.1439972,31.55120087,4.682970047,0.95204699,89.24079895,1.322129965,207.9369965,33.10139847,3.27925992,64.74819946,3301.340088,6.035009861,66.19609833,56.00419998,5.163720131,56.56949997,3464.129883,5.735539913,67.28700256,53.44240189,3.519239902,352.1440125,3495.090088,49.85720062,520.632019,159.2380066,13.13329983,329.9859924,3575.070068,58.92350006,447.2850037,160.0829926,7.243529797,164.6009979,63.96480179,19.9810009,147.1230011,79.50409698,17.70689964
0.830386996,170.2660065,1.34999001,248.1990051,84.12619781,9.915019989,0.892782986,130.7910004,1.51225996,169.9909973,65.92960358,4.287010193,135.8110046,1815.390015,19.24559975,73.29530334,94.29329681,58.55070114,178.5440063,1575.280029,29.97229958,60.86579895,81.67790222,44.71419907,526.6669922,2286.48999,104.5550003,314.8720093,236.1600037,32.7378006,533.7280273,2482.310059,106.0630035,250.0059967,194.3930054,15.29329967,196.4429932,30.87960052,17.11930084,142.8480072,42.36399841,16.86160088
1.317819953,186.4089966,1.384199977,249.1170044,83.14830017,10.84309959,1.597900033,169.8430023,1.511929989,169.8580017,70.19210052,4.92550993,135.5859985,2156.379883,19.21809959,76.68609619,61.43280029,58.21829987,209.8000031,1978.689941,32.02949905,60.50149918,53.82600021,44.10509872,515.6309814,2296.76001,105.4609985,335.6480103,256.4060059,32.16559982,521.3660278,2452.98999,109.7399979,247.0570068,197.6239929,15.53709984,201.7969971,33.24700165,17.02860069,148.1929932,39.59769821,16.3390007
0.608084023,103.1829987,1.510179996,239.7129974,41.88850021,4.463240147,0.764186025,95.64730072,1.312440038,210.5180054,39.52389908,3.215339899,63.81330109,2950.560059,5.537670135,57.76490021,37.6957016,4.652009964,54.1814003,3048.72998,4.958769798,67.03150177,36.38909912,3.941270113,152.2579956,3470.25,39.72930145,532.677002,180.7740021,8.441459656,163.7669983,2314.340088,67.75299835,233.4949951,134.625,2.672060013,167.5460052,56.95690155,19.72270012,157.0950012,65.42169952,20.88310051
0.733707011,101.3010025,1.541190028,264.4779968,38.6385994,4.384829998,0.753192008,92.61219788,1.269709945,205.2680054,38.35969925,3.11916995,65.34429932,3042.01001,5.85160017,61.4095993,47.83499908,5.164899826,56.83229828,3180.709961,5.56374979,66.83920288,46.8757019,3.750530005,219.9089966,3467.179932,44.75770187,501.223999,174.2700043,10.54940033,247.2359924,2978.23999,63.31940079,357.5230103,143.3849945,4.25880003,155.9940033,57.42129898,19.93720055,148.3849945,68.85479736,18.21139908
1.089110017,179.7619934,1.368170023,248.7570038,79.0802002,9.664050102,1.282490015,156.5310059,1.513509989,174.1410065,68.1344986,4.415840149,130.3580017,2323.330078,18.4008007,76.41220093,64.96009827,60.84069824,209.1320038,2207.050049,31.45429993,60.93130112,57.57229996,46.56750107,461.82901,2315.429932,96.58270264,325.2950134,234.1779938,30.07729912,459.8250122,2492.73999,100.1549988,254.7920074,195.3379974,15.06989956,188.8609924,33.38570023,16.88059998,144.7899933,41.80609894,16.06830025
0.724807978,152.0529938,1.33920002,248.7039948,78.44270325,9.311200142,0.789701998,118.9530029,1.51572001,170.322998,63.2439003,4.076779842,139.1970062,1529.209961,19.71019936,68.28430176,88.08370209,50.38729858,159.977005,1281.699951,26.22870064,60.59130096,82.42040253,38.78570175,550.9799805,2337.340088,108.2829971,340.3080139,229.8359985,32.89830017,551.4689941,2517.570068,108.6529999,259.8900146,193.720993,15.19229984,192.0529938,32.69200134,17.0135994,142.7189941,43.68239975,16.41550064
1.043990016,61.37519836,1.721940041,231.401001,18.61660004,2.751199961,0.786535978,94.75029755,1.326050043,223.7050018,36.39730072,3.376749992,61.49489975,3072.26001,5.472080231,62.74599838,50.71440125,4.887469769,64.0223999,3026.530029,6.201479912,67.28050232,50.90319824,4.130300045,249.7319946,3413.310059,43.74340057,521.8519897,162.6320038,10.20849991,238.102005,3538.52002,50.31829834,474.7829895,162.5800018,7.083459854,165.8939972,58.04249954,20.39940071,152.3899994,70.30819702,21.00399971
1.233710051,135.8899994,1.500100017,217.3049927,60.34759903,7.402910233,1.194959998,145.3379974,1.569630027,196.3529968,61.12559891,4.27008009,114.8119965,2469.97998,15.3427,74.35350037,58.34889984,51.99980164,175.8049927,2404.830078,25.54509926,62.24499893,52.33670044,40.32780075,411.2059937,2552.800049,84.16609955,372.7869873,217.8809967,26.28019905,411.4060059,2676.77002,87.24909973,314.6329956,188.9320068,13.59080029,188.0769958,37.59410095,17.72900009,149.4530029,46.69279861,18.13839912
0.965654016,112.6470032,1.668779969,239.1569977,43.77700043,5.306230068,0.936671972,92.1678009,1.34149003,206.1269989,33.53889847,3.14425993,67.7480011,3332.899902,6.508220196,65.60310364,48.14830017,5.069759846,56.02659988,3613.620117,6.287449837,68.03309631,46.98609924,3.470360041,359.6759949,3528.139893,51.76720047,540.3339844,165.923996,13.58360004,360.6919861,3217.909912,68.00749969,398.8150024,147.647995,6.370900154,160.8269958,64.18589783,20.03730011,146.3849945,79.91999817,17.9503994
0.763486028,163.9519958,1.345489979,248.1060028,83.77870178,9.951589584,0.785857975,126.3180008,1.512539983,169.6640015,65.60769653,4.272359848,136.8639984,1683.97998,19.40379906,71.45580292,98.93060303,55.83929825,173.1640015,1440.01001,29.42219925,60.78490067,85.7582016,42.62720108,534.2280273,2290.050049,106.4039993,318.9679871,236.2570038,33.13769913,541.3790283,2486.97998,107.7389984,251.9909973,194.3509979,15.35919952,197.1260071,31.03800011,17.17849922,142.7380066,42.25999832,17.04030037
0.737205982,103.2809982,1.524620056,237.6390076,40.97499847,4.599649906,0.730243981,90.99859619,1.311759949,204.6640015,37.78950119,3.115829945,64.91739655,2999.399902,5.637760162,59.51029968,48.8431015,5.325079918,59.76190186,3132.149902,5.697669983,67.40170288,47.84140015,4.1009202,241.0850067,3450.800049,46.07830048,490.0960083,174.5700073,10.67860031,267.5910034,2994.219971,63.5591011,363.5419922,144.9559937,4.340040207,154.822998,58.28879929,19.42359924,150.6959991,69.58080292,18.37179947
0.683560014,146.5709991,1.334210038,248.9799957,73.87249756,8.608030319,0.771696985,112.5319977,1.517439961,171.2920074,60.07939911,3.897929907,137.1959991,1477.439941,19.28549957,66.68049622,81.7818985,47.96450043,146.2279968,1263.050049,23.21159935,60.52170181,80.40200043,37.01369858,525.6409912,2391.659912,101.7850037,352.1289978,223.7030029,30.80470085,520.28302,2537.850098,103.1569977,265.6170044,192.3049927,14.32909966,189.3919983,33.88710022,16.94239998,142.9129944,45.19889832,16.18740082
1.013139963,105.5110016,1.679309964,236.0870056,39.54769897,5.042300224,0.933229983,89.5490036,1.320829988,204.0610046,33.15319824,3.158260107,66.33820343,3312.100098,6.273069859,65.90390015,54.49539948,5.201200008,56.61729813,3543.379883,6.026549816,67.09829712,52.55749893,3.576920033,365.4150085,3517.649902,51.79570007,520.90802,162.0429993,13.42129993,358.3519897,3566.639893,62.75709915,445.0029907,160.6170044,6.966780186,160.2870026,64.20269775,20.10390091,146.1289978,79.98290253,17.32589912
0.674260974,104.1869965,1.543990016,238.0509949,40.0788002,3.90102005,0.681410015,95.20240021,1.313629985,209.4170074,38.81129837,3.179039955,62.74240112,2896.76001,5.416190147,57.64419937,37.17179871,4.695179939,67.70339966,2850.050049,5.838840008,66.8792038,37.1631012,4.131269932,134.6560059,3399.090088,37.15140152,556.9320068,175.3139954,6.986750126,149.8439941,2841.139893,58.1957016,354.8590088,143.4179993,3.216340065,173.5639954,57.12120056,19.85379982,159.4429932,67.36579895,21.32999992
0.775426984,100.6800003,1.55016005,264.6109924,37.91839981,4.501379967,0.786795974,92.25720215,1.269690037,205.1089935,37.74850082,3.129879951,65.78690338,3101.22998,5.980770111,62.37820053,50.38420105,5.143839836,54.84590149,3270.600098,5.515399933,66.91280365,49.16139984,3.621040106,244.7359924,3487.120117,46.15219879,507.8049927,172.404007,11.32159996,265.1069946,3047.379883,63.87250137,367.506012,144.3439941,4.713510036,156.0429993,58.23960114,19.93239975,147.3029938,70.49259949,17.9272995
0.654356003,143.2610016,1.330950022,249.1360016,70.61599731,8.085709572,0.754312992,108.2639999,1.518589973,172.026001,57.70140076,3.772739887,134.6130066,1461.199951,18.79030037,65.69789886,78.02510071,46.52069855,136.4170074,1279.880005,21.0883007,60.48550034,79.28649902,35.9516983,496.1480103,2433.909912,95.25340271,358.9869995,219.3869934,28.84029961,487.2460022,2551.449951,97.88880157,269.4750061,191.1320038,13.54959965,187.6069946,34.75289917,16.89979935,143.003006,46.3042984,16.05520058
0.839397013,96.66660309,1.634930015,235.9530029,36.61330032,3.623600006,0.746698022,87.37120056,1.317810059,209.1080017,37.32509995,3.141200066,62.21210098,2962.51001,5.364649773,59.62310028,68.55860138,4.925680161,71.21269989,2848.370117,6.275599957,67.63059998,68.125,4.170499802,233.0579987,3451.840088,44.30270004,493.2890015,169.951004,9.015029907,241.2640076,3325.97998,54.44540024,441.473999,154.0740051,5.51237011,159.7380066,59.08909988,19.87100029,150.4880066,70.83350372,20.42609978
0.685160995,145.9640045,1.333549976,249.1049957,72.87519836,8.509260178,0.793047011,112.3310013,1.517760038,171.6829987,59.42279816,3.886759996,137.8890076,1457.400024,19.36709976,66.27639771,78.16739655,47.23289871,144.279007,1245.829956,22.58040047,60.49020004,77.84100342,36.40209961,525.8649902,2400.77002,101.7959976,360.9289856,222.8209991,30.6977005,517.2880249,2542.610107,103.1110001,267.9320068,192.151001,14.26729965,189.8240051,34.28329849,16.93090057,143.5740051,45.28020096,16.22340012
1.161910057,51.96620178,1.736449957,230.8800049,10.59070015,2.553639889,0.874875009,99.33529663,1.327080011,228.2949982,36.25650024,3.439749956,61.32989883,3167.719971,5.595620155,63.91529846,43.90190125,4.844120026,63.16400146,3167.120117,6.567669868,67.22389984,44.50839996,4.041100025,262.2980042,3425.060059,43.77479935,544.690979,162.2960052,11.21100044,234.6999969,3543.409912,49.36660004,479.6489868,161.0559998,7.884689808,170.3009949,58.13729858,20.44499969,153.2570038,71.13289642,21.17180061
0.920442998,72.82749939,1.675430059,233.1199951,29.11669922,3.749170065,0.729884028,85.42790222,1.322340012,212.173996,34.84799957,3.250540018,63.99610138,3133.25,5.826729774,63.49449921,65.54740143,5.157440186,54.74509811,3210.179932,5.214950085,67.60970306,62.91090012,3.860640049,317.9400024,3484.320068,48.72940063,498.8760071,161.1439972,11.76070023,310.9169922,3557.52002,56.23939896,451.0549927,161.5279999,6.833300114,156.0690002,60.36589813,20.01420021,146.9790039,74.18099976,18.1086998
1.056049943,182.4550018,1.365530014,248.7039948,79.08100128,9.262290001,1.251479983,149.2769928,1.513210058,174.1959991,66.02819824,4.270170212,128.6190033,2332.669922,18.07970047,77.37989807,67.79219818,63.22430038,197.8439941,2204.73999,30.29899979,61.03519821,60.34249878,48.42290115,452.3989868,2319.330078,91.69239807,314.4970093,230.1679993,29.17410088,450.3389893,2493.449951,95.23500061,252.7850037,194.0780029,14.54660034,187.7819977,32.58729935,16.84620094,143.9830017,43.07229996,15.9932003
0.973479986,112.098999,1.670969963,239.1320038,43.28210068,5.274390221,0.939839005,91.93009949,1.341619968,206.0500031,33.479599,3.147010088,67.51360321,3334.25,6.476960182,65.71929932,48.78010178,5.074019909,56.36840057,3608.189941,6.286630154,68.04889679,47.55720139,3.461080074,360.8590088,3526.540039,51.77809906,538.7750244,165.5010071,13.5685997,360.8349915,3239.469971,67.36830139,402.928009,148.2059937,6.479859829,160.7310028,64.21389771,20.03350067,146.1999969,80.01329803,17.88769913
0.717951,149.102005,1.336799979,249.0019989,75.64240265,8.981739998,0.819768012,116.8529968,1.516720057,171.1269989,61.67549896,4.002709866,140.4949951,1478.390015,19.86020088,67.1536026,80.28980255,48.47249985,154.3249969,1238.910034,24.55089951,60.51710129,78.13670349,37.31330109,554.447998,2361.219971,108.0999985,356.0209961,226.6329956,32.5605011,548.2979736,2530.850098,108.1669998,264.7099915,193.3090057,15.0298996,191.4170074,33.57400131,16.96170044,143.6199951,44.2262001,16.32159996
0.796463013,101.5599976,1.553410053,264.7919922,37.87919998,4.599110126,0.818171024,93.3506012,1.269799948,205.5659943,37.66749954,3.143019915,66.15470123,3134.649902,6.057569981,62.73540115,48.56819916,5.089210033,52.45009995,3334.169922,5.452970028,66.87059784,47.37329865,3.56434989,244.5820007,3506.709961,46.05569839,516.6589966,172.0440063,11.67759991,260.9450073,3017.149902,65.42359924,360.0369873,143.029007,4.618899822,158.0039978,58.5923996,19.95829964,147.6529999,70.96379852,18.07460022
0.709013999,106.5719986,1.553050041,237.8040009,39.53129959,3.906019926,0.662639022,92.52359772,1.313519955,206.5,38.1534996,3.104049921,63.18560028,2914.47998,5.459579945,57.90829849,41.29600143,4.953219891,73.1493988,2857.120117,6.489409924,66.92810059,41.63280106,4.228020191,183.8930054,3397.810059,40.87139893,519.2119751,174.2689972,8.236610413,206.9049988,3081.219971,55.52220154,403.0599976,148.4140015,4.236430168,167.7189941,57.82830048,19.80310059,157.2799988,69.22029877,20.54949951
0.559270024,135.6340027,1.31438005,249.6069946,62.78960037,6.621669769,0.700026989,95.89550018,1.510529995,176.1459961,52.0617981,3.476520061,122.098999,1584.280029,16.61720085,61.59880066,65.58930206,40.55450058,106.4899979,1479.790039,14.60890007,60.84619904,73.22489929,31.54019928,387.9580078,2555.090088,74.29340363,385.0660095,207.5469971,22.7614994,361.1270142,2632.080078,80.52760315,287.696991,186.5809937,11.12110043,183.4369965,37.92789841,17.04560089,143.4210052,50.37310028,16.53709984
1.075839996,186.4470062,1.367849946,248.6860046,80.49490356,9.349579811,1.290629983,148.6920013,1.512770057,173.3860016,65.98000336,4.286930084,129.2960052,2339.879883,18.18959999,77.86969757,68.06020355,64.12819672,198.2140045,2176.830078,30.47340012,61.03269958,60.55059814,49.0442009,463.9100037,2310.48999,93.07309723,312.6480103,232.4989929,29.56920052,463.2659912,2486.149902,96.21260071,250.451004,194.1999969,14.6218996,189.9360046,31.95299911,16.86860085,144.0330048,43.16249847,16.12949944
0.694819987,105.8580017,1.53350997,237.753006,39.11370087,4.070839882,0.664615989,92.96150208,1.312440038,204.2330017,38.17750168,3.059240103,63.83449936,2924.909912,5.532420158,57.89820099,37.84730148,5.305480003,69.06359863,2952.540039,6.4021101,66.99250031,38.05469894,4.40914011,192.0559998,3401.070068,42.02809906,490.82901,175.0249939,8.854169846,225.1519928,3021.689941,57.18700027,384.0159912,146.4060059,4.026189804,160.6490021,57.55540085,19.59729958,154.6869965,68.3792038,19.38899994
0.954208016,173.9290009,1.357010007,248.6679993,74.99389648,8.504779816,1.098739982,140.4160004,1.514260054,176.3399963,63.42459869,4.026070118,124.8539963,2316.48999,17.42340088,76.87539673,70.58820343,63.15459824,181.9620056,2252.350098,28.23130035,61.14659882,63.22299957,48.56309891,410.4150085,2351.800049,82.81410217,308.5570068,219.102005,27.11330032,404.0,2515.120117,87.11669922,257.2860107,192.2460022,13.75699997,180.8860016,33.33639908,16.76049995,142.826004,44.49909973,15.64480019
1.26928997,111.7559967,1.744199991,236.6829987,34.72249985,4.997049809,1.199280024,96.64550018,1.324020028,210.8910065,32.31740189,3.22510004,65.47039795,3524.189941,6.352620125,69.65029907,40.23680115,4.894959927,61.98920059,3775.939941,7.217649937,66.80670166,40.22230148,3.181169987,379.526001,3529.909912,51.79090118,555.4370117,158.3470001,14.23110008,357.8359985,3591.300049,63.27140045,461.3919983,158.772995,7.88601017,168.7579956,66.1753006,20.49239922,146.5590057,83.80069733,18.28380013
0.767027974,100.1959991,1.549049973,264.5039978,37.88489914,4.452499866,0.770793021,91.60420227,1.269610047,204.8529968,37.75759888,3.122469902,65.62860107,3087.120117,5.951310158,62.2478981,51.68090057,5.178730011,56.16239929,3241.379883,5.564630032,66.94550323,50.45040131,3.645309925,246.9450073,3478.300049,46.33879852,503.3460083,172.4859924,11.19449997,269.1099854,3073.560059,63.06840134,373.3590088,145.2120056,4.807199955,154.7700043,58.10110092,19.91679955,146.9700012,70.36699677,17.81369972
1.018470049,174.3280029,1.363070011,248.7359924,75.7589035,8.984149933,1.184589982,149.1880035,1.514690042,175.8249969,65.54669952,4.211900234,126.2910004,2339.360107,17.69260025,75.90200043,65.66529846,60.47689819,195.845993,2268.379883,29.57519913,60.99829865,58.41699982,46.39319992,418.322998,2349.580078,88.16480255,321.7369995,225.9320068,27.95479965,412.57901,2510.47998,92.51519775,259.1239929,193.7019958,14.26420021,183.9559937,33.98749924,16.82649994,144.0610046,43.21089935,15.89649963
1.037539959,58.33610153,1.719310045,230.7409973,19.70560074,2.826819897,0.762814999,92.92590332,1.326069951,224.4380035,36.0766983,3.387029886,61.97579956,3074.149902,5.542210102,62.8362999,53.98089981,4.928269863,61.22919846,3051.419922,5.956610203,67.47160339,53.88880157,4.130380154,267.1080017,3422.540039,45.28829956,507.3439941,161.2660065,10.58699989,260.026001,3542.169922,51.72769928,473.2940063,162.3339996,7.042759895,162.2689972,58.23770142,20.33950043,151.1880035,70.45999908,20.83410072
0.876915991,110.0800018,1.649989963,239.253006,43.81430054,5.115399837,0.860392988,90.67440033,1.340809941,204.8630066,34.84690094,3.125260115,66.91649628,3226.649902,6.269720078,64.34980011,50.91479874,5.138979912,55.56389999,3458.070068,5.838659763,68.08670044,49.48139954,3.597100019,321.7390137,3499.550049,49.97090149,525.4370117,168.2599945,12.46889973,333.0920105,3151.51001,66.69580078,386.631012,145.9360046,5.590060234,158.0079956,62.20429993,19.97130013,146.3710022,76.67189789,17.81640053
1.210809946,113.2740021,1.726070046,231.7120056,43.21509933,6.288650036,1.10739994,128.5,1.344120026,201.8130035,52.25600052,3.969379902,97.58930206,2799.030029,12.38949966,80.46829987,60.26169968,42.74530029,130.2339935,2703.389893,18.56550026,67.54959869,57.28760147,32.7303009,377.3829956,2903.790039,73.65940094,441.1390076,198.5829926,21.24279976,374.9840088,3040.97998,78.01399994,362.4960022,176.598999,11.48999977,177.3890076,45.40990067,18.60810089,145.9299927,56.28160095,18.28199959
1.208080053,44.26729965,1.739410043,229.9170074,8.293789864,2.514729977,0.897068024,100.3000031,1.327419996,231.3769989,36.21049881,3.47281003,61.89289856,3183.98999,5.683969975,64.17810059,42.73519897,4.854579926,61.14860153,3208.780029,6.462039948,67.2779007,43.32160187,4.057300091,271.6669922,3432.27002,44.48749924,542.59198,162.253006,11.63140011,243.0950012,3543.709961,49.76580048,480.651001,160.7779999,7.88105011,171.0370026,58.02389908,20.43630028,153.5529938,71.01319885,21.30859947
0.779596984,174.0420074,1.338930011,248.3079987,80.87200165,8.83232975,0.834666014,124.7990036,1.51196003,172.7100067,63.64860153,3.893919945,130.8999939,2029.160034,18.44960022,78.3934021,94.8184967,68.81279755,168.3890076,1874.300049,28.87080002,61.40530014,83.63569641,53.02999878,485.0639954,2309.27002,91.10790253,288.0150146,216.473999,30.0576992,489.4500122,2495.179932,92.96970367,247.1809998,191.9160004,14.3572998,185.0079956,30.76759911,16.83600044,140.1410065,44.76919937,15.66779995
1.116189957,74.58200073,1.697000027,233.6660004,26.61470032,4.22465992,0.93425101,90.99919891,1.323250055,213.4669952,33.7276001,3.326349974,64.29650116,3270.100098,5.966289997,65.73120117,54.31750107,5.111700058,56.58929825,3405.909912,5.737120152,67.33609772,52.21760178,3.64470005,337.9859924,3484.22998,48.9640007,521.2579956,159.8079987,12.85620022,314.92099,3568.47998,57.11100006,453.6560059,160.2599945,7.298620224,165.4929962,62.65539932,20.0571003,148.3699951,77.58670044,18.42079926
0.633020997,105.810997,1.527760029,238.4160004,39.79019928,4.120259762,0.662823021,95.43090057,1.312639952,205.0429993,38.35419846,3.105870008,63.63079834,2905.800049,5.514339924,57.30479813,36.28450012,4.924600124,63.44449997,2966.189941,5.813980103,66.853302,35.77980042,4.344099998,163.9669952,3408.280029,39.79790115,516.2910156,175.7030029,8.240940094,187.3999939,2788.560059,58.81990051,338.2860107,142.3009949,3.431809902,168.2570038,57.26369858,19.7154007,157.5870056,66.876297,20.31760025
0.676074982,104.8300018,1.514369965,238.5279999,43.59659958,4.781370163,0.764216006,94.31490326,1.311630011,206.9420013,38.89220047,3.173700094,64.83719635,2980.0,5.639349937,58.72019958,41.83190155,4.989160061,50.4681015,3139.26001,4.828169823,67.14659882,40.61640167,4.034890175,180.628006,3493.26001,42.15259933,520.9979858,177.4219971,9.534040451,197.0570068,2641.070068,70.06800079,291.2980042,136.302002,2.504719973,163.3170013,57.83359909,19.56399918,154.345993,67.23120117,19.67770004
0.683071017,104.5810013,1.516909957,238.3540039,42.29710007,4.666160107,0.744081974,93.74210358,1.311730027,206.0019989,38.51520157,3.147660017,64.76570129,2977.449951,5.630330086,58.73199844,42.457901,5.077390194,54.19649887,3126.51001,5.187960148,67.17700195,41.35319901,4.094719887,195.9889984,3468.929932,43.02560043,508.6799927,176.6880035,9.767560005,216.7460022,2729.76001,66.9138031,311.098999,139.1000061,3.14270997,161.3959961,57.85210037,19.53660011,153.7250061,67.67220306,19.3757
0.931410015,179.8410034,1.352970004,248.602005,77.4957962,8.520079613,1.068500042,136.8730011,1.512660027,175.6529999,63.46839905,3.956670046,126.2669983,2320.330078,17.67519951,79.22070313,76.19609833,68.2385025,180.1239929,2227.860107,28.87590027,61.34700012,68.27320099,52.49900055,433.4400024,2325.030029,83.75479889,294.8670044,216.5059967,27.9144001,430.026001,2504.340088,87.06880188,251.5599976,191.947998,13.91559982,181.6880035,31.98559952,16.72890091,141.9190063,44.79439926,15.51469994
0.829784989,101.3259964,1.612840056,241.878006,40.31779861,4.688950062,0.77718401,86.73930359,1.321140051,203.6670074,35.40119934,3.120120049,65.4190979,3157.370117,6.023280144,63.32989883,62.13339996,5.138120174,55.33250046,3327.75,5.430220127,67.27249908,59.76459885,3.642110109,321.1270142,3499.330078,50.45270157,501.2229919,167.3359985,12.12290001,330.7869873,3279.76001,62.95429993,408.5700073,150.0659943,5.90967989,152.7299957,60.82089996,20.12170029,146.2449951,74.7213974,17.22590065
0.558331013,135.2859955,1.314090014,249.6340027,62.22029877,6.556900024,0.695286989,95.93340302,1.510550022,176.1569977,51.90940094,3.453269958,121.2089996,1590.410034,16.47629929,61.54809952,65.14369965,40.54029846,107.314003,1494.5,14.65769958,60.84389877,73.76049805,31.57329941,384.980011,2555.73999,73.42990112,382.6419983,206.8099976,22.53989983,358.6929932,2632.23999,79.88059998,287.2980042,186.4859924,11.07590008,182.8650055,37.92739868,17.0284996,143.2579956,50.39120102,16.42090034
0.92000097,178.0899963,1.356760025,248.345993,84.23010254,9.826860428,1.042950034,135.9120026,1.512150049,170.3289948,66.05809784,4.298729897,134.529007,1978.23999,19.04430008,75.21949768,86.88600159,61.21929932,184.7779999,1734.170044,30.36450005,60.92779922,75.64150238,46.74819946,517.8430176,2286.610107,102.4520035,312.2770081,236.5789948,32.1733017,524.117981,2477.689941,104.0970001,248.1410065,194.4519958,15.18369961,195.8840027,30.73959923,17.05080032,143.1340027,42.64519882,16.68889999
1.109910011,182.0279999,1.369670033,248.7619934,80.02890015,9.794300079,1.316949964,157.3739929,1.51312995,173.5240021,68.34899902,4.459350109,131.1580048,2312.850098,18.52860069,76.69059753,65.03089905,61.22430038,209.7039948,2178.649902,31.61120033,60.91450119,57.6291008,46.81520081,472.1919861,2309.080078,97.91220093,325.0910034,236.5429993,30.44140053,471.4490051,2486.969971,101.4020004,253.0420074,195.5399933,15.14719963,190.5,33.09159851,16.89480019,144.9539948,41.64960098,16.12109947
1.298920035,60.09360123,1.735209942,231.5169983,16.46439934,3.660840034,1.056120038,99.61060333,1.32604003,225.0709991,34.44509888,3.436969995,63.86790085,3321.379883,5.99368,66.54060364,41.62779999,4.950660229,59.45240021,3460.340088,6.438330173,67.16210175,41.36709976,3.73052001,323.0849915,3468.909912,47.70389938,543.8709717,161.0359955,13.10309982,291.4880066,3561.409912,55.1053009,469.9890137,159.8079987,7.768549919,172.8150024,61.51549911,20.32589912,151.4459991,76.19470215,20.05680084
1.157960057,111.5049973,1.713780046,236.1100006,38.25090027,5.130620003,1.076769948,94.1977005,1.322589993,208.0059967,32.24300003,3.187319994,66.35649872,3460.320068,6.463540077,67.78859711,45.28649902,5.046609879,59.80599976,3742.129883,6.971570015,66.9375,44.59120178,3.399590015,391.6329956,3546.409912,53.0082016,546.0339966,160.1580048,14.46220016,374.7349854,3579.090088,64.67279816,454.0979919,159.0850067,7.696229935,165.2610016,66.03510284,20.30400085,146.7369995,83.13829803,17.94479942
0.556460023,134.5919952,1.314290047,249.6580048,62.38589859,6.503590107,0.713800013,94.39910126,1.511059999,176.977005,51.34460068,3.498869896,122.6429977,1587.25,16.625,61.1833992,63.82929993,39.45849991,95.78320313,1496.060059,12.85560036,60.81710052,70.03340149,30.55260086,365.1220093,2588.060059,70.93659973,398.696991,207.3119965,21.74230003,332.5440063,2643.379883,77.78600311,292.6640015,186.5379944,10.55560017,184.0500031,38.97000122,17.07789993,144.2369995,51.14960098,16.84700012
0.70016402,104.6439972,1.553449988,237.7579956,39.24079895,3.781189919,0.656884015,94.36470032,1.313949943,208.9620056,38.23120117,3.166300058,62.63040161,2896.919922,5.400219917,57.70679855,38.16469955,4.682240009,72.35140228,2814.909912,6.231470108,66.83329773,38.44630051,4.14180994,154.5099945,3381.870117,38.18420029,553.7509766,173.5019989,7.273149967,170.1490021,3012.330078,54.96989822,394.5109863,147.253006,3.906160116,174.9080048,57.55099869,19.90069962,160.1690063,68.68250275,21.46109962
0.596557975,106.0019989,1.52105999,238.3130035,39.45750046,4.172540188,0.628862023,96.52809906,1.312260032,201.8179932,38.03889847,3.070839882,63.91210175,2892.560059,5.54569006,56.77920151,35.2154007,4.970200062,60.41320038,3016.959961,5.653450012,66.73339844,34.25329971,4.574570179,167.4369965,3409.419922,40.14770126,507.1480103,174.4380035,8.488530159,193.0420074,2800.97998,58.61830139,338.9670105,141.7369995,3.364510059,168.7019958,57.23289871,19.66819954,157.8139954,66.31210327,19.94400024
1.10879004,112.1610031,1.703279972,235.951004,39.77780151,5.159589767,1.025519967,93.53040314,1.321990013,207.0599976,32.31610107,3.160140038,66.97019958,3434.699951,6.546750069,67.07319641,46.34000015,5.09499979,58.48809814,3733.26001,6.892700195,66.9484024,45.52799988,3.493740082,396.177002,3555.530029,53.63819885,541.7839966,161.1759949,14.57499981,383.3039856,3573.439941,65.43109894,451.7489929,159.2700043,7.574240208,163.7579956,65.79850006,20.26849937,146.904007,82.65660095,17.86779976
1.140249968,184.1950073,1.372069955,248.7799988,81.04750061,9.990150452,1.364220023,159.1730042,1.512789965,172.7669983,68.78379822,4.529660225,132.2169952,2297.639893,18.70059967,76.84069824,64.62090302,61.2378006,211.2059937,2143.100098,31.86000061,60.87269974,57.21720123,46.75709915,484.2900085,2302.98999,99.94010162,326.6159973,239.9929962,30.92539978,484.9989929,2480.159912,103.3730011,251.3800049,195.9160004,15.27939987,192.6730042,32.88399887,16.91889954,145.2980042,41.33100128,16.20610046
1.072710037,180.4259949,1.368010044,248.6109924,84.84539795,10.53849983,1.258649945,151.3370056,1.512069941,169.6699982,68.9733963,4.623869896,137.3339996,2002.949951,19.52319908,74.90170288,76.6785965,58.63079834,200.3139954,1757.369995,31.78030014,60.71009827,66.92900085,44.59889984,537.7670288,2278.090088,109.1729965,329.3500061,247.5690002,33.41009903,544.6719971,2466.73999,111.3509979,248.173996,196.4470062,15.80860043,199.9259949,31.7677002,17.07449913,145.3179932,40.65330124,16.73270035
0.672836006,148.1629944,1.335119963,248.654007,76.15219879,8.850529671,0.719900012,112.8799973,1.516690016,170.4620056,61.32460022,3.934809923,136.1150055,1510.380005,19.16640091,67.61689758,90.53890228,49.6780014,149.9360046,1289.26001,24.5333004,60.60020065,85.43309784,38.38650131,524.3220215,2372.169922,101.7669983,336.1109924,225.6690063,31.11039925,524.9749756,2526.810059,103.2480011,260.9559937,192.5789948,14.46140003,188.9680023,33.02859879,16.99020004,141.6569977,44.93009949,16.22299957
0.718864977,105.1869965,1.560250044,237.6730042,38.76240158,3.721169949,0.638592005,93.27670288,1.31408,208.3999939,37.80599976,3.15467,62.59889984,2901.679932,5.394320011,57.73109818,40.23749924,4.643909931,74.74749756,2796.969971,6.457960129,66.75869751,40.63159943,4.130579948,176.1430054,3383.72998,39.62080002,545.9829712,172.1529999,7.705820084,191.0189972,3154.26001,53.29219818,426.2550049,150.2680054,4.469759941,175.8209991,57.98849869,19.95899963,160.8679962,69.80480194,21.59589958
1.048429966,93.2990036,1.68077004,235.7720032,34.88880157,4.860139847,0.936076999,88.08350372,1.321419954,205.2039948,32.95909882,3.232640028,65.15429688,3304.379883,6.089580059,66.12439728,57.3973999,5.188260078,56.25880051,3484.570068,5.720769882,67.2609024,54.69350052,3.499989986,358.4670105,3504.189941,50.49430084,519.2299805,159.6199951,13.20259953,340.0870056,3575.179932,60.13359833,444.3609924,160.1889954,7.146500111,162.7200012,64.28839874,19.9769001,146.375,80.03309631,17.32920074
0.792182982,157.9210052,1.345070004,248.628006,81.71779633,9.922579765,0.865725994,127.4100037,1.514320016,169.9029999,66.03869629,4.261219978,141.7169952,1593.099976,20.19140053,69.65579987,87.9693985,52.16730118,174.6349945,1322.380005,28.76119995,60.6208992,80.30269623,40.02030182,575.1790161,2293.120117,114.6800003,338.4060059,235.4470062,34.76940155,577.8629761,2501.98999,114.1620026,256.5310059,195.1519928,16.01009941,195.0619965,32.07550049,17.05340004,143.3930054,42.14789963,16.60429955
0.869009018,78.89040375,1.698819995,232.4819946,31.78339958,3.40557003,0.653111994,85.0809021,1.324390054,214.9279938,35.45320129,3.280630112,62.43130112,3034.810059,5.541570187,62.4239006,66.48699951,5.031260014,61.05310059,3011.280029,5.689700127,67.79640198,65.69629669,4.044439793,282.9779968,3435.719971,47.25249863,477.7999878,158.5690002,10.32909966,292.631012,3552.459961,55.28720093,463.3739929,162.947998,6.565690041,150.4530029,59.51940155,20.19210052,146.5469971,71.82089996,19.75469971
0.646531999,173.4029999,1.305930018,248.5130005,75.77230072,7.67884016,0.601108015,122.0390015,1.507809997,179.0149994,62.24710083,3.437419891,126.2779999,2243.649902,17.70999908,89.57240295,100.5009995,92.06919861,155.6799927,2274.030029,28.05480003,62.69309998,90.72840118,71.24389648,431.6839905,2325.469971,75.70649719,260.0450134,182.7109985,27.32500076,430.2380066,2511.25,78.20290375,243.8540039,188.4640045,13.47539997,168.7039948,31.64310074,16.32579994,137.0359955,46.05099869,13.5866003
0.757763028,97.15550232,1.573449969,236.7599945,36.29840088,3.52147007,0.690348029,94.26429749,1.315379977,211.9649963,38.19960022,3.213999987,61.87450027,2904.26001,5.324520111,58.28609848,42.3893013,4.694729805,72.64630127,2792.419922,6.188049793,67.06439972,42.59370041,4.140820026,148.3880005,3378.159912,37.44929886,557.1749878,171.878006,6.822840214,159.8320007,3055.219971,53.38339996,402.4190063,148.6970062,4.167099953,173.4810028,57.40409851,19.87829971,158.6320038,68.46640015,21.51449966
1.156100035,60.14730072,1.709640026,231.6109924,20.45809937,3.644390106,0.915997982,93.78820038,1.324720025,220.9830017,34.57569885,3.38654995,63.84980011,3230.419922,5.898509979,65.10669708,51.26470184,5.046219826,56.75619888,3337.780029,5.785600185,67.37619781,49.86819839,3.82565999,319.9899902,3470.459961,47.91730118,522.8259888,160.9120026,12.53129959,296.7359924,3558.26001,55.00299835,462.3269958,160.5299988,7.352230072,166.9190063,60.92350006,20.16659927,150.2079926,75.03690338,19.41290092
0.713895977,104.2730026,1.52038002,238.0090027,41.89519882,4.690619946,0.742995024,92.55970001,1.311699986,205.1900024,38.05730057,3.133549929,64.96150208,2993.709961,5.646580219,59.17430115,45.24330139,5.195300102,56.31610107,3145.379883,5.413440228,67.27890015,44.15510178,4.092780113,220.5829926,3461.949951,44.68180084,499.4970093,175.4929962,10.35620022,243.6750031,2855.959961,65.64980316,335.5480042,141.6629944,3.700710058,158.6060028,58.22800064,19.4762001,152.3200073,68.77159882,18.8864994
0.69136101,102.9749985,1.550570011,237.7649994,39.42839813,3.803780079,0.680555999,95.06990051,1.31400001,210.0119934,38.71609879,3.187410116,62.50090027,2894.22998,5.390069962,57.75080109,37.97200012,4.68159008,69.29139709,2825.73999,5.926109791,66.9036026,38.0617981,4.130139828,133.197998,3391.129883,36.85309982,560.6879883,174.5110016,6.78207016,147.8280029,2894.590088,56.957901,367.4309998,144.5850067,3.350519896,174.128006,57.1413002,19.86940002,159.5200043,67.604599,21.43009949
0.684688985,146.2449951,1.333879948,249.048996,73.33699799,8.554439545,0.783258021,112.4349976,1.517609954,171.5010071,59.73690033,3.891609907,137.5440063,1467.329956,19.32600021,66.46350098,79.81349945,47.57139969,145.2220001,1254.550049,22.87879944,60.50460052,79.05139923,36.68640137,525.7420044,2396.449951,101.7829971,356.7019958,223.2299957,30.74340057,518.6950073,2540.409912,103.1279984,266.8420105,192.2250061,14.29609966,189.6159973,34.09809875,16.93560028,143.2640076,45.24380112,16.20369911
0.717299998,165.1690063,1.337290049,248.1439972,80.56929779,9.020810127,0.734800994,120.211998,1.512969971,171.3919983,63.39759827,3.947429895,132.2290039,1838.069946,18.64220047,74.73889923,100.4469986,62.44079971,163.1829987,1662.099976,28.05620003,61.14659882,87.9260025,48.12450027,496.1879883,2319.370117,94.44429779,297.1879883,221.3220062,30.59410095,502.2539978,2499.080078,96.40920258,249.7250061,192.2689972,14.43970013,187.076004,31.04520035,16.96590042,140.1750031,44.52360153,16.06760025
1.289319992,33.74919891,1.745079994,228.3159943,5.151929855,2.453999996,0.942978024,102.4850006,1.328060031,236.1790009,36.20330048,3.521100044,62.56549835,3206.870117,5.78783989,64.51110077,39.46110153,4.858310223,59.47650146,3263.600098,6.388030052,67.28980255,40.04270172,4.10228014,280.2860107,3440.959961,45.01819992,545.210022,162.8950043,12.11520004,248.3200073,3541.620117,49.99940109,482.7250061,160.4660034,7.870820045,173.9750061,57.8810997,20.44219971,154.7389984,70.87239838,21.60950089
0.909169972,184.1190033,1.349140048,248.548996,79.37339783,8.542300224,1.038609982,134.3999939,1.51154995,175.1569977,63.58940125,3.900369883,127.3160019,2326.040039,17.86610031,81.1384964,80.3470993,72.47779846,178.9190063,2211.969971,29.39649963,61.52610016,71.84349823,55.74340057,448.4330139,2309.97998,84.81919861,286.3919983,214.1840057,28.48920059,446.9989929,2496.439941,87.3927002,247.9290009,191.7299957,14.04710007,182.6329956,31.12520027,16.71310043,141.2799988,44.96239853,15.44810009
0.686241984,105.1039963,1.524090052,237.8730011,39.60589981,4.253439903,0.678362012,93.11720276,1.311959982,203.9029999,38.1731987,3.070070028,64.25830078,2940.219971,5.576950073,58.15510178,39.33420181,5.316939831,64.41179657,3023.669922,6.082079887,67.07730103,39.08110046,4.360079765,199.8280029,3414.709961,42.89670181,487.3729858,175.3430023,9.332240105,232.947998,2951.459961,59.58229828,364.7969971,144.6130066,3.898530006,158.871994,57.52399826,19.52960014,153.6719971,68.04759979,19.02910042
0.786525011,101.1220016,1.551900029,264.7099915,37.89459991,4.553500175,0.803578973,92.82779694,1.269749999,205.3439941,37.69910049,3.137029886,65.97319794,3118.820068,6.019790173,62.56890106,49.42020035,5.113699913,53.56750107,3304.02002,5.478310108,66.89009857,48.20389938,3.590420008,244.7059937,3497.169922,46.0984993,512.4509888,172.201004,11.50459957,262.9140015,3030.870117,64.67070007,363.4230042,143.6529999,4.66519022,157.1170044,58.43019867,19.94610023,147.4980011,70.74359894,18.0060997
0.688731015,105.5039978,1.527250051,237.7810059,39.22940063,4.161459923,0.667026997,93.1242981,1.312090039,203.6779938,38.14030075,3.057209969,64.08820343,2931.22998,5.559360027,57.97800064,38.00379944,5.347670078,66.67420197,2992.939941,6.260350227,67.02349854,37.99750137,4.418129921,196.6640015,3406.02002,42.5340004,486.4089966,175.0800018,9.128219604,230.9790039,2995.120117,58.21319962,376.0390015,145.5709991,3.966650009,159.3309937,57.51679993,19.54750061,154.0800018,68.16929626,19.10700035
0.725641012,104.3430023,1.520509958,237.9880066,42.43470001,4.802420139,0.757866979,92.5483017,1.311669946,205.2649994,37.90940094,3.14508009,65.15219879,3007.679932,5.665410042,59.39830017,45.95249939,5.181769848,54.74150085,3176.110107,5.299349785,67.30210114,44.73040009,4.052909851,227.029007,3472.379883,45.12329865,502.3309937,175.2230072,10.65240002,247.3679962,2852.300049,66.86399841,332.9410095,141.1690063,3.672049999,158.977005,58.54639816,19.46339989,152.1710052,69.16000366,18.86540031
0.646471977,104.2639999,1.513739944,238.8249969,42.59899902,4.598740101,0.750019014,94.91590118,1.311910033,207.7050018,39.16090012,3.176789999,64.36100006,2959.47998,5.592329979,58.23619843,39.87799835,4.903900146,52.27420044,3092.159912,4.914949894,67.08049774,38.71149826,4.060190201,166.348999,3479.419922,40.97269821,523.4790039,178.423996,8.979519844,182.2680054,2559.139893,68.43789673,277.9819946,136.2619934,2.579930067,164.6779938,57.34360123,19.61969948,155.3829956,66.34760284,20.04710007
0.740571022,99.66359711,1.568400025,237.052002,37.34600067,3.602370024,0.679634988,94.18800354,1.314990044,211.0130005,38.18840027,3.198549986,62.10639954,2901.800049,5.347420216,58.11989975,41.43030167,4.687099934,72.7677002,2796.419922,6.20950985,66.99939728,41.66130066,4.138770103,150.8869934,3379.350098,37.70569992,556.6140137,172.3150024,6.960299969,163.4450073,3047.679932,53.82830048,401.196991,148.3560028,4.096340179,173.9570007,57.48820114,19.88890076,159.0740051,68.60440063,21.51129913
0.811639011,106.447998,1.637930036,239.1419983,42.46490097,4.824160099,0.788654983,89.36840057,1.34047997,204.2050018,35.95840073,3.109019995,65.96949768,3137.409912,6.060060024,63.33840179,54.29679871,5.224999905,57.02389908,3314.560059,5.659639835,68.17320251,52.75159836,3.720160007,294.4049988,3473.449951,48.74900055,510.3399963,170.0440063,11.60130024,313.8619995,3141.550049,64.32920074,386.7630005,146.0410004,5.277050018,154.5189972,60.38370132,19.91379929,145.9629974,73.9088974,17.62649918
0.660452008,148.4830017,1.334800005,248.5090027,76.75789642,8.897270203,0.690174997,112.3850021,1.516440034,170.2070007,61.53540039,3.936569929,135.4799957,1519.170044,19.07659912,67.9213028,94.27149963,50.31159973,150.2460022,1299.800049,24.84029961,60.63539886,87.46820068,38.88809967,520.5139771,2368.300049,100.9820023,330.5169983,225.8849945,31.03989983,522.9710083,2523.439941,102.6299973,259.4729919,192.5429993,14.4321003,188.7070007,32.74620056,17.01429939,141.1660004,44.92539978,16.25889969
0.946102977,176.6459961,1.355469942,248.6390076,76.15540314,8.520139694,1.088269949,138.8840027,1.513520002,175.9949951,63.45550156,3.999449968,125.5479965,2316.51001,17.5454998,77.87989807,73.08000183,65.31199646,181.25,2238.75,28.5237999,61.22800064,65.49060059,50.23749924,421.8259888,2338.469971,83.30280304,302.2290039,218.1929932,27.50670052,416.8370056,2510.02002,87.15799713,254.5549927,192.1360016,13.8355999,181.2720032,32.69620132,16.74640083,142.427002,44.62220001,15.58640003
1.093649983,112.427002,1.69994998,235.9179993,40.27750015,5.173799992,1.010329962,93.37680054,1.321779966,206.7330017,32.34970093,3.151190042,67.20200348,3425.879883,6.575789928,66.85469818,46.52909851,5.110730171,58.01179886,3730.110107,6.864180088,66.94599915,45.69240189,3.523940086,397.1549988,3557.77002,53.82289886,540.1669922,161.5249939,14.60400009,385.8649902,3571.530029,65.67179871,450.9719849,159.3540039,7.517910004,163.3500061,65.71019745,20.25849915,146.9790039,82.47389984,17.85059929
0.758580983,152.6660004,1.340569973,248.9179993,78.36419678,9.473340034,0.858385026,122.3290024,1.515630007,170.651001,64.06880188,4.12966013,143.1820068,1510.5,20.36809921,68.10350037,81.5134964,49.76480103,165.7929993,1245.630005,26.63759995,60.54290009,77.71050262,38.25490189,582.7069702,2320.75,114.5410004,352.2569885,230.6119995,34.44810104,578.5720215,2518.840088,113.3799973,261.6170044,194.5559998,15.82670021,193.1390076,32.92770004,16.99020004,143.8040009,43.07540131,16.4211998
0.64734602,149.9570007,1.334830046,248.2850037,78.103302,9.056010246,0.652236998,112.6999969,1.515679955,169.901001,62.09400177,3.970050097,135.076004,1532.030029,19.03289986,68.47779846,99.46569824,51.43289948,152.2440033,1313.140015,25.5814991,60.68870163,89.92140198,39.69200134,518.2589722,2355.860107,100.7409973,323.8099976,226.9920044,31.21439934,522.822998,2516.280029,102.5070038,257.3720093,192.6549988,14.49740028,189.5469971,32.25930023,17.07029915,140.8549957,44.62440109,16.4314003
0.869920015,108.1050034,1.649749994,239.1580048,42.85250092,5.006939888,0.842302024,89.74549866,1.340860009,204.4839935,34.94499969,3.1240201,66.47260284,3209.27002,6.197390079,64.28109741,53.41910172,5.167860031,56.04930115,3420.959961,5.769219875,68.14589691,51.79140091,3.609189987,320.9089966,3493.860107,49.94710159,519.4849854,167.9490051,12.32830048,332.3450012,3188.22998,65.28269958,393.7349854,146.9420013,5.729660034,156.7319946,61.87060165,19.94519997,145.8809967,76.28050232,17.62989998
0.622593999,104.237999,1.522510052,239.0429993,41.16479874,4.230720043,0.719422996,95.7826004,1.312790036,209.2220001,39.2533989,3.186450005,63.40610123,2921.439941,5.492420197,57.51350021,36.5807991,4.698750019,59.22689819,2969.709961,5.30065012,66.92359924,35.80160141,4.084050179,142.2140045,3441.340088,38.49909973,540.1989746,178.6060028,7.817619801,155.7220001,2533.409912,63.76839828,283.2780151,138.0420074,2.823460102,170.0789948,56.94919968,19.77160072,158.1889954,65.94519806,21.00110054
0.736621022,102.1149979,1.540259957,264.7680054,39.15399933,4.493400097,0.785862029,94.33470154,1.269860029,206.1790009,38.69240189,3.145319939,65.63710022,3058.719971,5.878550053,61.50040054,45.25640106,5.046239853,51.83729935,3233.72998,5.227000237,66.76200104,44.21659851,3.693589926,201.2169952,3494.790039,43.58919907,515.4849854,174.6759949,10.60229969,224.3000031,2870.0,66.26069641,334.0369873,139.996994,3.688139915,159.3289948,57.37329865,19.9810009,149.4080048,68.37229919,18.58769989
0.706689,104.2300034,1.520830035,237.9850006,41.30780029,4.582550049,0.728196025,92.50019836,1.311750054,205.0149994,38.1344986,3.119980097,64.79419708,2981.679932,5.629759789,58.98529816,44.55080032,5.225180149,58.24060059,3116.439941,5.566160202,67.25869751,43.62749863,4.1386199,216.7839966,3450.689941,44.39419937,495.8039856,175.5970001,10.12989998,242.720993,2875.820068,64.26860046,341.5180054,142.4470062,3.784970045,158.0659943,57.98659897,19.48360062,152.3829956,68.54579926,18.86870003
1.034929991,103.1009979,1.681959987,236.1040039,38.41120148,5.036610126,0.949437976,89.3690033,1.321079969,204.302002,33.00559998,3.181750059,65.97480011,3320.639893,6.224359989,66.17179871,54.99300003,5.189660072,56.7901001,3540.570068,5.978809834,67.13040161,52.88470078,3.529920101,365.4970093,3514.100098,51.50780106,521.710022,161.2339935,13.42549992,354.2940063,3570.129883,62.18769836,445.1069946,160.4149933,7.058000088,161.2279968,64.42489624,20.07999992,146.0879974,80.29660034,17.31990051
1.157600045,198.2489929,1.385319948,248.5540009,84.08039856,9.53524971,1.462849975,144.9980011,1.512850046,170.4530029,65.29620361,4.32847023,130.5079956,2398.209961,18.38120079,77.28309631,64.77400208,62.83819962,199.9759979,2074.659912,30.57309914,60.81399918,57.34880066,47.6719017,490.0660095,2295.840088,97.84700012,314.8240051,243.6089935,30.53630066,492.1530151,2466.77002,99.71019745,246.0480042,194.7779999,14.82600021,198.3009949,30.07859993,17.03129959,144.6170044,43.83430099,17.12229919
0.921482027,110.1070023,1.660079956,239.1699982,43.167099,5.154489994,0.891871989,90.68080139,1.341210008,205.098999,34.18840027,3.136029959,66.95780182,3270.919922,6.326779842,65.01909637,51.30009842,5.120880127,55.98469925,3513.050049,5.98239994,68.09860229,49.81620026,3.530240059,340.7219849,3509.75,50.83539963,528.5800171,166.6150055,12.93060017,346.2489929,3214.590088,66.30460358,398.1199951,147.5140076,6.079840183,158.7960052,63.07289886,19.98520088,146.0169983,78.17520142,17.73550034
0.712253988,102.5,1.534960032,264.8439941,39.84949875,4.478320122,0.78204,95.1339035,1.269960046,206.7660065,39.17679977,3.15644002,65.40609741,3031.26001,5.79722023,61.00880051,43.33050156,4.988220215,50.27519989,3202.02002,5.026629925,66.69909668,42.3227005,3.726700068,177.7940063,3498.51001,42.14179993,520.7689819,175.8170013,10.11250019,201.0540009,2778.310059,67.45619965,316.6040039,137.8659973,3.144279957,160.9459991,56.92770004,20.00469971,150.4429932,67.23609924,18.93059921
1.194049954,52.77949905,1.741379976,231.0769958,9.247159958,2.576669931,0.907804012,100.5579987,1.327299953,228.5720062,36.06299973,3.445080042,61.2798996,3212.330078,5.657380104,64.41799927,41.97570038,4.828889847,63.47240067,3231.939941,6.786630154,67.19029999,42.71649933,3.981019974,270.6489868,3435.149902,44.03160095,554.0120239,162.0720062,11.63920021,237.2250061,3546.830078,49.5605011,480.5180054,160.4219971,8.221420288,171.3970032,58.53390121,20.46260071,153.2200012,71.97920227,21.10479927
0.835030019,182.3280029,1.34107995,248.4170074,81.18370056,8.682920456,0.923889995,128.9129944,1.510939956,173.8930054,63.7840004,3.856559992,129.5820007,2202.360107,18.25079918,81.51039886,89.46640015,74.30950165,173.4759979,2061.379883,29.53770065,61.62850189,79.36579895,57.18330002,473.2279968,2301.370117,88.2602005,281.723999,212.9320068,29.53429985,475.4660034,2490.929932,90.0687027,245.371994,191.6340027,14.27320004,184.0839996,30.50979996,16.74670029,140.3350067,44.93579865,15.45110035
0.993947029,62.89369965,1.693950057,231.4660034,24.60619926,3.392440081,0.752963006,88.72000122,1.324059963,218.8179932,35.2942009,3.326610088,63.49160004,3115.560059,5.759089947,63.40039825,60.95159912,5.089600086,56.05960083,3169.709961,5.412769794,67.62129974,59.29370117,3.984420061,305.04599,3463.199951,47.97060013,498.3240051,161.147995,11.55539989,298.3309937,3551.0,54.91159821,460.3150024,161.701004,6.92358017,157.9129944,59.44990158,20.12789917,148.503006,72.57060242,19.23049927
1.037950039,99.31159973,1.680809975,236.0299988,37.12139893,4.978219986,0.943192005,88.6536026,1.321159959,204.401001,32.97869873,3.201649904,65.61239624,3312.459961,6.161610126,66.16169739,56.39189911,5.191999912,56.52289963,3514.850098,5.845200062,67.1882019,53.98540115,3.511650085,362.572998,3509.610107,51.08060074,520.2080078,160.5630035,13.31700039,348.3479919,3572.320068,61.33010101,444.4490051,160.3399963,7.086030006,161.6750031,64.38259888,20.0326004,146.0970001,80.20240021,17.27840042
0.828655005,80.43109894,1.654260039,234.4689941,32.9858017,3.995850086,0.676995993,81.49729919,1.320670009,206.1349945,34.31290054,3.176939964,64.38780212,3149.110107,5.886149883,63.3280983,69.94029999,5.210519791,53.26179886,3244.26001,5.022659779,67.66660309,66.21829987,3.750849962,330.178009,3504.179932,49.33710098,499.9079895,160.0670013,11.93249989,322.618988,3566.860107,57.21889877,441.9140015,161.177002,6.774350166,154.3880005,61.26900101,19.86779976,145.7890015,75.8289032,17.0128994
1.233319998,48.68090057,1.744189978,230.576004,7.902369976,2.608589888,0.936255991,101.3949966,1.327469945,230.423996,35.93149948,3.464030027,61.83050156,3237.620117,5.751100063,64.79290009,40.76279831,4.835370064,62.01760101,3284.199951,6.757510185,67.21130371,41.51200104,3.965470076,280.6430054,3444.25,44.74530029,554.0709839,161.9570007,12.05869961,246.1889954,3548.560059,50.20339966,480.9309998,160.125,8.234530449,172.0980072,58.67779922,20.4605999,153.2850037,72.27919769,21.13839912
1.31795001,54.43069839,1.749250054,230.8170013,10.95240021,3.138770103,1.046959996,102.3899994,1.327170014,229.8170013,35.01330185,3.45381999,63.28490067,3335.580078,5.994989872,66.34269714,37.67300034,4.85447979,60.71429825,3462.409912,6.861599922,67.13569641,38.28129959,3.795949936,312.4150085,3473.26001,46.84690094,558.7949829,161.3869934,13.07159996,276.7749939,3558.5,53.49430084,478.0429993,159.423996,8.186340332,174.0039978,60.47109985,20.46120071,152.5509949,75.13420105,20.69470024
1.094220042,109.6760025,1.697199941,236.1560059,39.39369965,5.162509918,1.016680002,92.19390106,1.321689963,205.8379974,32.56629944,3.173010111,66.4980011,3394.939941,6.394859791,66.94830322,49.14099884,5.126110077,58.28469849,3660.48999,6.540150166,66.99479675,47.87979889,3.481920004,381.803009,3532.719971,52.60269928,534.0209961,161.0890045,14.06000042,369.5929871,3573.139893,64.09670258,449.3919983,159.8000031,7.333459854,163.1929932,65.37319946,20.20730019,146.4949951,81.87740326,17.65259933
1.071969986,112.8570023,1.694499969,238.901001,41.3526001,5.277390003,1.01631999,93.7539978,1.342700005,208.0500031,32.4598999,3.171960115,67.69589996,3430.389893,6.627530098,66.98079681,45.8973999,5.008679867,58.4048996,3730.969971,6.859220028,68.0134964,45.0943985,3.353100061,390.1029968,3547.629883,53.00960159,551.9299927,163.0839996,14.43019962,379.5899963,3326.139893,67.08239746,420.8729858,150.7920074,7.408180237,163.3560028,65.71499634,20.11170006,146.1580048,82.64230347,18.06509972
0.758379996,99.68560028,1.576580048,236.8739929,37.02370071,3.585000038,0.674787998,93.13089752,1.315279961,210.576004,37.82300186,3.187550068,62.16199875,2911.25,5.352300167,58.27939987,44.32099915,4.702809811,73.94719696,2798.120117,6.355720043,67.03299713,44.56389999,4.141630173,171.822998,3384.540039,39.17089844,546.6740112,171.3840027,7.468090057,183.5740051,3137.689941,52.94070053,419.5799866,150.3760071,4.563940048,173.0709991,57.89289856,19.9022007,158.6199951,69.42160034,21.45630074
0.864862978,166.2550049,1.349539995,248.6239929,71.60269928,7.8886199,0.965655029,131.6640015,1.514840007,177.8179932,61.07509995,3.822479963,122.3970032,2266.47998,16.97599983,76.47920227,74.21440125,63.25270081,166.1289978,2242.790039,26.1697998,61.23690033,67.01370239,48.80509949,383.7049866,2377.699951,76.14559937,303.6080017,210.3540039,25.62210083,374.2070007,2531.580078,80.95809937,259.8080139,190.6869965,13.11089993,175.2489929,33.80479813,16.68260002,141.6790009,45.74110031,15.32240009
0.648059011,104.7210007,1.517140031,238.4940033,40.83739853,4.426529884,0.705609024,94.66760254,1.311959982,205.276001,38.5021019,3.121720076,64.32050323,2944.0,5.586900234,58.00040054,39.2336998,5.043859959,57.31219864,3070.389893,5.430520058,67.04250336,38.29639816,4.2333498,182.1139984,3441.139893,41.7541008,505.1910095,176.7050018,9.159119606,206.0429993,2713.870117,63.42070007,313.678009,139.9830017,3.267640114,163.1640015,57.40169907,19.58939934,155.0659943,66.87190247,19.63559914
0.65863502,106.0699997,1.535820007,238.2810059,39.97269821,4.035679817,0.668609977,94.70950317,1.31298995,206.5370026,38.44760132,3.122809887,63.36119843,2906.889893,5.48292017,57.52460098,37.06399918,4.87748003,66.90399933,2913.379883,6.001570225,66.87270355,36.92639923,4.248010159,161.6620026,3402.560059,39.42409897,526.5800171,175.6139984,7.97303009,183.2870026,2855.25,58.03609848,354.5509949,143.8110046,3.558490038,169.3690033,57.3594017,19.76919937,158.0319977,67.55069733,20.63220024
0.965066016,113.1559982,1.668220043,239.1670074,44.12519836,5.34085989,0.938703001,92.45819855,1.341439962,206.2850037,33.50740051,3.143599987,67.98719788,3338.379883,6.548560143,65.58769989,47.48860168,5.062220097,55.78630066,3627.379883,6.317850113,68.01789856,46.3927002,3.47013998,361.0429993,3531.27002,51.86389923,542.552002,166.1139984,13.66629982,362.1749878,3205.120117,68.59159851,396.3519897,147.3139954,6.334720135,161.0780029,64.28250122,20.04409981,146.5330048,80.04049683,18.01009941
0.691264987,105.0719986,1.514700055,238.4149933,44.05799866,4.881929874,0.773284018,94.07939911,1.31151998,206.6369934,38.6935997,3.174540043,65.08869934,2992.429932,5.664050102,58.96030045,42.69049835,5.019820213,49.66630173,3166.679932,4.797090054,67.17630005,41.42810059,4.0176301,189.7960052,3499.870117,42.83340073,520.0549927,176.9190063,9.876859665,205.7660065,2673.320068,70.83670044,296.3720093,136.3200073,2.516419888,162.8970032,58.15340042,19.53899956,153.9219971,67.75319672,19.53030014
0.764970005,153.6170044,1.341470003,248.8589935,79.08080292,9.567959785,0.858283997,123.3079987,1.515370011,170.473999,64.52130127,4.155099869,142.8869934,1526.959961,20.33550072,68.40979767,82.9539032,50.23970032,167.6869965,1260.170044,27.1012001,60.55870056,78.41079712,38.61320114,581.7880249,2314.590088,114.6940002,348.9370117,231.5910034,34.54359818,579.2789917,2515.419922,113.6330032,260.4880066,194.6950073,15.87749958,193.4279938,32.73920059,17.00119972,143.6670074,42.89009857,16.44519997
0.726293027,102.0759964,1.538579941,264.7170105,39.23289871,4.456140041,0.774643004,94.17520142,1.269860029,206.0939941,38.73849869,3.14102006,65.46530151,3043.899902,5.842730045,61.27769852,45.07720184,5.057260036,52.85329819,3207.5,5.26857996,66.75579834,44.06930161,3.725790024,198.8800049,3486.419922,43.43420029,512.6090088,174.9810028,10.41499996,223.3739929,2865.139893,65.70249939,334.0390015,140.2550049,3.68295002,159.0720062,57.24399948,19.97769928,149.5599976,68.10769653,18.61639977
0.65070498,143.2400055,1.331009984,249.0709991,70.94499969,8.105460167,0.73941803,107.9850006,1.51849997,171.8220062,57.97050095,3.766459942,134.2039948,1470.140015,18.73970032,65.86209869,79.96289825,46.84960175,137.0279999,1288.699951,21.31809998,60.5021019,80.86650085,36.25490189,496.2279968,2430.77002,95.07649994,353.8919983,219.4980011,28.84490013,488.9360046,2549.669922,97.72319794,268.230011,191.1750031,13.56309986,186.9640045,34.5632019,16.90040016,142.5189972,46.35810089,15.99680042
1.242059946,39.5807991,1.741790056,229.2689972,6.780550003,2.484240055,0.915916026,101.2180023,1.327679992,233.4320068,36.20650101,3.494019985,62.19120026,3194.959961,5.7322402,64.33969879,41.4095993,4.856750011,60.30459976,3234.340088,6.429240227,67.28980255,42.00299835,4.072239876,275.7850037,3436.199951,44.74850082,543.5449829,162.4420013,11.86030006,245.7559967,3543.189941,49.8689003,481.5379944,160.6170044,7.887869835,172.1239929,57.95130157,20.43740082,153.9759979,70.94940186,21.42609978
0.906831026,170.2949982,1.355340004,248.4160004,84.88210297,10.39050007,1.004649997,139.003006,1.512429953,169.5870056,68.02639771,4.467400074,139.1340027,1797.439941,19.81329918,72.69709778,87.88420105,56.48659897,188.9909973,1538.26001,31.07519913,60.72790146,76.78420258,43.08980179,553.6879883,2271.179932,111.9089966,327.8349915,242.1809998,34.31169891,560.7479858,2478.629883,112.8759995,250.7200012,195.8280029,15.97850037,198.5970001,31.41080093,17.11260033,144.0500031,41.03540039,16.85390091
1.192659974,111.4560013,1.722000003,236.2100067,37.22829819,5.101980209,1.11274004,94.93669891,1.323029995,208.8639984,32.20959854,3.201869965,66.0644989,3481.370117,6.433129787,68.29550171,43.91809845,5.007840157,60.60300064,3756.310059,7.06994009,66.91220093,43.40299988,3.339970112,389.4320068,3542.870117,52.69910049,549.5839844,159.5709991,14.43459988,370.4500122,3582.620117,64.32180023,456.1300049,158.9320068,7.785649776,166.3789978,66.17209625,20.34440041,146.7180023,83.45749664,18.04579926
0.839727998,93.92769623,1.622979999,235.6660004,35.55830002,3.541209936,0.726963997,88.28700256,1.317530036,210.6820068,37.1427002,3.174740076,62.05020142,2960.550049,5.347670078,59.5625,63.93050003,4.888869762,70.92289734,2851.23999,6.25496006,67.59570313,63.56980133,4.158170223,229.4649963,3438.439941,43.78310013,500.3829956,168.6970062,8.883560181,237.3209991,3313.580078,53.74620056,442.5239868,154.0570068,5.587240219,161.6230011,58.94889832,19.8409996,151.8899994,70.72460175,20.6371994
1.257050037,47.02090073,1.745869994,230.3309937,7.383550167,2.644469976,0.955962002,101.9329987,1.327550054,231.3220062,35.83919907,3.472670078,62.13769913,3253.820068,5.803239822,65.03479767,39.85889816,4.837989807,61.41820145,3316.199951,6.758309841,67.21160126,40.61259842,3.952630043,286.0559998,3449.530029,45.10589981,555.0390015,161.9470062,12.28520012,250.8359985,3549.560059,50.59999847,481.0830078,159.9629974,8.238030434,172.7039948,58.81969833,20.46170044,153.3580017,72.5428009,21.14509964
