Ols_Al_0_2,Ols_Ca_0_2,Ols_Fe_0_2,Ols_K_0_2,Ols_Mg_0_2,Ols_P_0_2,Ols_Al_2_6,Ols_Ca_2_6,Ols_Fe_2_6,Ols_K_2_6,Ols_Mg_2_6,Ols_P_2_6,H3A_Al_0_2,H3A_Ca_0_2,H3A_Fe_0_2,H3A_K_0_2,H3A_Mg_0_2,H3A_P_0_2,H3A_Al_2_6,H3A_Ca_2_6,H3A_Fe_2_6,H3A_K_2_6,H3A_Mg_2_6,H3A_P_2_6,M3_Al_0_2,M3_Ca_0_2,M3_Fe_0_2,M3_K_0_2,M3_Mg_0_2,M3_P_0_2,M3_Al_2_6,M3_Ca_2_6,M3_Fe_2_6,M3_K_2_6,M3_Mg_2_6,M3_P_2_6,TOC_0_2,IC_0_2,TN_0_2,TOC_2_6,IC_2_6,TN_2_6,PhosphorusTreatment
1.43592,181.8679962,1.417549968,479.4599915,166.3589935,35.21820068,1.552590013,164.0180054,1.63812995,347.3429871,167.8670044,30.62229919,117.3280029,1543.77002,14.40509987,128.6679993,115.3820038,137.9889984,123.2190018,1547.150024,18.89669991,85.15350342,109.9680023,99.50669861,473.4849854,3406.25,59.88230133,691.8170166,464.4110107,184.6809998,515.9429932,3455.600098,77.353302,561.4660034,459.5950012,145.6730042,202.2910004,47.75360107,26.93490028,187.7089996,61.01139832,22.18639946,16.9
1.503579974,174.5279999,1.756829977,534.7949829,142.3509979,31.75449944,1.363590002,144.0839996,1.311300039,374.2449951,136.3139954,20.90229988,74.81340027,1795.73999,6.604609966,157.927002,109.2050018,58.35910034,64.66729736,1693.76001,6.010640144,94.0089035,93.20899963,25.5156002,418.5390015,3703.909912,49.50329971,816.0200195,420.29599,149.5149994,452.8120117,3821.72998,61.69540024,669.7650146,400.1099854,99.55770111,212.4859924,60.29550171,27.81439972,188.7250061,77.8640976,24.8920002,0.0
1.353870034,195.1199951,1.388380051,496.6080017,164.7539978,36.12850189,1.457239985,174.0149994,1.628579974,342.4899902,162.5639954,30.13260078,130.6049957,1465.26001,17.84359932,137.3769989,113.3789978,179.5299988,137.3419952,1517.930054,22.79409981,86.90000153,107.2870026,116.7490005,500.9599915,3276.070068,71.05609894,735.2219849,473.0440063,209.4170074,545.8619995,3348.290039,85.72859955,560.4000244,462.394989,155.4429932,206.8500061,45.33739853,29.98880005,191.5050049,59.4192009,23.70079994,5.6
1.326390028,200.0279999,1.380429983,494.7460022,165.4980011,35.94879913,1.435850024,182.3159943,1.627550006,347.9060059,163.897995,30.37170029,136.1369934,1437.569946,18.70299911,137.326004,113.4400024,184.9380035,141.6499939,1517.069946,23.59059906,86.96769714,107.3000031,117.5029984,500.6560059,3313.800049,69.67299652,738.2600098,481.9519958,209.6609955,548.6229858,3389.060059,85.68900299,579.5819702,472.4089966,155.1820068,206.4689941,45.17720032,28.29840088,186.8190002,59.70299911,22.89209938,5.6
1.343379974,191.6940002,1.383419991,487.6960144,165.423996,35.16590118,1.521020055,178.9100037,1.591930032,365.1860046,165.9649963,30.96809959,110.8000031,1553.920044,14.04759979,135.1000061,114.8440018,124.0979996,121.0139999,1533.530029,19.59749985,86.10849762,108.9589996,106.4140015,484.1149902,3569.75,62.68930054,720.8109741,480.0270081,184.8289948,528.7470093,3588.370117,81.71949768,613.6829834,476.5939941,150.4329987,206.3040009,48.45220184,26.7859993,183.7940063,60.74110031,22.10280037,0.0
1.382369995,189.3509979,1.40486002,493.9200134,165.1710052,36.16059875,1.49289,169.4929962,1.630059958,344.6719971,164.4940033,30.31010056,124.4789963,1501.75,16.42790031,134.8739929,113.6470032,163.4089966,131.3630066,1519.849976,20.92180061,86.87740326,107.4160004,109.4560013,486.0010071,3315.899902,65.84429932,716.5759888,465.6789856,200.6929932,529.0189819,3379.570068,81.38189697,556.78302,456.9920044,152.0310059,206.6959991,46.18880081,28.89579964,191.5249939,59.78779984,23.27729988,0.0
1.432610035,175.4490051,1.651990056,508.9590149,129.8820038,30.50359917,1.334380031,147.8679962,1.333299994,350.2080078,123.7979965,18.73209953,76.12650299,1760.910034,6.335999966,144.147995,105.3290024,59.41450119,72.5963974,1682.810059,6.702179909,93.2335968,92.54560089,21.47249985,446.973999,3656.790039,55.32170105,832.2810059,417.2200012,152.3730011,468.8200073,3799.179932,66.09300232,676.2529907,399.3359985,90.59760284,211.1150055,60.77349854,32.08660126,190.1029968,82.36370087,28.03829956,0.0
1.258149981,214.173996,1.349470019,504.4729919,164.3439941,36.05870056,1.327849984,185.0930023,1.624539971,328.6180115,158.9299927,29.04529953,154.6880035,1339.98999,22.35440063,144.7879944,112.7060013,238.9049988,159.9900055,1511.97998,27.5862999,86.89949799,106.9179993,133.0549927,532.9470215,3116.27002,82.34339905,773.2420044,492.6199951,236.9290009,582.565979,3245.409912,94.13330078,559.4760132,475.7780151,162.0950012,207.2879944,42.46630096,32.58250046,188.5930023,58.7234993,24.59079933,11.3
1.493100047,171.0740051,1.67343998,513.6240234,129.595993,30.64080048,1.381880045,142.8110046,1.335530043,355.8139954,123.3909988,18.51199913,75.8214035,1775.339966,6.413599968,146.8730011,105.4120026,55.3689003,71.34159851,1681.469971,6.647089958,93.17720032,92.43080139,21.60519981,446.9370117,3641.219971,56.81370163,832.6160278,413.7290039,148.5820007,469.1560059,3763.26001,66.88970184,674.9520264,396.3349915,90.71829987,211.2929993,61.26390076,31.3281002,191.1569977,82.30930328,27.23209953,0.0
1.608389974,161.8950043,1.793009996,528.7650146,139.3730011,31.48139954,1.482480049,137.4069977,1.343930006,384.8190002,134.4179993,21.93059921,74.95149994,1799.969971,6.485010147,153.3569946,108.5670013,57.73529816,66.95950317,1675.829956,6.14703989,92.9897995,92.1957016,27.14489937,420.072998,3628.199951,50.52669907,810.4160156,405.1199951,148.0,449.821991,3733.419922,62.10250092,664.5059814,388.5320129,101.2659988,211.2350006,59.26079941,28.88459969,191.0709991,77.10829926,25.9734993,0.0
1.285279989,212.0079956,1.366359949,495.4519958,165.951004,35.96500015,1.335109949,192.6060028,1.62274003,337.2420044,162.5630035,29.95999908,161.0010071,1328.109985,23.28689957,139.3619995,113.0569992,237.0390015,162.2649994,1512.790039,27.41309929,86.94339752,107.0790024,127.5459976,517.8200073,3150.27002,76.04309845,754.4320068,492.5289917,230.5050049,569.1829834,3286.030029,89.77179718,571.8270264,479.4089966,158.7440033,206.5310059,42.63069916,28.03100014,184.8600006,59.29719925,23.00040054,0.0
1.561529994,163.4429932,1.703439951,519.7000122,129.602005,30.91710091,1.450600028,137.3970032,1.338690042,371.1990051,123.3119965,19.7378006,75.25219727,1792.609985,6.389949799,149.7489929,105.6900024,53.34799957,69.99939728,1680.089966,6.517350197,93.16349792,92.36129761,22.95359993,444.322998,3609.449951,58.30319977,828.8189697,404.9289856,145.6390076,465.993988,3706.120117,67.61859894,671.4899902,388.7109985,93.10199738,211.2700043,60.77949905,30.70170021,192.9170074,81.29499817,26.86800003,0.0
1.574769974,163.0,1.732149959,522.0700073,132.7610016,31.07159996,1.45886004,137.5540009,1.340309978,375.0079956,126.9869995,20.37779999,75.20050049,1794.060059,6.422299862,150.6190033,106.6159973,54.83129883,69.33879852,1678.969971,6.421289921,93.1269989,92.33080292,24.36569977,436.2479858,3614.040039,55.54330063,822.401001,404.67099,146.4920044,460.4989929,3714.050049,65.66850281,669.0180054,388.4240112,95.73560333,211.2369995,60.25419998,30.2154007,192.3630066,79.91809845,26.65399933,16.9
1.470700026,177.1600037,1.43532002,479.4790039,167.177002,35.32709885,1.538229942,155.2640076,1.635069966,334.6340027,169.5169983,29.48500061,117.762001,1549.47998,14.47999954,128.1100006,116.0619965,145.1399994,122.0550003,1548.219971,17.76339912,85.03769684,110.1139984,94.71350098,464.2000122,3309.719971,59.17179871,672.0599976,454.8699951,188.4049988,501.9400024,3385.300049,73.98719788,530.5050049,448.7680054,143.5630035,202.5749969,47.28079987,27.65620041,191.3630066,61.10089874,22.62280083,0.0
1.501129985,170.529007,1.678390026,514.4379883,129.8359985,30.67980003,1.388679981,142.3930054,1.335940003,357.04599,123.6320038,18.60779953,75.78170013,1777.170044,6.423079967,147.2610016,105.5039978,55.11759949,71.11789703,1681.189941,6.627639771,93.16619873,92.415802,21.74979973,446.2770081,3641.23999,56.75759888,832.0490112,413.1730042,148.2039948,468.7290039,3761.030029,66.82849884,674.4219971,395.8680115,91.0019989,211.3000031,61.23199844,31.17980003,191.1869965,82.1697998,27.13640022,0.0
1.536080003,164.8990021,1.460579991,474.6289978,167.0310059,35.47180176,1.598809958,147.0639954,1.634549975,338.4240112,170.9539948,30.00189972,107.1600037,1607.680054,12.29129982,123.1719971,116.3700027,121.7009964,112.5930023,1551.22998,15.34980011,84.98049927,110.2929993,88.27179718,448.769989,3347.169922,53.41960144,647.822998,437.6059875,176.0130005,482.6650085,3407.0,69.53890228,516.8759766,434.9909973,141.2380066,202.4589996,48.1487999,25.74839973,193.5090027,60.90530014,22.11319923,11.3
1.467329979,177.9920044,1.433899999,479.9679871,167.2250061,35.32699966,1.533059955,155.3959961,1.635050058,333.6440125,169.401001,29.38150024,118.6520004,1544.680054,14.66839981,128.5149994,116.0540009,147.7140045,122.7979965,1548.0,17.9477005,85.03620148,110.1009979,95.15820313,465.6069946,3300.070068,59.86209869,673.7449951,455.822998,189.8190002,503.519989,3378.969971,74.34719849,529.9210205,449.3699951,143.6799927,202.6029968,47.18119812,27.91250038,191.3650055,61.13029861,22.68260002,0.0
1.352769971,195.2969971,1.388139963,496.4660034,164.8029938,36.11880112,1.456840038,174.3630066,1.628589988,342.7780151,162.6779938,30.14999962,130.8000031,1464.369995,17.86219978,137.3359985,113.3850021,179.5330048,137.4790039,1517.920044,22.81119919,86.90270233,107.2890015,116.6880035,500.7479858,3278.969971,70.88619995,735.1350098,473.4490051,209.2550049,545.8319702,3351.22998,85.66429901,561.3950195,462.9049988,155.3710022,206.8300018,45.34690094,29.88739967,191.2510071,59.44079971,23.65469933,5.6
1.476089954,158.5579987,1.829879999,542.723999,151.4190063,32.73180008,1.347370028,141.2579956,1.319910049,395.0239868,148.4499969,23.64410019,73.36599731,1823.51001,6.102330208,161.0090027,111.4990005,63.82740021,68.35320282,1683.030029,6.095379829,94.1210022,94.31629944,33.24649811,384.6489868,3508.090088,44.43669891,774.6710205,380.7969971,152.4920044,416.3739929,3625.959961,57.04109955,639.2150269,363.7919922,111.1449966,210.3419952,55.77500153,30.18530083,192.0829926,71.48049927,25.71920013,5.6
1.548760056,161.9759979,1.470610023,473.6109924,167.7740021,35.40510178,1.584300041,142.7279968,1.631929994,329.6480103,172.7350006,29.11370087,106.8909988,1615.780029,12.23869991,122.7910004,117.0839996,121.4560013,111.0699997,1552.160034,14.25570011,84.92150116,110.4410019,83.78739929,439.17099,3308.939941,52.0379982,630.684021,433.2690125,175.9380035,468.8089905,3377.620117,66.39489746,500.2510071,429.5119934,139.5440063,202.6100006,48.01660156,25.88470078,195.9429932,60.96839905,22.59250069,0.0
1.358919978,194.2649994,1.389619946,497.1809998,164.5299988,36.17089844,1.459339976,172.4790039,1.628530025,341.3190002,162.0460052,30.05859947,129.6450043,1469.75,17.7446003,137.526001,113.3539963,179.2440033,136.651001,1518.02002,22.69269943,86.88870239,107.2799988,116.9509964,501.7550049,3264.080078,71.79350281,735.4400024,471.1470032,210.0220032,545.7670288,3335.830078,85.98300171,556.059021,460.0580139,155.7380066,206.9340057,45.30559921,30.4116993,192.6159973,59.32519913,23.89550018,5.6
1.451519966,163.6009979,1.776340008,538.2550049,144.5039978,32.50429916,1.336619973,140.8540039,1.316699982,385.9200134,139.4629974,22.46929932,74.05690002,1803.48999,6.251210213,158.0599976,110.1809998,63.24259949,68.06860352,1682.459961,6.208280087,93.98179626,94.12539673,28.99069977,408.0979919,3558.030029,49.01720047,800.53302,397.4249878,154.8670044,439.5750122,3683.449951,60.43700027,652.7299805,379.723999,105.211998,210.4859924,57.10850143,30.09980011,191.0220032,74.86340332,25.90690041,0.0
1.50059998,184.4920044,1.765650034,539.125,142.7279968,31.80340004,1.333359957,148.3150024,1.310549974,369.7850037,136.1779938,19.95789909,74.62159729,1790.550049,6.642650127,160.5119934,109.439003,58.25889969,65.52079773,1693.069946,6.082149982,93.93160248,93.16179657,25.00830078,419.4169922,3741.97998,49.28170013,820.9959717,429.9119873,150.3379974,454.9670105,3857.620117,61.78699875,675.3770142,406.605011,98.84449768,212.9550018,61.19329834,27.2852993,188.7460022,78.3085022,24.51370049,0.0
1.490159988,173.3540039,1.447170019,478.1279907,167.5540009,35.33240128,1.544970036,151.2929993,1.633909941,331.4450073,170.9929962,29.22480011,115.5059967,1565.5,13.99129963,126.9990005,116.5319977,140.4210052,119.3619995,1549.390015,16.62700081,85.00039673,110.2289963,90.55709839,454.3559875,3298.98999,56.77310181,656.0219727,449.5109863,185.7169952,488.756012,3375.610107,70.92610168,520.3300171,443.4620056,142.0809937,202.6170044,47.42250061,27.40410042,192.7369995,61.0760994,22.71960068,11.3
1.347259998,196.2539978,1.386430025,496.0830078,164.9570007,36.08129883,1.453340054,175.901001,1.628509998,343.7380066,162.9810028,30.20229912,131.8509979,1459.150024,18.01000023,137.3130035,113.3960037,180.423996,138.302002,1517.76001,22.96929932,86.91419983,107.2910004,116.8330002,500.7309875,3287.300049,70.55690002,735.7589722,475.2950134,209.147995,546.5310059,3360.189941,85.65399933,565.2150269,465.0119934,155.2899933,206.7610016,45.33380127,29.56690025,190.3139954,59.50049973,23.50449944,5.6
1.555209994,170.2559967,1.756929994,523.9860229,137.3959961,31.22069931,1.421030045,142.4680023,1.34059,367.5390015,131.7109985,20.09609985,75.57649994,1786.849976,6.605010033,151.4190063,107.7929993,57.10549927,68.16639709,1677.0,6.311389923,92.96399689,92.23149872,24.60059929,428.7630005,3676.02002,51.41320038,819.4829712,414.4330139,148.4340057,458.0799866,3795.580078,63.04750061,667.2990112,396.6109924,96.7845993,211.3710022,60.2818985,29.0503006,189.1119995,79.17479706,25.93650055,0.0
1.571449995,166.5070038,1.758630037,524.5419922,136.8419952,31.24349976,1.444460034,140.1549988,1.341279984,373.3649902,131.3370056,20.62050056,75.33380127,1791.339966,6.523829937,151.621994,107.7009964,56.83919907,68.13929749,1677.219971,6.296269894,93.01159668,92.24620056,25.12509918,428.4339905,3649.580078,52.05379868,818.0789795,409.9729919,148.0039978,456.7420044,3761.810059,63.37020111,667.302002,392.8670044,97.59970093,211.3009949,60.02180099,29.32740021,190.3970032,78.86340332,26.14780045,0.0
1.29756999,192.8119965,1.500720024,515.5280151,147.2519989,32.4029007,1.237890005,158.9819946,1.345749974,345.9110107,141.0140076,23.11499977,114.7979965,1580.400024,14.2027998,151.0130005,108.9899979,139.2599945,108.9440002,1512.339966,16.53899956,84.67040253,91.50109863,69.26670074,500.368988,3410.870117,69.24440002,821.8280029,459.0150146,190.7740021,528.1870117,3553.689941,79.39890289,635.1069946,440.7319946,116.6070023,219.3240051,54.00759888,31.68020058,187.4750061,74.4937973,25.27659988,0.0
1.291890025,209.1679993,1.366539955,497.0629883,165.5809937,35.97900009,1.361619949,188.8840027,1.624269962,338.9819946,162.2850037,29.9192009,153.0370026,1358.52002,21.90530014,139.8569946,113.086998,223.5980072,156.1199951,1513.849976,26.51300049,86.9477005,107.1110001,126.1669998,516.4190063,3187.27002,75.6257019,754.1929932,489.7900085,226.1820068,566.8079834,3304.699951,89.60160065,572.1959839,476.9419861,158.5700073,206.647995,43.2682991,28.91629982,186.1840057,59.27970123,23.2609005,0.0
1.310389996,203.8820038,1.361369967,502.5289917,163.522995,36.13339996,1.399160028,178.6089935,1.626320004,336.3320007,158.1970062,29.71780014,139.451004,1410.319946,20.07390022,142.223999,112.8529968,206.8560028,146.5319977,1514.689941,25.8383007,86.91940308,107.0429993,129.7220001,528.375,3187.050049,81.36309814,768.072998,483.2780151,225.5839996,574.8770142,3272.659912,93.70189667,559.5139771,468.243988,161.9109955,207.2890015,43.83300018,32.88199997,193.3240051,58.59500122,24.83760071,11.3
1.553439975,164.5950012,1.70025003,519.0720215,129.7359924,30.88769913,1.441820025,138.1490021,1.338320017,368.9389954,123.4580002,19.54199982,75.3239975,1790.540039,6.397980213,149.470993,105.6849976,53.50650024,70.07109833,1680.160034,6.527719975,93.15720367,92.36090088,22.73940086,444.5360107,3615.679932,58.01910019,829.4299927,406.3930054,145.9329987,466.4930115,3715.600098,67.46900177,672.0369873,389.9849854,92.76660156,211.2859955,60.88370132,30.73600006,192.6439972,81.43460083,26.87479973,0.0
1.284319997,209.4400024,1.355139971,503.5700073,164.029007,36.08520126,1.363710046,182.6289978,1.625409961,333.4360046,158.746994,29.46139908,147.3079987,1373.410034,21.33930016,143.6600037,112.7939987,223.1580048,153.2059937,1513.329956,26.85490036,86.92250061,106.9850006,131.522995,530.6309814,3153.570068,81.73999786,771.2039795,489.2219849,231.552002,579.1160278,3260.340088,93.91819763,561.9660034,473.2720032,162.1109924,207.2819977,43.16550064,32.76850128,191.0659943,58.67919922,24.71789932,11.3
1.424520016,180.5619965,1.412799954,476.572998,165.9080048,34.99689865,1.595479965,165.0579987,1.642050028,354.2489929,167.9210052,31.40649986,111.5530014,1572.469971,13.09619999,127.1780014,115.3330002,116.9179993,118.651001,1548.0,18.28709984,85.21269989,109.9789963,98.26399994,471.2579956,3501.100098,57.91469955,690.9879761,467.2139893,173.4620056,513.7969971,3520.560059,76.92980194,577.9119873,463.6199951,145.3950043,202.0980072,48.90670013,26.31809998,186.1349945,60.89640045,22.11269951,16.9
1.554159999,161.3569946,1.781589985,546.9749756,145.8880005,32.51710129,1.438189983,136.2330017,1.314820051,401.6990051,140.3339996,24.78039932,73.79730225,1817.880005,6.483109951,164.3370056,110.3119965,60.17950058,53.91239929,1686.0,5.260089874,93.51499939,92.57230377,27.57640076,408.8630066,3687.139893,49.09180069,810.947998,420.7579956,150.8280029,444.927002,3801.699951,60.88059998,682.8510132,401.3529968,105.1179962,212.5749969,59.26789856,26.82460022,190.0209961,75.63420105,24.23870087,0.0
1.554440022,164.4279938,1.700199962,519.1259766,129.6589966,30.88940048,1.443019986,138.029007,1.338350058,369.2099915,123.3710022,19.55940056,75.31369781,1790.829956,6.396100044,149.4989929,105.6689987,53.45149994,70.06950378,1680.170044,6.527669907,93.15869904,92.36129761,22.74510002,444.651001,3614.659912,58.11399841,829.460022,406.1799927,145.8699951,466.5209961,3714.02002,67.52770233,672.007019,389.7999878,92.76869965,211.2850037,60.87870026,30.73950005,192.6970062,81.43900299,26.87730026,0.0
1.619650006,146.3869934,1.487360001,463.4679871,168.8130035,34.99039841,1.571959972,128.470993,1.623749971,308.67099,174.7429962,27.40029907,101.7389984,1651.660034,11.20769978,116.9219971,118.3420029,108.5319977,102.6350021,1555.5,12.02149963,84.69000244,110.8820038,77.11229706,427.7579956,3250.909912,50.16220093,604.2719727,420.0109863,167.6690063,451.9190063,3326.060059,62.65370178,456.8439941,416.2349854,136.7140045,202.9259949,47.95439911,25.12520027,204.9450073,60.99359894,23.85169983,0.0
1.492980003,156.0740051,1.83750999,544.0689697,151.7420044,32.80410004,1.366580009,139.7870026,1.320729971,400.0580139,148.7859955,24.20829964,73.25689697,1828.199951,6.084070206,161.6499939,111.6259995,63.71699905,68.07720184,1682.839966,6.052130222,94.13189697,94.31390381,33.63679886,383.3540039,3501.310059,44.17599869,772.6259766,377.45401,151.4920044,415.2839966,3614.139893,56.90679932,636.7789917,361.1789856,111.8949966,210.3090057,55.55400085,29.91659927,192.272995,71.12159729,25.6359005,5.6
1.580170035,164.3359985,1.758059978,524.507019,136.1880035,31.23390007,1.457119942,138.7640076,1.341560006,376.3099976,130.7660065,20.83060074,75.21980286,1793.790039,6.481490135,151.5789948,107.5650024,56.4756012,68.35520172,1677.550049,6.308400154,93.05079651,92.26950073,25.37140083,428.8200073,3632.860107,52.66339874,817.4780273,407.0710144,147.5910034,456.2200012,3740.070068,63.71179962,667.1229858,390.4060059,97.86920166,211.2559967,59.90129852,29.5454998,191.1880035,78.77539825,26.29940033,0.0
1.485039949,173.3280029,1.438809991,476.8630066,166.6679993,35.33000183,1.577690005,155.2109985,1.636739969,343.1409912,169.4349976,30.44379997,112.4459991,1575.01001,13.33759975,125.8150024,115.8619995,129.6730042,117.939003,1549.199951,17.12400055,85.06800079,110.1269989,93.8348999,460.7890015,3379.040039,56.3443985,669.375,451.9200134,179.7819977,499.0409851,3432.580078,73.30970001,540.28302,448.0249939,143.4989929,202.3699951,47.98680115,26.40539932,190.5269928,60.917099,22.15780067,0.0
1.246960044,215.5809937,1.347910047,503.9379883,164.5279999,36.03860092,1.312399983,186.4900055,1.623900056,326.7109985,159.1929932,28.88439941,157.8159943,1326.530029,22.69409943,144.654007,112.6760025,244.6260071,163.0939941,1511.48999,27.75049973,86.88459778,106.8990021,133.2230072,532.7069702,3106.389893,82.1210022,772.1810303,492.8070068,238.0140076,582.7219849,3243.27002,93.87339783,557.9849854,475.9710083,161.7839966,207.2140045,42.16040039,32.02050018,187.0650024,58.75289917,24.42320061,11.3
1.588860035,162.5800018,1.760470033,524.7470093,135.8659973,31.24090004,1.468039989,137.6369934,1.341930032,379.0360107,130.5339966,21.04089928,75.12590027,1796.060059,6.454999924,151.6600037,107.5270004,56.23210144,68.48480225,1677.709961,6.311610222,93.07790375,92.28600311,25.70050049,428.506012,3620.060059,53.00770187,816.4450073,404.6749878,147.253006,455.3259888,3723.01001,63.87350082,666.6820068,388.3359985,98.30210114,211.2200012,59.7663002,29.66110039,191.7619934,78.59100342,26.38879967,0.0
1.440649986,181.923996,1.419510007,480.1459961,166.5440063,35.26639938,1.541300058,162.723999,1.637210011,343.7399902,167.923996,30.28030014,118.973999,1536.599976,14.74919987,129.0059967,115.4449997,144.0570068,124.3550034,1546.98999,19.00659943,85.12460327,109.973999,99.5381012,473.9649963,3370.310059,60.60990143,690.9240112,463.0759888,187.8280029,516.0700073,3430.350098,77.32579803,553.7509766,457.696991,145.5420074,202.3809967,47.4394989,27.27549934,188.4940033,61.05160141,22.30130005,16.9
1.50909996,206.2680054,1.779289961,554.4520264,143.5090027,32.01869965,1.276110053,156.6009979,1.30824995,367.9179993,136.4400024,18.84420013,73.34649658,1785.420044,6.186069965,169.3079987,110.0110016,58.94520187,70.72080231,1694.040039,6.32475996,94.03939819,93.3289032,24.98999977,418.9580078,3771.209961,49.00579834,828.3070068,442.6130066,152.3190002,455.598999,3875.97998,61.95679855,690.0510254,413.0960083,99.21929932,214.3589935,62.96509933,26.61160088,191.5809937,78.52469635,24.12759972,0.0
1.529639959,167.5319977,1.689159989,516.9689941,129.7100067,30.78730011,1.417090058,140.1060028,1.337170005,362.8890076,123.4380035,19.01099968,75.53150177,1784.569946,6.413539886,148.5180054,105.572998,53.97470093,70.48000336,1680.579956,6.573550224,93.15460205,92.37650299,22.1487999,445.7269897,3629.22998,57.53509903,831.210022,409.8940125,146.7839966,467.9769897,3737.810059,67.24839783,673.4619751,393.0180054,91.74389648,211.3130035,61.14049911,30.9239006,191.9920044,81.87640381,26.96069908,0.0
1.489300013,159.1410065,1.804409981,541.5510254,147.3079987,32.68790054,1.376739979,138.4949951,1.318910003,395.0599976,143.0059967,23.60700035,73.80190277,1815.160034,6.217919827,159.5859985,110.8479996,62.72639847,66.71859741,1681.410034,6.033259869,93.9489975,94.0766983,30.55590057,398.8479919,3553.919922,47.09090042,790.9130249,391.5249939,152.2870026,431.6700134,3669.780029,59.15810013,648.3980103,374.6820068,107.8300018,210.473999,56.75600052,29.32629967,191.076004,73.479599,25.57130051,16.9
1.370409966,192.1799927,1.394520044,497.4620056,164.3099976,36.23339844,1.46724999,169.7839966,1.628610015,340.1239929,161.6560059,29.97220039,127.4400024,1481.699951,17.39769936,137.2949982,113.3759995,176.3549957,134.7850037,1518.459961,22.20969963,86.8707962,107.2939987,115.8259964,499.8840027,3253.530029,71.91600037,732.0529785,467.1740112,209.4720001,542.1209717,3323.709961,85.47730255,549.4320068,455.7600098,155.5039978,207.0140076,45.39300156,30.74979973,194.0809937,59.26739883,24.0720005,5.6
1.341179967,197.477005,1.370980024,501.2250061,162.9889984,36.22090149,1.43362999,173.0090027,1.627030015,337.2369995,157.4389954,29.80739975,132.0679932,1448.540039,18.75760078,140.3470001,112.9209976,191.6940002,140.1690063,1516.089966,24.52689934,86.89309692,107.1050034,127.0510025,524.8300171,3205.179932,81.02909851,761.7739868,474.4339905,219.7420044,568.0930176,3276.969971,93.00640106,550.8300171,460.230011,161.1950073,207.3009949,44.43000031,32.76580048,195.5269928,58.52149963,24.86739922,11.3
1.579370022,164.5820007,1.758509994,524.559021,136.3130035,31.23800087,1.455819964,138.927002,1.341549993,376.0360107,130.8860016,20.81780052,75.23079681,1793.540039,6.486589909,151.6040039,107.5940018,56.54130173,68.31020355,1677.47998,6.304850101,93.04519653,92.26570129,25.36000061,428.6650085,3634.929932,52.55509949,817.4730225,407.4200134,147.6529999,456.2120056,3742.77002,63.64659882,667.1199951,390.7000122,97.87519836,211.2610016,59.90869904,29.51079941,191.0870056,78.76689911,26.27709961,0.0
1.477329969,175.1269989,1.436460018,477.9259949,166.8150024,35.32419968,1.561429977,155.9250031,1.636059999,340.4649963,169.3739929,30.09810066,114.5550003,1564.589966,13.80020046,126.7860031,115.9029999,135.4309998,119.6930008,1548.72998,17.43330002,85.06199646,110.1149979,94.45929718,462.54599,3357.280029,57.42039871,671.5670166,453.3890076,183.102005,500.8710022,3417.929932,73.75900269,537.9420166,448.7430115,143.6459961,202.4360046,47.71450043,26.79870033,190.6860046,60.98839951,22.3178997,0.0
1.316390038,202.1679993,1.356019974,503.7980042,162.4100037,36.18840027,1.40594995,176.2380066,1.626080036,335.5220032,155.4779968,29.7147007,136.3789978,1420.949951,19.83530045,142.673996,112.6660004,203.8880005,144.6849976,1514.469971,26.09950066,86.91410065,106.987999,133.5829926,538.4569702,3175.360107,85.75309753,778.8950195,481.0409851,226.897995,583.1420288,3250.100098,97.04119873,554.4099731,464.9920044,164.4199982,207.4680023,43.76269913,34.02769852,195.8630066,58.14170074,25.34869957,0.0
1.311929941,203.1269989,1.355059981,504.0880127,162.5070038,36.17789841,1.400670052,176.9640045,1.626000047,335.2879944,155.6670074,29.69400024,137.4250031,1415.589966,20.02540016,143.0180054,112.6640015,206.1880035,145.5829926,1514.290039,26.2602005,86.91750336,106.9800034,133.7700043,538.447998,3171.850098,85.64550018,779.25,482.2950134,227.8240051,583.5629883,3248.639893,96.97709656,555.4819946,466.0650024,164.447998,207.4750061,43.67649841,34.09880066,195.6230011,58.16139984,25.36739922,0.0
1.37519002,191.3119965,1.396129966,497.8859863,164.0820007,36.27030182,1.469179988,168.4210052,1.628499985,339.1600037,161.0850067,29.89669991,126.4919968,1486.52002,17.29590034,137.3730011,113.3619995,175.8170013,134.0700073,1518.560059,22.05780029,86.86180115,107.2910004,115.8310013,500.2600098,3242.810059,72.67449951,731.7440186,465.1640015,209.9329987,541.276001,3312.47998,85.63130188,545.3430176,453.2929993,155.7319946,207.0789948,45.37099838,31.08349991,195.0619965,59.18080139,24.23220062,5.6
1.445840001,182.4129944,1.421599984,481.7359924,166.9689941,35.32139969,1.520140052,159.1889954,1.63598001,335.1889954,167.9620056,29.47500038,121.848999,1524.030029,15.35680008,129.9880066,115.6320038,155.2819977,126.1839981,1546.680054,19.20079994,85.06759644,109.9850006,99.43830109,476.1499939,3296.959961,62.90769958,690.059021,461.7279968,194.0209961,517.2420044,3379.27002,77.52130127,538.1380005,454.7900085,145.1499939,202.5980072,46.91809845,28.42329979,190.1519928,61.18849945,22.67000008,16.9
1.433310032,181.2180023,1.416479945,478.4769897,166.1889954,35.15629959,1.567810059,164.4380035,1.639299989,350.3789978,167.9080048,30.94610023,115.0940018,1554.530029,13.9204998,128.1089935,115.362999,130.3710022,121.4700012,1547.47998,18.63879967,85.1765976,109.9749985,98.99629974,472.302002,3442.379883,58.99649811,691.2160034,465.20401,180.6840057,514.7670288,3480.620117,77.12229919,567.8579712,460.9410095,145.595993,202.2109985,48.15409851,26.64389992,187.1269989,60.96760178,22.1135006,16.9
1.516299963,154.0429993,1.827810049,544.1400146,149.6289978,32.83069992,1.405099988,136.401001,1.320860028,404.2770081,146.0740051,24.65279961,73.44619751,1826.140015,6.126959801,160.9279938,111.3410034,63.05970001,66.83820343,1681.650024,5.986700058,94.02870178,94.16179657,32.43199921,390.1539917,3520.360107,45.55220032,780.1279907,381.6220093,150.8309937,422.7990112,3628.97998,58.01340103,641.0020142,365.894989,110.6350021,210.3560028,55.98649979,29.22970009,191.8209991,71.96360016,25.52479935,0.0
1.385750055,189.4759979,1.395359993,487.0069885,165.6390076,35.39310074,1.482939959,171.7640076,1.589869976,345.9200134,165.572998,30.40609932,125.1399994,1497.329956,16.4137001,133.3480072,114.6190033,159.3860016,131.3990021,1532.439941,21.10169983,85.90499878,108.8550034,109.6110001,487.8989868,3357.22998,65.08360291,714.3040161,471.8670044,197.1670074,531.7130127,3412.969971,81.74430084,566.6489868,464.1839905,151.7700043,206.8090057,46.28359985,28.06949997,190.0500031,59.93420029,23.1121006,0.0
1.289680004,208.2969971,1.356050014,503.5100098,163.8829956,36.09560013,1.371479988,181.7680054,1.625620008,334.1570129,158.5469971,29.52490044,145.4530029,1381.630005,21.06839943,143.4689941,112.8000031,219.5509949,151.6580048,1513.609985,26.67040062,86.9240036,106.9950027,131.3320007,530.5739746,3160.870117,81.8219986,771.1710205,488.1480103,230.4190063,578.6439819,3262.199951,94.01509857,561.7139893,472.3129883,162.2089996,207.2969971,43.31000137,32.8993988,191.7089996,58.64369965,24.78520012,11.3
1.322960019,201.2259979,1.364820004,502.0150146,163.272995,36.16640091,1.414160013,176.3769989,1.626649976,336.9429932,157.848999,29.77960014,136.1860046,1426.599976,19.51180077,141.4779968,112.875,200.1730042,143.7619934,1515.280029,25.32999992,86.91059875,107.0670013,128.8119965,527.3170166,3196.820068,81.30190277,766.1160278,479.8619995,223.076004,572.6160278,3275.26001,93.5605011,556.539978,465.1919861,161.7319946,207.2960052,44.09540176,32.88330078,194.3029938,58.55189896,24.87120056,11.3
1.520069957,167.4170074,1.45562005,475.427002,167.147995,35.4034996,1.58307004,148.7019958,1.634389997,336.8370056,170.9450073,29.81699944,109.461998,1596.209961,12.7524004,124.2490005,116.4120026,125.9260025,114.4589996,1550.680054,15.7013998,84.99189758,110.2750015,88.96199799,450.3080139,3340.98999,54.18280029,650.5159912,441.6229858,178.1640015,484.4370117,3403.169922,69.95610046,519.4290161,438.0090027,141.5399933,202.4909973,47.98429871,26.12859917,193.2149963,60.94229889,22.30690002,11.3
1.542870045,168.0399933,1.720780015,519.9190063,133.2920074,30.98119926,1.422199965,140.9680023,1.338860035,365.822998,127.3980026,19.63680077,75.5562973,1785.550049,6.485209942,149.6369934,106.6050034,55.6427002,69.59549713,1679.119995,6.461599827,93.08779907,92.32900238,23.44099998,437.4630127,3645.669922,54.48690033,824.9320068,410.8850098,147.6580048,462.8410034,3759.52002,65.14920044,670.2089844,393.8540039,94.29850006,211.2969971,60.6114006,30.15469933,190.8049927,80.5102005,26.58160019,16.9
1.477650046,159.0700073,1.816249967,541.8909912,149.3540039,32.69369888,1.355620027,140.2250061,1.319270015,394.4519958,145.7409973,23.54129982,73.56430054,1818.97998,6.149980068,160.2660065,111.1500015,63.46960068,67.89510345,1682.540039,6.092140198,94.06130219,94.22930145,31.98480034,391.6220093,3525.389893,45.78179932,782.4060059,385.4859924,152.6999969,423.6119995,3643.179932,58.08330154,643.2130127,368.526001,109.526001,210.3890076,56.1853981,29.93230057,191.7169952,72.4437027,25.71019936,0.0
1.477499962,172.3910065,1.668300033,512.3359985,129.7259979,30.59620094,1.367789984,144.0619965,1.334929943,353.6369934,123.5699997,18.46050072,75.93779755,1771.329956,6.406610012,146.1649933,105.4000015,56.32910156,71.69979858,1681.810059,6.669410229,93.1894989,92.45970154,21.52519989,446.9079895,3645.850098,56.34339905,832.572998,415.0180054,149.5740051,469.1499939,3774.129883,66.62539673,675.2470093,397.4660034,90.5734024,211.2590027,61.18970108,31.48870087,190.75,82.35630035,27.38129997,0.0
1.32664001,200.4649963,1.366019964,501.8370056,163.2200012,36.17620087,1.418310046,175.7290039,1.626749992,337.0710144,157.7870026,29.79170036,135.3200073,1431.130005,19.35379982,141.2409973,112.8850021,198.348999,143.0090027,1515.449951,25.16930008,86.90750122,107.0759964,128.4530029,526.7919922,3199.27002,81.21230316,765.2540283,478.8200073,222.3410034,571.7290039,3276.110107,93.44460297,555.5670166,464.2669983,161.6199951,207.2960052,44.1692009,32.85430145,194.5390015,58.54769897,24.86829948,11.3
1.284500003,213.8829956,1.367759943,493.7170105,166.2070007,35.96360016,1.316319942,195.125,1.621639967,335.7650146,162.7339935,30.04789925,167.3500061,1306.449951,24.4192009,138.7039948,113.0510025,247.0269928,167.0160065,1511.97998,28.09140015,86.93499756,107.0569992,128.4680023,518.7880249,3120.090088,76.36830139,754.1339722,494.4790039,233.8190002,570.7219849,3271.090088,89.88749695,571.0089722,481.2449951,158.8119965,206.4499969,42.17449951,27.34079933,184.1640015,59.32709885,22.81999969,0.0
1.490550041,168.9779968,1.643169999,511.4089966,125.6050034,30.43580055,1.388779998,139.9589996,1.334139943,355.4599915,119.0569992,17.82500076,75.54039764,1778.810059,6.312039852,146.3619995,104.310997,52.44039917,71.87729645,1682.839966,6.73363018,93.24980164,92.44419861,20.43530083,455.3569946,3609.22998,60.83150101,839.6560059,411.5209961,146.8910065,474.2260132,3717.610107,69.52780151,679.7940063,394.1319885,88.31430054,211.3789978,62.0367012,32.22359848,193.5449982,83.67870331,27.59300041,5.6
1.600489974,160.1170044,1.762519956,524.8519897,135.0700073,31.23460007,1.482540011,136.0200043,1.34236002,382.6149902,129.8280029,21.27039909,75.01080322,1799.209961,6.421080112,151.6840057,107.3980026,55.70970154,68.82579803,1678.079956,6.332250118,93.12339783,92.31909943,26.13129997,428.6040039,3601.050049,53.75749969,815.1829834,401.0669861,146.6439972,454.256012,3697.159912,64.26820374,666.0700073,385.1889954,98.75550079,211.1670074,59.59949875,29.87050056,192.621994,78.40740204,26.53899956,0.0
1.343700051,196.878006,1.385329962,495.8580017,165.048996,36.05820084,1.450819969,176.904007,1.628430009,344.3439941,163.147995,30.23200035,132.5449982,1455.689941,18.11380005,137.3119965,113.4020004,181.0930023,138.8500061,1517.650024,23.0746994,86.92179871,107.2910004,116.9540024,500.7730103,3292.060059,70.39450073,736.2130127,476.4440002,209.1580048,546.9879761,3365.389893,85.66639709,567.5819702,466.303009,155.2599945,206.7169952,45.31740189,29.36779976,189.7339935,59.53499985,23.41119957,5.6
1.543679953,165.9210052,1.696539998,518.2880249,129.8699951,30.85169983,1.431300044,139.0370026,1.337890029,366.348999,123.6090012,19.32349968,75.41300201,1788.01001,6.407559872,149.1150055,105.6760025,53.74129868,70.19480133,1680.27002,6.54241991,93.15219879,92.36380005,22.51329994,444.7650146,3622.51001,57.68880081,830.0419922,408.0220032,146.3150024,467.0,3726.360107,67.29270172,672.5949707,391.3970032,92.39710236,211.3009949,60.98839951,30.78510094,192.3200073,81.58580017,26.89240074,0.0
1.503569961,154.4539948,1.841410041,544.802002,151.8130035,32.84389877,1.379150033,138.7480011,1.321210027,403.2799988,148.8580017,24.55050087,73.19850159,1830.670044,6.07215023,161.9609985,111.6760025,63.70019913,68.0019989,1682.800049,6.036499977,94.14440155,94.31880188,33.84859848,382.8590088,3495.790039,44.10010147,771.5949707,375.3909912,150.9949951,414.8240051,3605.600098,56.87409973,635.3920288,359.5920105,112.3059998,210.2810059,55.40520096,29.78800011,192.4389954,70.92960358,25.61429977,5.6
1.467669964,173.0769958,1.664330006,511.5350037,129.7079926,30.56800079,1.359730005,144.7769928,1.334540009,352.6090088,123.5709991,18.46080017,75.98799896,1768.959961,6.394680023,145.7220001,105.3679962,56.94110107,71.92430115,1682.060059,6.68253994,93.20010376,92.47869873,21.47459984,447.0629883,3647.340088,56.15859985,832.6669922,415.6430054,150.2109985,469.2030029,3779.02002,66.53250122,675.5620117,398.0,90.48799896,211.2350006,61.13349915,31.62529945,190.6029968,82.39649963,27.50390053,0.0
1.460379958,161.7940063,1.794219971,539.7780151,146.8000031,32.58250046,1.341449976,140.8179932,1.317800045,389.2330017,142.4559937,22.88979912,73.82180023,1810.209961,6.200429916,159.0370026,110.6240005,63.44200134,68.10540009,1682.609985,6.165200233,94.02539825,94.18409729,30.41090012,400.2789917,3541.090088,47.52399826,791.9769897,391.9639893,154.0899963,431.8850098,3663.860107,59.3266983,648.3809814,374.493988,107.2160034,210.4389954,56.66970062,30.11370087,191.3880005,73.73079681,25.84269905,16.9
1.605819941,159.1179962,1.764879942,525.0050049,134.8540039,31.23889923,1.488590002,135.3769989,1.342599988,384.2340088,129.6660004,21.38699913,74.96499634,1800.569946,6.410809994,151.7369995,107.3850021,55.54529953,68.94930267,1678.189941,6.33795023,93.13999939,92.3321991,26.39119911,428.2669983,3593.610107,53.96839905,814.3120117,399.5650024,146.4170074,453.5069885,3686.929932,64.35540009,665.6849976,383.8599854,99.0707016,211.1450043,59.50650024,29.93099976,192.9389954,78.26360321,26.5883007,0.0
1.141129971,194.7409973,1.234650016,497.1090088,148.4519958,32.3506012,1.280959964,166.0899963,1.505820036,342.1900024,143.7949982,25.09379959,112.2269974,1560.199951,13.96109962,142.8690033,109.2799988,138.0220032,116.7959976,1578.26001,17.69650078,92.42569733,104.112999,82.56919861,494.9159851,3408.719971,69.32129669,800.8389893,463.4890137,195.2830048,527.4990234,3514.850098,80.93779755,619.940979,446.651001,131.8540039,204.875,50.38359833,32.56000137,188.0480042,68.25869751,26.53039932,11.3
1.351539969,195.7039948,1.381170034,499.4330139,163.7420044,36.21139908,1.446259975,172.3059998,1.627740026,338.7659912,159.6990051,29.89340019,130.7259979,1459.900024,18.24889946,139.0279999,113.1399994,185.8390045,138.3079987,1517.089966,23.56539917,86.88680267,107.1920013,121.8580017,512.9569702,3229.060059,76.47119904,748.0009766,472.17099,215.2330017,556.3189697,3301.5,89.37689972,551.8540039,459.3420105,158.4499969,207.1470032,44.84429932,31.72699928,194.427002,58.91090012,24.44659996,0.0
1.521190047,161.9140015,1.795930028,545.6040039,145.7830048,32.89250183,1.415220022,137.0420074,1.318830013,396.3710022,140.3619995,23.98450089,73.98739624,1812.550049,6.404600143,161.25,110.7929993,60.74269867,60.03779984,1675.550049,5.619830132,93.43270111,93.45210266,28.1609993,407.4689941,3648.570068,48.71229935,806.4329834,411.3819885,151.2109985,443.3789978,3761.899902,60.54019928,667.9240112,392.901001,105.5830002,210.9579926,58.40390015,27.43899918,189.4889984,75.07129669,24.66220093,0.0
1.329429984,199.875,1.366709948,501.7640076,163.1430054,36.18569946,1.421329975,175.173996,1.626790047,337.0910034,157.6419983,29.79630089,134.6309967,1434.599976,19.23830032,141.0939941,112.8850021,197.0379944,142.4349976,1515.560059,25.06539917,86.90480042,107.0790024,128.3350067,526.7839966,3200.139893,81.31710052,765.0130005,477.9819946,221.9049988,571.3829956,3275.659912,93.48010254,554.6030273,463.4660034,161.628006,207.302002,44.21500015,32.87540054,194.7949982,58.52859879,24.88430023,11.3
1.572649956,163.345993,1.731289983,521.9439697,132.8040009,31.06620026,1.456459999,137.7810059,1.340209961,374.3859863,127.0199966,20.32690048,75.22129822,1793.51001,6.425970078,150.5650024,106.6149979,54.87979889,69.33830261,1678.969971,6.422770023,93.12349701,92.32920074,24.29249954,436.348999,3616.25,55.47380066,822.6259766,405.1300049,146.5700073,460.6940002,3717.189941,65.6359024,669.1459961,388.8259888,95.62999725,211.2429962,60.28390121,30.21019936,192.2649994,79.96369934,26.64699936,16.9
1.365239978,193.1159973,1.392230034,497.3359985,164.4100037,36.20510101,1.463819981,170.9920044,1.628589988,340.6749878,161.8379974,30.01429939,128.4179993,1476.329956,17.55069923,137.397995,113.3649979,177.6179962,135.6170044,1518.26001,22.43309975,86.87879944,107.2870026,116.3600006,500.7929993,3258.560059,71.854599,733.6710205,468.9989929,209.6990051,543.8800049,3329.360107,85.72419739,552.4760132,457.7460022,155.6179962,206.9790039,45.35580063,30.60029984,193.4210052,59.29299927,23.99300003,5.6
1.30250001,216.0679932,1.376620054,488.9179993,166.6779938,35.98080063,1.295120001,198.8289948,1.620090008,335.3630066,163.2189941,30.48789978,178.0529938,1278.050049,26.4897995,136.5850067,113.1500015,260.4049988,174.0269928,1510.72998,29.11160088,86.92690277,107.0530014,128.9859924,518.5750122,3077.030029,76.22450256,751.6539917,498.6170044,238.772995,571.1359863,3252.969971,89.69529724,572.1309814,485.6619873,158.5379944,206.2859955,41.65470123,26.06809998,183.8370056,59.51240158,22.39430046,0.0
1.51019001,169.1710052,1.453099966,476.1489868,167.2969971,35.36800003,1.570029974,149.5209961,1.634089947,334.9049988,171.0500031,29.60160065,111.322998,1587.180054,13.13160038,125.0889969,116.4830017,130.0269928,115.9160004,1550.310059,15.92840004,84.99410248,110.2689972,89.24549866,450.9880066,3329.139893,54.80179977,651.4630127,444.0809937,180.2949982,485.0249939,3395.209961,70.09279633,519.5280151,439.6600037,141.6499939,202.5310059,47.81409836,26.47739983,193.1390076,60.98199844,22.46260071,11.3
1.346570015,196.401001,1.373350024,500.95401,162.9530029,36.23709869,1.43900001,172.0220032,1.627140045,337.2600098,157.4279938,29.80520058,130.9779968,1454.780029,18.54179955,139.9949951,112.9459991,189.3630066,139.1719971,1516.349976,24.25099945,86.88739777,107.1190033,126.2580032,523.4439697,3207.139893,80.74569702,759.6959839,472.756012,218.7319946,566.0560303,3277.77002,92.62930298,549.0120239,458.697998,160.8880005,207.2969971,44.52949905,32.6853981,195.8110046,58.53379822,24.84700012,11.3
1.499780059,167.2969971,1.74495995,530.6069946,141.2339935,31.61240005,1.37804997,141.3339996,1.311419964,376.7730103,135.7740021,21.29369926,74.77010345,1800.449951,6.446119785,155.7599945,108.776001,58.14659882,66.45120239,1696.219971,6.115139961,94.22899628,93.415802,26.15399933,418.3789978,3646.469971,50.1413002,810.8460083,407.8330078,148.4949951,449.9769897,3761.840088,61.92179871,662.6220093,390.1900024,99.99849701,212.1210022,59.5522995,28.87140083,189.9129944,77.53500366,25.52499962,0.0
1.524170041,177.8439941,1.759860039,521.4160156,138.1790009,31.09519958,1.370239973,146.7669983,1.339329958,353.4649963,132.177002,18.56299973,76.29650116,1777.449951,6.882870197,150.1369934,107.9440002,56.8003006,69.32749939,1677.27002,6.418250084,92.90940094,92.27780151,23.65889931,429.2640076,3727.439941,50.31779861,820.8649902,421.9020081,148.3899994,460.2749939,3859.399902,62.44680023,662.5960083,402.6199951,94.82360077,211.4669952,60.84429932,28.43840027,185.996994,79.82279968,25.41200066,0.0
1.609599948,161.8309937,1.794669986,529.0120239,139.5469971,31.49570084,1.483500004,137.3690033,1.344040036,385.1940002,134.6069946,21.98450089,74.93730164,1800.25,6.485610008,153.4660034,108.6200027,57.80759811,66.85780334,1675.709961,6.136980057,92.98410034,92.18939972,27.21890068,419.6549988,3628.5,50.41889954,810.1300049,405.1369934,148.0319977,449.54599,3733.76001,62.02429962,664.4229736,388.5339966,101.4240036,211.2369995,59.2358017,28.84149933,191.0429993,77.03199768,25.94919968,0.0
1.579519987,162.1000061,1.732519984,522.2340088,132.4170074,31.07509995,1.464660048,136.9389954,1.340459943,376.4159851,126.6330032,20.47050095,75.15119934,1795.420044,6.410920143,150.6970062,106.5530014,54.60329819,69.3986969,1679.060059,6.424849987,93.13939667,92.33820343,24.47159958,436.5339966,3607.719971,55.92639923,822.2069702,403.4320068,146.2259979,460.3340149,3704.98999,65.89170074,668.8209839,387.3439941,95.84100342,211.2230072,60.20640182,30.26429939,192.6609955,79.88809967,26.68930054,16.9
1.623970032,157.3890076,1.792639971,527.2880249,137.3600006,31.38050079,1.503909945,134.5950012,1.344329953,389.6860046,132.7129974,22.10460091,74.84410095,1803.780029,6.418729782,152.5789948,108.1800003,56.61109924,68.45149994,1677.300049,6.254809856,93.12609863,92.31629944,27.9557991,420.7229919,3587.429932,51.87269974,807.6359863,397.4790039,146.8650055,447.7030029,3680.22998,62.78860092,663.1989746,381.9410095,101.7979965,211.0930023,58.94919968,29.58919907,192.8809967,76.87120056,26.46100044,0.0
1.472239971,176.6190033,1.435400009,479.0180054,167.0529938,35.32600021,1.544780016,155.6699982,1.635329962,336.5509949,169.4420013,29.6765995,116.8450012,1553.72998,14.2876997,127.7229996,116.0009995,142.2420044,121.4179993,1548.339966,17.68700027,85.04620361,110.1119995,94.74289703,463.8469849,3325.090088,58.63119888,672.2719727,454.4660034,186.8329926,501.8619995,3395.870117,73.97899628,533.0560303,448.8370056,143.6309967,202.5299988,47.40480042,27.36020088,191.1239929,61.06539917,22.52370071,0.0
1.536859989,174.8339996,1.757650018,522.8889771,137.9360046,31.16720009,1.39162004,145.1369934,1.339820027,359.7690125,132.052002,19.29240036,75.9484024,1781.430054,6.741889954,150.9179993,107.8980026,57.09590149,68.6352005,1677.0,6.360099792,92.92250061,92.24269867,24.04179955,429.0299988,3707.110107,50.71969986,820.5579834,419.1919861,148.5919952,459.4190063,3834.340088,62.67869949,665.6480103,400.493988,95.72429657,211.4420013,60.60570145,28.68910027,187.3899994,79.53929901,25.64509964,0.0
1.495790005,172.1040039,1.449040055,477.5100098,167.4940033,35.33810043,1.551669955,150.7859955,1.633900046,332.3320007,171.0670013,29.32139969,114.3099976,1571.910034,13.74359989,126.4410019,116.5350037,137.3059998,118.3499985,1549.670044,16.39559937,84.99839783,110.2440033,90.06109619,453.0289917,3308.0,56.09410095,654.2299805,447.9320068,184.0720062,487.2279968,3381.370117,70.582901,519.9979858,442.3320007,141.923996,202.5919952,47.53509903,27.11310005,192.8760071,61.04700089,22.65460014,11.3
1.254150033,217.2799988,1.337569952,517.8930054,162.6499939,36.21220016,1.348279953,174.1109924,1.629410028,325.3779907,155.2709961,28.55439949,145.1069946,1372.369995,21.49469948,152.8150024,112.5550003,234.2819977,151.6880035,1511.449951,27.82189941,86.89969635,106.788002,137.3059998,546.7969971,3083.679932,88.37190247,795.8920288,500.4519958,246.2420044,594.1619873,3206.929932,98.72579956,556.2910156,478.8349915,165.7310028,208.4149933,43.0719986,39.57830048,195.3280029,58.40000153,26.41760063,0.0
1.469480038,160.0659943,1.812049985,541.276001,149.0700073,32.65940094,1.346339941,140.8569946,1.318879962,392.3880005,145.4069977,23.29599953,73.60099792,1816.859985,6.153570175,160.0,111.0619965,63.59700012,68.14900208,1682.75,6.123600006,94.06749725,94.24189758,31.79949951,392.57901,3525.620117,46.00479889,783.5100098,386.5759888,153.2420044,424.322998,3645.669922,58.20890045,644.0100098,369.3540039,109.1650009,210.3939972,56.24269867,30.1079998,191.7120056,72.62190247,25.77230072,0.0
1.189460039,218.7819977,1.337260008,501.5620117,164.6629944,35.9394989,1.248110056,190.927002,1.619969964,319.5029907,159.3809967,28.20610046,165.5240021,1288.540039,23.19540024,143.8849945,112.4440002,259.7820129,173.9859924,1509.72998,27.8939991,86.81259918,106.7990036,134.3849945,532.9030151,3090.76001,81.96209717,769.1400146,488.8800049,239.4029999,583.3319702,3235.26001,93.52729797,549.5310059,472.0639954,161.3899994,206.8549957,40.84289932,30.02090073,181.6410065,58.56560135,24.12400055,11.3
1.307070017,204.5769958,1.360249996,502.7600098,163.5480042,36.12789917,1.394930005,179.0930023,1.626209974,336.0280151,158.1790009,29.69219971,140.2890015,1406.02002,20.22890091,142.470993,112.8389969,208.7709961,147.2749939,1514.51001,25.9904995,86.92099762,107.0339966,130.125,529.0650024,3182.909912,81.56999969,769.0100098,484.1080017,226.4219971,575.802002,3270.399902,93.86620331,559.934021,468.9020081,162.0579987,207.2969971,43.7492981,32.94269943,193.1670074,58.58810043,24.85390091,11.3
1.528049946,170.3580017,1.717589974,518.7639771,133.6439972,30.93950081,1.404450059,142.6609955,1.338250041,361.4869995,127.7300034,19.31949997,75.77590179,1781.369995,6.525509834,149.0480042,106.6449966,56.13529968,69.86399841,1679.23999,6.487259865,93.07460022,92.34210205,23.14920044,437.506012,3661.129883,53.8390007,825.2839966,413.4249878,148.1950073,463.3980103,3781.98999,64.78710175,670.0120239,396.1069946,93.79029846,211.302002,60.69729996,30.0862999,189.871994,80.68099976,26.54500008,16.9
1.501510024,184.0559998,1.765730023,539.2529907,142.7799988,31.81570053,1.335299969,148.102005,1.31061995,370.4049988,136.2480011,20.05130005,74.60310364,1791.069946,6.635799885,160.5829926,109.4520035,58.30049896,65.32099915,1692.959961,6.067560196,93.92620087,93.15260315,25.05559921,419.2420044,3740.76001,49.28310013,820.8280029,429.6960144,150.352005,454.79599,3856.360107,61.77629852,675.598999,406.4840088,98.96250153,212.9459991,61.15370178,27.28479958,188.7870026,78.25959778,24.51639938,0.0
1.475769997,177.0780029,1.705520034,511.177002,134.4949951,30.70269966,1.339699984,148.3820038,1.335870028,342.4370117,128.7030029,18.07869911,77.16619873,1766.530029,6.699769974,145.0099945,106.7030029,57.12590027,71.87190247,1680.569946,6.641290188,93.07289886,92.49810028,22.2723999,437.4299927,3721.310059,51.62319946,823.052002,419.1180115,148.4989929,464.427002,3872.110107,63.48220062,665.4910278,402.4559937,91.68630219,211.0970001,60.70899963,29.54319954,184.3419952,81.21219635,26.33440018,16.9
1.405560017,180.8099976,1.404229999,479.0209961,165.5800018,35.04320145,1.588809967,166.0359955,1.597659945,355.5020142,167.6940002,31.53310013,110.2220001,1578.630005,12.87419987,127.9319992,115.0899963,111.8929977,117.9609985,1535.98999,18.27560043,85.92120361,109.0749969,100.1230011,472.1919861,3523.949951,57.78979874,693.7919922,468.1759949,171.3890076,514.1290283,3534.100098,77.19129944,582.0720215,464.5390015,147.1869965,206.3650055,48.96239853,26.3057003,187.3390045,60.31010056,22.46190071,16.9
1.223860025,217.5919952,1.342499971,504.552002,164.4680023,36.01699829,1.28907001,187.0379944,1.623149991,322.9079895,158.9620056,28.49069977,160.3999939,1312.449951,22.8288002,145.2630005,112.5739975,251.3379974,166.822998,1510.719971,27.84399986,86.85350037,106.8479996,134.0610046,534.2299805,3094.350098,82.61940002,773.2540283,492.4179993,239.7980042,584.3120117,3237.340088,94.12390137,553.9349976,475.0929871,161.8110046,207.201004,41.71490097,31.91740036,185.2409973,58.68970108,24.42340088,11.3
1.515689969,179.0700073,1.759879947,519.7379761,138.1130066,31.02190018,1.357990026,147.4550018,1.338989973,349.2579956,132.076004,18.08090019,76.5727005,1774.880005,6.982190132,149.2100067,107.9039993,56.50529861,69.91560364,1677.680054,6.465459824,92.91570282,92.31700134,23.39850044,429.7139893,3737.02002,50.18099976,820.822998,422.8240051,148.1159973,460.8590088,3872.070068,62.3606987,659.8590088,403.3989868,94.13310242,211.4420013,60.95909882,28.35140038,185.0690002,80.04119873,25.30559921,0.0
1.225239992,194.6159973,1.336099982,511.0140076,149.173996,35.00040054,1.313740015,164.2590027,1.594769955,347.7820129,141.0330048,26.24550056,118.7750015,1512.72998,15.87370014,146.6329956,109.7480011,165.0169983,125.5749969,1532.359985,20.31719971,90.00240326,105.0459976,99.56240082,525.5980225,3267.469971,79.207901,831.2839966,471.2579956,217.6060028,554.0889893,3365.77002,91.13760376,604.4400024,451.1279907,144.7949982,206.6439972,47.52619934,34.58269882,195.8370056,65.3167038,26.10569954,0.0
1.386229992,189.1089935,1.406049967,495.3420105,164.8890076,36.23450089,1.487360001,167.9019928,1.629539967,341.9849854,163.6309967,30.09989929,124.5459976,1501.050049,16.59869957,135.5700073,113.5950012,167.0749969,131.6230011,1519.709961,20.9946003,86.86039734,107.3909988,110.2770004,487.8469849,3283.389893,67.43170166,717.6430054,463.3659973,203.6069946,529.5059814,3350.790039,81.88839722,549.1989746,453.5270081,152.7079926,206.8549957,45.9416008,29.67959976,193.2940063,59.62590027,23.64089966,0.0
1.49901998,167.1009979,1.74398005,530.375,141.1130066,31.60050011,1.377750039,141.2839966,1.311380029,376.6849976,135.6710052,21.27569962,74.76689911,1800.560059,6.438079834,155.6629944,108.7369995,58.09930038,66.58989716,1696.380005,6.125390053,94.24130249,93.42749786,26.15950012,418.5329895,3643.77002,50.21860123,810.7479858,407.3009949,148.4400024,449.9379883,3758.939941,61.96730042,662.3709717,389.7420044,99.95939636,212.1089935,59.53620148,28.94120026,189.996994,77.54959869,25.56170082,0.0
1.303030014,204.947998,1.351930022,504.9679871,162.5149994,36.16590118,1.389840007,178.0899963,1.625759959,334.5169983,155.5509949,29.63660049,139.2689972,1405.439941,20.41010094,143.8569946,112.6230011,210.9049988,147.3070068,1513.829956,26.65970039,86.92320251,106.9520035,134.9060059,540.3590088,3161.070068,86.26260376,782.0380249,484.5899963,230.177002,586.0269775,3241.02002,97.46569824,556.6690063,467.7600098,164.9649963,207.522995,43.4632988,34.44850159,195.5189972,58.12110138,25.49340057,0.0
1.500820041,156.1289978,1.824000001,543.3430176,149.6040039,32.77939987,1.384520054,138.0279999,1.320240021,400.3510132,146.022995,24.2154007,73.48889923,1823.589966,6.139150143,160.7559967,111.2860031,63.18349838,67.20999908,1681.969971,6.021090031,94.03980255,94.18640137,32.27360153,390.5450134,3523.590088,45.57860184,780.8959961,383.1440125,151.4830017,423.0119934,3635.600098,58.00590134,641.8099976,366.9230042,110.2279968,210.3739929,56.06869888,29.48080063,191.7610016,72.13500214,25.57939911,0.0
1.405060053,177.4720001,1.643530011,506.7799988,130.220993,30.47909927,1.319970012,151.3170013,1.332440019,348.8699951,124.1480026,19.17869949,76.22650146,1755.569946,6.275529861,142.6580048,105.3639984,61.15589905,72.99990082,1683.22998,6.684720039,93.24880219,92.59480286,21.60930061,446.3510132,3674.889893,54.5021019,831.1300049,417.3510132,153.1130066,468.0350037,3822.290039,65.6556015,676.0120239,399.5029907,91.0134964,210.973999,60.38299942,32.39550018,189.6809998,82.19499969,28.61429977,0.0
1.586879969,162.8930054,1.759109974,524.6119995,135.8249969,31.23390007,1.465860009,137.8300018,1.341820002,378.4320068,130.4649963,20.98349953,75.14450073,1795.589966,6.458189964,151.6080017,107.5049973,56.23279953,68.49220276,1677.719971,6.314740181,93.07510376,92.28479767,25.60050011,428.8039856,3622.030029,53.02280045,816.8129883,405.0849915,147.2910004,455.644989,3725.649902,63.8993988,666.835022,388.6950073,98.14510345,211.2259979,59.80479813,29.6609993,191.6849976,78.66519928,26.38339996,0.0
1.380759954,190.0720062,1.393779993,486.7829895,165.654007,35.36330032,1.48585999,173.0370026,1.590199947,347.9989929,165.6710052,30.51880074,124.7040024,1498.819946,16.30800056,133.3359985,114.6080017,157.098999,131.1239929,1532.430054,21.08189964,85.92440033,108.8560028,109.4929962,487.6380005,3376.939941,64.71040344,715.1820068,473.2109985,196.0140076,531.8469849,3429.27002,81.75389862,571.8280029,465.9230042,151.6699982,206.7339935,46.43510056,27.81270027,189.1519928,59.99349976,22.95709991,0.0
1.507339954,169.9259949,1.45807004,476.7999878,167.9190063,35.33119965,1.551110029,147.9329987,1.632830024,328.7600098,172.4309998,29.00779915,113.4700012,1580.030029,13.54780006,125.9580002,116.9769974,135.8730011,116.913002,1550.47998,15.57759953,84.96900177,110.336998,86.6753006,444.9309998,3291.76001,54.44419861,640.8779907,444.7919922,183.0529938,476.2260132,3368.52002,68.01560211,511.7179871,438.8139954,140.7189941,202.6450043,47.5617981,27.11100006,193.9120026,61.04629898,22.79980087,0.0
1.477120042,157.8529968,1.844980001,543.7969971,153.6119995,32.78290176,1.341629982,142.2380066,1.320680022,396.0180054,151.2899933,23.80879974,73.15740204,1828.810059,6.055679798,161.8789978,111.8820038,64.10389709,68.68890381,1683.410034,6.085289955,94.17559814,94.39610291,34.54299927,377.3789978,3492.209961,42.98899841,766.632019,375.855011,152.0429993,408.9590149,3609.48999,55.9435997,634.9459839,358.8840027,112.8460007,210.2969971,55.36029816,30.36230087,192.4109955,70.47389984,25.69099998,0.0
1.586099982,161.0350037,1.735730052,522.6300049,132.3029938,31.09300041,1.471899986,136.2570038,1.34078002,378.3829956,126.5550003,20.63619995,75.09290314,1797.079956,6.401790142,150.8600006,106.5660019,54.48720169,69.42169952,1679.069946,6.42125988,93.15059662,92.34500122,24.73889923,436.0889893,3600.860107,56.11339951,821.3280029,401.9639893,146.0039978,459.5840149,3695.310059,65.96690369,668.3289795,386.0499878,96.21849823,211.2030029,60.09799957,30.27549934,192.9440002,79.71869659,26.71109962,16.9
1.616850019,159.2380066,1.791810036,527.7600098,138.2250061,31.41720009,1.494930029,135.7899933,1.344120026,387.5220032,133.4550018,22.03219986,74.89659882,1801.939941,6.442900181,152.8170013,108.3300018,57.14429855,67.87049866,1676.73999,6.212200165,93.0734024,92.26940155,27.56100082,420.5820007,3604.179932,51.26010132,808.9310303,400.6430054,147.3880005,448.7650146,3702.72998,62.48419952,663.6530151,384.7200012,101.5090027,211.1459961,59.07490158,29.31240082,192.1159973,77.00060272,26.27339935,0.0
1.519580007,168.7619934,1.686509967,516.1599731,129.9279938,30.7548008,1.406409979,141.0299988,1.336779952,360.6329956,123.6959991,18.85969925,75.63059998,1781.819946,6.422989845,148.1100006,105.5940018,54.42449951,70.66649628,1680.72998,6.589149952,93.15390015,92.38700104,22.03050041,445.5979919,3635.209961,57.09429932,831.3289795,411.2919922,147.3170013,468.105011,3748.23999,66.99079895,673.7119751,394.2319946,91.53749847,211.3130035,61.17240143,30.97509956,191.6190033,81.94309998,26.99729919,0.0
1.534029961,165.647995,1.668149948,516.0120239,126.4960022,30.69379997,1.427760005,138.2489929,1.336380005,363.4960022,119.7529984,18.71100044,75.40010071,1788.069946,6.359469891,148.3280029,104.7149963,51.86740112,70.80670166,1681.410034,6.63256979,93.19470215,92.39089966,21.19610023,452.848999,3612.5,60.80139923,836.3619995,407.4419861,145.1159973,472.2529907,3710.22998,69.436203,675.3499756,390.9049988,89.87259674,211.3370056,61.54380035,31.3260994,193.2050018,82.93060303,27.12859917,5.6
1.431740046,180.9700012,1.415820003,478.0190125,166.1170044,35.1230011,1.574769974,164.5700073,1.639909983,351.5299988,167.9199982,31.07769966,114.1389999,1559.23999,13.70629978,127.8639984,115.3560028,126.9759979,120.7099991,1547.630005,18.53389931,85.18609619,109.9769974,98.78209686,471.901001,3457.719971,58.66419983,691.0230103,465.6319885,178.878006,514.3690186,3491.169922,77.04199982,570.5159912,461.5710144,145.5509949,202.1799927,48.3390007,26.54330063,186.8809967,60.94889832,22.09770012,16.9
1.319509983,201.970993,1.36421001,502.0509949,163.3970032,36.15399933,1.410259962,177.0939941,1.626590014,336.9060059,158.0910034,29.77020073,137.1340027,1422.079956,19.65940094,141.6269989,112.8799973,201.8829956,144.5240021,1515.150024,25.44269943,86.91359711,107.0650024,128.8309937,527.0349731,3195.72998,81.06430054,766.0460205,480.8699951,223.5700073,572.7559814,3276.320068,93.41899872,557.71698,466.1839905,161.6419983,207.2819977,44.03939819,32.81129837,193.9080048,58.58810043,24.83160019,11.3
1.333459973,198.7689972,1.38214004,495.3670044,165.2810059,35.99969864,1.441689968,179.8329926,1.627990007,345.8980103,163.496994,30.29400063,134.7640076,1444.530029,18.48189926,137.4060059,113.4100037,183.8970032,140.6300049,1517.27002,23.42539978,86.94409943,107.2890015,117.5169983,501.2919922,3301.080078,70.1914978,737.9060059,479.618988,209.746994,548.5560303,3376.360107,85.82420349,573.7470093,469.723999,155.3170013,206.6009979,45.21229935,28.85630035,188.2079926,59.61130142,23.16659927,5.6
1.336179972,198.3150024,1.382719994,495.6849976,165.1809998,36.02220154,1.443379998,178.8760071,1.628100038,345.0859985,163.2910004,30.25720024,134.2700043,1446.880005,18.41519928,137.4839935,113.3939972,183.7489929,140.2779999,1517.329956,23.3791008,86.9355011,107.2839966,117.6159973,501.7229919,3294.780029,70.49160004,737.9879761,478.696991,209.973999,548.6760254,3370.120117,85.93479919,571.3239746,468.6059875,155.4320068,206.6549988,45.20700073,29.1053009,188.8029938,59.56600189,23.28280067,5.6
1.445569992,182.6620026,1.421339989,482.072998,167.0359955,35.32600021,1.516800046,158.5939941,1.635890007,333.7780151,167.904007,29.34119987,122.3130035,1521.73999,15.45820045,130.223999,115.6559982,157.125,126.4950027,1546.589966,19.26499939,85.06020355,109.9820023,99.5298996,477.0429993,3285.310059,63.51309967,690.5999756,461.8819885,195.1130066,518.0209961,3371.320068,77.70040131,535.9890137,454.6340027,145.1170044,202.6349945,46.84329987,28.68799973,190.378006,61.22109985,22.74069977,16.9
1.386029959,180.9219971,1.396389961,475.2659912,165.2539978,34.67210007,1.631299973,167.0399933,1.603410006,356.57901,167.7319946,31.71159935,106.3799973,1602.199951,11.76360035,126.3130035,115.0680008,92.78109741,114.8720016,1536.640015,17.9720993,85.94390106,109.0810013,99.06690216,472.0979919,3588.25,57.03549957,693.901001,470.0780029,160.6369934,514.1859741,3574.5,77.16059875,589.6149902,467.1950073,146.3170013,206.2350006,50.12450027,25.95400047,185.6809998,60.25920105,22.67329979,16.9
1.549909949,167.0169983,1.72360003,520.4890137,133.2689972,31.00589943,1.430140018,140.2599945,1.33920002,367.8139954,127.4020004,19.80170059,75.47180176,1787.420044,6.471980095,149.9049988,106.6279984,55.48929977,69.47489929,1679.030029,6.447669983,93.0923996,92.32430267,23.63570023,437.0870056,3639.550049,54.65370178,824.4190063,409.7170105,147.4329987,462.3370056,3750.570068,65.22360229,670.0339966,392.8280029,94.63210297,211.2890015,60.54199982,30.14959908,191.1320038,80.37229919,26.58329964,16.9
1.563079953,163.2660065,1.704849958,519.8599854,129.6869965,30.92609978,1.452069998,137.2980042,1.338790059,371.6419983,123.4140015,19.78680038,75.24099731,1792.930054,6.389920235,149.8130035,105.7220001,53.3791008,69.97170258,1680.050049,6.512979984,93.16339874,92.36070251,23.03300095,444.0190125,3608.689941,58.24940109,828.5079956,404.7080078,145.6300049,465.7340088,3705.030029,67.5727005,671.3270264,388.5169983,93.23870087,211.2660065,60.74599838,30.68219948,192.9369965,81.228302,26.86120033,0.0
1.44385004,182.5540009,1.420650005,481.4909973,166.8639984,35.31349945,1.523259997,160.2769928,1.636199951,337.1170044,167.8899994,29.65209961,121.5449982,1525.01001,15.29069996,129.8480072,115.5630035,153.6199951,126.0950012,1546.660034,19.24069977,85.08070374,109.9759979,99.72850037,476.131012,3311.590088,62.50080109,691.0280151,462.1990051,193.0410004,517.651001,3389.540039,77.62310028,541.7589722,455.5889893,145.3289948,202.5500031,46.99319839,28.16069984,189.7359924,61.15670013,22.58239937,16.9
1.321930051,201.102005,1.378819942,494.8309937,165.5630035,35.93939972,1.428220034,183.5749969,1.627099991,347.8890076,163.8639984,30.35790062,137.8130035,1429.209961,19.02470016,137.5379944,113.4189987,188.3670044,143.0319977,1516.76001,23.87960052,86.97429657,107.288002,118.2399979,501.7929993,3306.879883,70.03890228,739.7860107,483.2250061,211.0559998,550.1459961,3385.110107,85.99269867,580.6790161,473.4830017,155.4649963,206.4459991,45.00469971,28.21159935,186.4299927,59.68830109,22.84449959,5.6
1.302700043,206.0189972,1.367609978,498.5979919,165.048996,36.02080154,1.387420058,184.2779999,1.625759959,339.4060059,161.6060028,29.88409996,145.5839996,1389.140015,20.67309952,140.2740021,113.0920029,211.3809967,150.3890076,1514.77002,25.70540047,86.93869781,107.1269989,125.2919998,516.3850098,3211.300049,75.89990234,754.6719971,486.3869934,222.7870026,565.3959961,3312.719971,89.81939697,569.4559937,473.5360107,158.6929932,206.8320007,43.83259964,30.06329918,188.345993,59.19469833,23.68099976,0.0
1.537279963,164.7310028,1.460909963,474.5830078,167.0169983,35.47859955,1.600139976,146.9700012,1.634580016,338.6170044,170.9409943,30.02370071,106.9950027,1608.430054,12.25819969,123.0930023,116.3600006,121.4260025,112.4710007,1551.27002,15.33370018,84.98000336,110.2929993,88.25849915,448.7319946,3347.77002,53.37659836,647.7509766,437.3269958,175.8710022,482.644989,3407.409912,69.53240204,516.8010254,434.802002,141.2290039,202.4550018,48.16059875,25.71949959,193.5070038,60.90209961,22.0923996,11.3
1.518260002,171.8860016,1.716140032,517.8870239,133.9149933,30.91080093,1.392379999,143.826004,1.337870002,358.4460144,127.9990005,19.10779953,75.95330048,1778.550049,6.557990074,148.5800018,106.6849976,56.46269989,70.09819794,1679.349976,6.506830215,93.06710052,92.35620117,22.98740005,437.3829956,3672.219971,53.36000061,825.2280273,414.9809875,148.4949951,463.6260071,3797.98999,64.50900269,669.5380249,397.5280151,93.47949982,211.2960052,60.72990036,30.01280022,189.1239929,80.76760101,26.51129913,16.9
1.318689942,201.6889954,1.356760025,503.6199951,162.3890076,36.19309998,1.408630013,175.8809967,1.626139998,335.6489868,155.4550018,29.72389984,135.8849945,1423.640015,19.73670006,142.4819946,112.6729965,202.7220001,144.2369995,1514.579956,25.99950027,86.91230011,106.9940033,133.348999,538.132019,3177.399902,85.67819977,778.3400269,480.3980103,226.3679962,582.6209717,3251.379883,96.96720123,553.9039917,464.4679871,164.326004,207.4600067,43.81190109,33.96490097,195.9369965,58.14440155,25.32719994,0.0
1.342020035,197.5919952,1.378010035,499.401001,163.9790039,36.16880035,1.437700033,174.4380035,1.627609968,339.25,160.1349945,29.92180061,132.8849945,1448.73999,18.59910011,139.3509979,113.1320038,189.3589935,140.1049957,1516.719971,23.94809914,86.89880371,107.1809998,122.5110016,513.6929932,3231.949951,76.21559906,749.7479858,475.256012,216.197998,558.3980103,3307.52002,89.50720215,556.302002,462.5220032,158.5140076,207.098999,44.72729874,31.52039909,193.3410034,58.97190094,24.33440018,0.0
1.50150001,169.779007,1.74901998,531.8850098,141.6730042,31.66410065,1.374300003,142.2380066,1.311390042,375.6499939,135.9929962,21.17620087,74.84449768,1798.209961,6.519710064,156.3370056,108.939003,58.27709961,65.65080261,1695.219971,6.0666399,94.13790131,93.32990265,25.85289955,418.552002,3670.679932,49.82820129,812.8690186,412.8150024,148.8919983,451.3160095,3787.889893,61.79299927,665.2139893,394.3340149,99.76869965,212.2389984,59.81999969,28.4137001,189.2550049,77.68409729,25.27219963,0.0
1.47905004,174.6889954,1.436949968,477.6470032,166.7689972,35.32460022,1.565729976,155.8209991,1.636240005,341.2690125,169.3800049,30.19440079,113.9800034,1567.390015,13.67570019,126.5390015,115.8889999,133.8099976,119.2310028,1548.849976,17.35610008,85.0644989,110.1179962,94.31970215,462.1239929,3363.969971,57.12900162,671.1190186,453.053009,182.1909943,500.4580078,3422.469971,73.66040039,538.7949829,448.6220093,143.6190033,202.4170074,47.79059982,26.68420029,190.6190033,60.96979904,22.2730999,0.0
1.535230041,169.2019958,1.718690038,519.3209839,133.4250031,30.95820045,1.413249969,141.8029938,1.338529944,363.6329956,127.5149994,19.47030067,75.66100311,1783.439941,6.503540039,149.3410034,106.6110001,55.87350082,69.72920227,1679.189941,6.475190163,93.08170319,92.33509827,23.27319908,437.6019897,3653.120117,54.20090103,825.2319946,412.1809998,147.9309998,463.2059937,3770.409912,64.99520111,670.2150269,394.9979858,94.00900269,211.302002,60.6651001,30.13439941,190.3710022,80.61640167,26.5692997,16.9
1.516739964,152.2769928,1.847669959,545.7780151,152.0469971,32.89369965,1.393730044,137.5269928,1.321889997,407.5939941,149.154007,24.98760033,73.10510254,1834.060059,6.051700115,162.4250031,111.7590027,63.78960037,68.14309692,1682.959961,6.031919956,94.18180084,94.35089874,34.26319885,381.6390076,3484.840088,43.89039993,769.4580078,371.9200134,150.447998,413.5159912,3590.699951,56.73690033,633.0109863,356.7869873,112.9909973,210.2279968,55.125,29.71089935,192.7819977,70.58360291,25.62630081,5.6
1.505910039,181.3990021,1.775529981,517.6160278,138.6730042,30.90920067,1.338619947,148.2570038,1.339290023,343.0050049,132.5,17.07279968,76.95249939,1771.640015,7.314750195,147.7859955,108.0650024,55.71210098,70.70339966,1678.030029,6.509709835,92.90139771,92.36540222,23.1909008,428.9119873,3755.290039,49.77769852,820.2230225,424.9200134,147.4259949,461.0429993,3890.120117,62.04579926,650.7689819,404.256012,93.31960297,211.4409943,61.25299835,28.05430031,183.6860046,80.21109772,24.89710045,0.0
1.546229959,165.5440063,1.696939945,518.4619751,129.7590027,30.85840034,1.434190035,138.7689972,1.337980032,367.0079956,123.4830017,19.37030029,75.38729858,1788.719971,6.403810024,149.1999969,105.6569977,53.63019943,70.17019653,1680.26001,6.54008007,93.15440369,92.36329651,22.54500008,444.8829956,3620.409912,57.85020065,830.0209961,407.5599976,146.1790009,466.9830017,3723.01001,67.38950348,672.5079956,390.9979858,92.44229889,211.2980042,60.97280121,30.78280067,192.4320068,81.57450104,26.89189911,0.0
1.501250029,170.9259949,1.450309992,476.9150085,167.3829956,35.34859848,1.559769988,150.4490051,1.634029984,333.7319946,171.0010071,29.46829987,113.0210037,1578.339966,13.47959995,125.862999,116.4909973,134.0039978,117.3399963,1549.910034,16.22480011,84.99890137,110.2509995,89.8588028,452.4460144,3319.350098,55.55009842,653.6339722,446.4559937,182.3609924,486.7210083,3388.929932,70.47699738,520.4530029,441.4030151,141.8679962,202.5599976,47.66239929,26.81049919,192.9190063,61.01589966,22.5618,11.3
1.516010046,168.0870056,1.461130023,475.9859924,167.904007,35.33840179,1.558310032,146.7910004,1.632609963,328.9760132,172.6080017,29.04249954,111.9869995,1588.390015,13.24400043,125.2279968,117.0270004,132.2779999,115.5589981,1550.890015,15.22830009,84.9598999,110.3649979,85.81330109,442.9590149,3297.580078,53.66759872,637.7189941,442.3609924,181.1840057,473.7260132,3371.75,67.45349884,509.4670105,436.848999,140.4080048,202.6309967,47.67670059,26.79249954,194.3280029,61.02050018,22.75799942,0.0
1.300369978,205.7059937,1.372349977,494.9979858,166.0970001,35.83649826,1.39151001,192.1629944,1.622920036,355.493988,164.6320038,30.46969986,143.7579956,1389.369995,20.11300087,138.048996,113.3710022,199.4049988,147.727005,1515.650024,24.6753006,87.0891037,107.3050003,119.3720016,500.1719971,3314.100098,68.91670227,742.6420288,489.8420105,214.996994,550.1170044,3382.050049,85.73519897,594.9489746,479.1199951,156.3639984,205.9089966,44.03620148,26.90589905,182.4309998,59.61669922,21.81979942,5.6
1.613250017,148.5829926,1.488590002,466.1839905,168.7440033,35.17869949,1.582110047,130.223999,1.625450015,312.6459961,174.7200012,27.65600014,101.6110001,1651.540039,11.20769978,117.9909973,118.1880035,109.4570007,103.2779999,1555.170044,12.08950043,84.73339844,110.8010025,77.22229767,427.6000061,3257.530029,50.08810043,605.3040161,419.4440002,168.8939972,451.7950134,3333.219971,62.62120056,461.6459961,415.8500061,136.8119965,202.8890076,48.05329895,25.19639969,203.6109924,60.99250031,23.55450058,0.0
1.595989943,161.1690063,1.762770057,524.9249878,135.5749969,31.24510002,1.47668004,136.7279968,1.342239976,381.230011,130.3159943,21.20260048,75.05590057,1797.910034,6.436220169,151.7189941,107.4970016,56.01179886,68.62760162,1677.859985,6.317289829,93.10109711,92.30190277,25.99370003,428.2149963,3609.610107,53.30210114,815.5,402.6659851,146.9550018,454.5169983,3708.939941,64.00849915,666.2529907,386.5859985,98.66829681,211.1900024,59.65200043,29.75519943,192.2220001,78.43080139,26.46199989,0.0
1.521180034,166.8690033,1.660490036,514.6030273,126.2259979,30.61720085,1.415590048,138.9360046,1.335690022,360.45401,119.526001,18.38529968,75.47350311,1785.280029,6.352479935,147.727005,104.5899963,51.87630081,71.10520172,1681.790039,6.663700104,93.20480347,92.40339661,20.89109993,453.75,3614.870117,60.79130173,837.4920044,408.8760071,145.4490051,473.0499878,3715.830078,69.46109772,676.6119995,392.1019897,89.2779007,211.3549957,61.73049927,31.54730034,193.1609955,83.20500183,27.23480034,5.6
1.611919999,160.4989929,1.790879965,528.0189819,138.6399994,31.43600082,1.488499999,136.5679932,1.343950033,385.9769897,133.772995,21.95000076,74.93319702,1800.77002,6.460649967,152.9700012,108.4000015,57.38669968,67.521698,1676.410034,6.189080238,93.03929901,92.23999786,27.29789925,420.6849976,3615.060059,50.98730087,809.8690186,402.7049866,147.6620026,449.5069885,3716.850098,62.36109924,664.0859985,386.5,101.2659988,211.1840057,59.17789841,29.14730072,191.6450043,77.11380005,26.15449905,0.0
1.522760034,166.9499969,1.456730008,475.2799988,167.1629944,35.40969849,1.584499955,148.2890015,1.63428998,336.6589966,171.0220032,29.80089951,109.1360016,1598.150024,12.68729973,124.0910034,116.4380035,125.3389969,114.1389999,1550.790039,15.60410023,84.98770142,110.2839966,88.66889954,449.6749878,3340.100098,54.01610184,649.4000244,440.8720093,177.8760071,483.5820007,3402.370117,69.76069641,518.322998,437.3410034,141.4230042,202.4940033,48.00049973,26.08329964,193.3659973,60.94039917,22.30270004,11.3
1.189350009,194.0039978,1.250800014,497.730011,145.0110016,31.84079933,1.335909963,166.5460052,1.524019957,342.0400085,138.279007,24.81430054,113.7939987,1555.449951,14.55109978,143.9279938,107.5110016,141.8090057,118.7949982,1578.400024,18.51180077,92.79370117,102.3349991,87.65170288,508.0469971,3376.939941,75.79199982,817.3670044,458.8770142,193.776001,536.7960205,3454.639893,86.16030121,618.2009888,440.5029907,133.8190002,209.2619934,51.54710007,34.1780014,194.7330017,68.96869659,27.50149918,0.0
1.445000052,181.9120026,1.421390057,480.8420105,166.7599945,35.30160141,1.530730009,160.9120026,1.636440039,339.4710083,168.0119934,29.88010025,120.3960037,1530.719971,15.0461998,129.3890076,115.5449982,149.6629944,125.2340012,1546.890015,19.06040001,85.09329987,109.9840012,99.35099792,474.446991,3332.810059,61.50299835,689.6630249,461.8580017,190.8410034,515.9719849,3404.040039,77.25389862,545.3060303,455.7770081,145.302002,202.4880066,47.16400146,27.75690079,189.3950043,61.1086998,22.4701004,16.9
1.557540059,165.8619995,1.726660013,521.0599976,133.2180023,31.03089905,1.438820004,139.4759979,1.339560032,369.9960022,127.3850021,19.9836998,75.38459778,1789.430054,6.457509995,150.1670074,106.6490021,55.32369995,69.37729645,1678.949951,6.434820175,93.09929657,92.32209778,23.86050034,436.678009,3632.540039,54.84529877,823.789978,408.3429871,147.1799927,461.743988,3740.439941,65.30950165,669.7709961,391.6260071,95.00140381,211.2769928,60.45740128,30.15069962,191.4850006,80.2173996,26.59180069,16.9
1.509170055,169.3619995,1.452679992,476.2210083,167.2940063,35.36629868,1.569300056,149.6719971,1.634119987,334.9240112,171.0209961,29.60169983,111.4700012,1586.329956,13.16180038,125.1600037,116.473999,130.3390045,116.0559998,1550.26001,15.96829987,84.99539948,110.2649994,89.36160278,451.2479858,3329.01001,54.88290024,651.8980103,444.3580017,180.4570007,485.3649902,3395.199951,70.17099762,519.8619995,439.8980103,141.6929932,202.5310059,47.80369949,26.50110054,193.0890045,60.98400116,22.4659996,11.3
1.499860048,170.1560059,1.747720003,531.5780029,141.5119934,31.64620018,1.372120023,142.4459991,1.311259985,374.8280029,135.8029938,21.07449913,74.8839035,1797.449951,6.528339863,156.1840057,108.8929977,58.21659851,65.7798996,1695.310059,6.07983017,94.13970184,93.33319855,25.7439003,419.0490112,3672.719971,49.88029861,813.3079834,413.20401,148.8899994,451.75,3790.350098,61.84519958,665.315979,394.677002,99.54940033,212.2420044,59.86940002,28.42900085,189.1840057,77.78579712,25.28230095,0.0
1.443680048,170.3090057,1.623020053,509.7460022,125.0650024,30.27479935,1.349979997,139.0390015,1.332329988,356.2780151,118.6959991,17.66799927,75.16210175,1768.77002,6.221739769,145.8099976,104.0469971,56.00889969,72.66690063,1684.310059,6.811490059,93.35379791,92.50029755,20.3076992,456.5830078,3563.840088,61.13819885,843.1229858,416.0029907,153.0670013,475.0379944,3685.75,69.70410156,685.4039917,396.7460022,88.1733017,211.4409943,62.00930023,33.4878006,195.697998,83.92179871,28.18740082,5.6
1.483649969,176.0809937,1.706459999,513.0889893,134.2330017,30.75440025,1.351750016,147.4640045,1.336279988,346.8190002,128.378006,18.35099983,76.77420044,1768.930054,6.655789852,146.0209961,106.6589966,57.17440033,71.40859985,1680.280029,6.607900143,93.07330322,92.45580292,22.39819908,437.7820129,3707.659912,52.11019897,824.2399902,418.4349976,148.8289948,464.4689941,3851.5,63.79309845,666.9860229,401.303009,92.10150146,211.1719971,60.74340057,29.79199982,185.9660034,81.15670013,26.46290016,16.9
1.496819973,174.548996,1.709720016,515.2479858,134.052002,30.81949997,1.367799997,146.0429993,1.336899996,351.7590027,128.147995,18.65119934,76.38760376,1772.630005,6.613329887,147.1820068,106.6520004,56.96020126,70.83959961,1679.880005,6.56637001,93.06999969,92.40910339,22.59980011,437.821991,3692.370117,52.66080093,825.0620117,417.3080139,148.8630066,464.2999878,3828.389893,64.12129974,668.3460083,399.8779907,92.63140106,211.2409973,60.76929855,29.93919945,187.4850006,81.0345993,26.50889969,16.9
1.328989983,199.5579987,1.360309958,502.8710022,162.3040009,36.21649933,1.420210004,174.197998,1.626360059,336.0769958,155.3659973,29.75119972,133.7310028,1435.609985,19.30050087,141.651001,112.7080002,197.6869965,142.2749939,1515.060059,25.52899933,86.90309906,107.0199966,132.1929932,536.4420166,3185.320068,85.3030014,775.5219727,477.4140015,224.0780029,579.9569702,3256.399902,96.55259705,551.302002,461.9719849,163.8560028,207.4320068,44.02460098,33.69189835,196.2819977,58.16090012,25.23480034,0.0
1.274809957,211.3170013,1.352570057,504.2340088,164.0939941,36.07899857,1.35066998,183.4490051,1.625130057,331.7090149,158.6790009,29.31579971,149.8880005,1361.219971,21.74279976,144.3000031,112.7529984,229.1130066,155.5559998,1512.800049,27.19059944,86.917099,106.9560013,132.3899994,532.1760254,3137.949951,82.24710083,772.9489746,490.8540039,233.9640045,581.0739746,3252.52002,94.21669769,561.2479858,474.4039917,162.3200073,207.3130035,42.90449905,32.90280151,190.4589996,58.67179871,24.7397995,11.3
1.556540012,160.0249939,1.782289982,548.2490234,146.0579987,32.60279846,1.442639947,135.4940033,1.315050006,404.0190125,140.4989929,25.14749908,73.75640106,1819.699951,6.504950047,165.1309967,110.375,60.30310059,52.14590073,1684.709961,5.160930157,93.41880035,92.45259857,27.6196003,408.572998,3690.879883,49.14699936,811.3549805,422.1570129,151.1080017,444.7529907,3806.610107,60.86700058,685.7160034,402.7380066,105.435997,212.5919952,59.21250153,26.73819923,190.0540009,75.53859711,24.16449928,0.0
1.445690036,174.4250031,1.655300021,509.9259949,129.6300049,30.51659966,1.343549967,146.3789978,1.333709955,351.1940002,123.5189972,18.57349968,76.04579926,1763.930054,6.355219841,144.7929993,105.2910004,58.43159866,72.36990356,1682.599976,6.702549934,93.22609711,92.51999664,21.41480064,447.4110107,3649.300049,55.83050156,832.8870239,416.7279968,151.7019958,469.2330017,3787.530029,66.38079834,676.3759766,398.8630066,90.43479919,211.173996,60.95740128,31.97470093,190.470993,82.44660187,27.83580017,0.0
1.566759944,167.3470001,1.756559968,524.2310181,136.8209991,31.22820091,1.438670039,140.6820068,1.341030002,371.8389893,131.2640076,20.47599983,75.3927002,1790.130005,6.53783989,151.4940033,107.6750031,56.86429977,68.19400024,1677.25,6.305459976,93.00469971,92.2460022,24.94020081,428.8800049,3654.98999,52.00579834,818.6740112,410.9609985,148.0980072,457.2900085,3768.929932,63.36880112,667.4619751,393.7149963,97.29180145,211.3150024,60.09870148,29.30610085,190.147995,78.9980011,26.12439919,0.0
1.50267005,171.0010071,1.456940055,477.3190002,167.9790039,35.32699966,1.546040058,148.3880005,1.632869959,328.1759949,172.4530029,28.9442997,114.4290009,1574.959961,13.7432003,126.4290009,116.9919968,138.3609924,117.7129974,1550.280029,15.73999977,84.97160339,110.3280029,86.91649628,445.4930115,3285.169922,54.8608017,641.6699829,446.1470032,184.3269958,476.8349915,3364.389893,68.14289856,512.2930298,439.7919922,140.802002,202.6620026,47.48180008,27.35689926,193.7429962,61.06689835,22.84620094,0.0
1.468160033,161.0809937,1.797960043,540.2910156,147.0610046,32.61199951,1.350399971,140.2709961,1.318130016,390.8099976,142.7610016,23.08659935,73.81289673,1811.829956,6.205070019,159.2259979,110.7089996,63.23849869,67.76470184,1682.319946,6.128290176,94.00869751,94.16010284,30.51099968,399.4960022,3544.48999,47.29470062,791.2579956,391.5899963,153.5339966,431.4729919,3665.22998,59.20890045,648.1160278,374.3059998,107.4580002,210.4459991,56.67470169,29.89850044,191.3049927,73.61370087,25.76670074,16.9
1.324239969,200.529007,1.35848999,503.2250061,162.3240051,36.2057991,1.414950013,174.9720001,1.626250029,335.8909912,155.3589935,29.74090004,134.6940002,1430.130005,19.50110054,142.0370026,112.6869965,199.973999,143.1670074,1514.829956,25.7595005,86.90750122,107.0059967,132.826004,537.46698,3181.689941,85.56340027,777.1019897,478.7990112,225.1519928,581.4290161,3253.889893,96.8234024,552.5100098,463.125,164.1269989,207.4459991,43.92459869,33.82979965,196.1459961,58.14509964,25.2826004,0.0
1.455090046,162.1889954,1.792490005,539.5020142,146.7480011,32.5658989,1.335080028,141.2109985,1.317620039,388.3009949,142.4199982,22.77179909,73.8082962,1809.439941,6.192090034,158.9629974,110.5849991,63.62749863,68.36620331,1682.839966,6.191440105,94.04109955,94.20659637,30.43779945,400.3559875,3536.780029,47.62360001,791.9450073,391.8590088,154.4920044,431.651001,3660.98999,59.35219955,648.302002,374.2550049,107.1780014,210.4309998,56.63219833,30.28709984,191.4880066,73.73970032,25.89800072,16.9
1.34987998,192.3820038,1.384619951,487.1759949,165.5339966,35.2016983,1.505839944,178.8159943,1.591410041,360.7869873,165.8880005,30.89369965,116.7789993,1528.52002,15.00020027,134.4940033,114.7050018,136.4730072,125.5759964,1532.869995,20.32130051,86.06210327,108.9059982,107.9489975,485.7850037,3511.820068,63.29019928,720.6220093,479.4960022,188.772995,530.8079834,3539.22998,81.93520355,603.2750244,474.7030029,151.0559998,206.371994,47.67950058,26.90060043,184.7440033,60.46829987,22.25189972,0.0
1.373860002,190.7749939,1.391639948,486.5549927,165.6549988,35.32030106,1.490309954,174.6369934,1.590630054,350.8649902,165.7799988,30.65180016,123.6949997,1502.579956,16.10619926,133.3820038,114.6080017,153.2890015,130.4389954,1532.459961,21.00020027,85.95249939,108.8610001,109.2409973,487.2130127,3405.580078,64.2492981,716.3239746,474.9259949,194.3190002,531.815979,3452.540039,81.76570129,578.9429932,468.1759949,151.5249939,206.6369934,46.6719017,27.50580025,187.9980011,60.08069992,22.76449966,0.0
1.373020053,191.7100067,1.395390034,497.6940002,164.1900024,36.25360107,1.468309999,169.0429993,1.628559947,339.6000061,161.3589935,29.93169975,126.927002,1484.290039,17.3423996,137.3379974,113.3690033,176.0679932,134.397995,1518.52002,22.12849998,86.86589813,107.2929993,115.8249969,500.0750122,3247.73999,72.30909729,731.8779907,466.0920105,209.7189941,541.6760254,3317.649902,85.55549622,547.2219849,454.4370117,155.6230011,207.048996,45.38140106,30.93120003,194.6139984,59.22159958,24.1590004,5.6
1.441580057,182.0379944,1.419880033,480.4129944,166.6080017,35.27899933,1.537320018,162.2920074,1.636950016,342.4330139,167.9259949,30.15519905,119.5559998,1534.0,14.87090015,129.1629944,115.4660034,146.1470032,124.7610016,1546.920044,19.05809975,85.11530304,109.973999,99.58740234,474.3169861,3358.030029,60.94210052,690.8629761,462.7980042,188.9369965,516.3179932,3421.780029,77.3660965,551.2360229,457.1889954,145.5050049,202.4140015,47.33720016,27.42609978,188.7489929,61.06969833,22.35129929,16.9
1.534229994,166.9929962,1.691089988,517.3779907,129.701004,30.80610085,1.421830058,139.7310028,1.337380052,363.9790039,123.4229965,19.10079956,75.49089813,1785.73999,6.410820007,148.7100067,105.5889969,53.84870148,70.38929749,1680.5,6.564499855,93.15419769,92.37210083,22.24090004,445.5660095,3626.889893,57.64680099,830.960022,409.2730103,146.5950012,467.7659912,3733.72998,67.30480194,673.2390137,392.4809875,91.90869904,211.3110046,61.10400009,30.88570023,192.1199951,81.80760193,26.94000053,0.0
1.493690014,171.3170013,1.440690041,475.4169922,166.4850006,35.33639908,1.60055995,154.2460022,1.638219953,347.0450134,169.3930054,31.06389999,110.4990005,1583.819946,12.85280037,124.4840012,115.7450027,123.8899994,116.1910019,1549.699951,16.92230034,85.07980347,110.1220016,93.58350372,459.6440125,3404.540039,55.26459885,667.8870239,451.5440063,175.6549988,498.2189941,3449.929932,73.0019989,545.0040283,448.3340149,143.5630035,202.2700043,48.31110001,26.03199959,190.1179962,60.78369904,21.92569923,0.0
1.293110013,208.5220032,1.365880013,497.881012,165.378006,35.99399948,1.367449999,187.423996,1.624719977,338.5870056,161.9400024,29.86330032,150.9579926,1366.280029,21.56870079,140.227005,113.0690002,220.852005,154.6560059,1514.030029,26.34129906,86.94290161,107.1060028,126.2819977,517.2700195,3190.909912,76.04109955,755.3140259,488.9570007,225.7059937,567.2730103,3304.350098,89.89199829,570.8460083,475.927002,158.7799988,206.7330017,43.3932991,29.41620064,186.9080048,59.22850037,23.44820023,0.0
1.557090044,162.9669952,1.681609988,518.3759766,126.8000031,30.81999969,1.450749993,136.6920013,1.337610006,369.8869934,119.9990005,19.3757,75.2378006,1793.22998,6.360199928,149.322998,104.9039993,51.98009872,70.41000366,1680.900024,6.583590031,93.19200134,92.38140106,21.88260078,451.2030029,3602.199951,60.98220062,833.9979858,404.151001,144.6609955,470.4570007,3693.469971,69.47380066,673.052002,388.07901,91.09660339,211.2910004,61.14609909,31.02700043,193.5140076,82.37719727,27.00889969,5.6
1.567090034,164.2400055,1.72902,521.5939941,132.8950043,31.05089951,1.450150013,138.3690033,1.339949965,372.7659912,127.0849991,20.1928997,75.27680206,1792.060059,6.435619831,150.4140015,106.6090012,55.00310135,69.35369873,1678.97998,6.42813015,93.11540222,92.32640076,24.10580063,436.6300049,3621.879883,55.30289841,823.1970215,406.2890015,146.7689972,461.1940002,3725.209961,65.55819702,669.4539795,389.8380127,95.35230255,211.2570038,60.3594017,30.20030022,192.0099945,80.08339691,26.63159943,16.9
1.460260034,177.7449951,1.692700028,507.1199951,134.1340027,30.58550072,1.322329998,149.5970001,1.334669948,336.276001,128.4680023,17.86230087,77.76860046,1762.73999,6.654520035,143.029007,106.5370026,57.17879868,72.76399994,1681.47998,6.70596981,93.10189819,92.58869934,21.97750092,438.3340149,3734.040039,51.40660095,821.8209839,419.0159912,148.0529938,464.8519897,3896.909912,63.39229965,665.9790039,403.7189941,90.85600281,210.9210052,60.58100128,29.40990067,181.9389954,81.44480133,26.35370064,16.9
1.476549983,175.5189972,1.436769962,478.3330078,166.9409943,35.32720184,1.554149985,155.5579987,1.635609984,338.4729919,169.4839935,29.88389969,115.4349976,1560.790039,13.98939991,127.1289978,115.9729996,138.2200012,120.3000031,1548.630005,17.47470093,85.05180359,110.1210022,94.34300232,462.5480042,3341.76001,57.81110001,670.9359741,453.401001,184.647995,500.5390015,3407.120117,73.68039703,534.8989868,448.3370056,143.5480042,202.4819946,47.57770157,27.02020073,190.9980011,61.02230072,22.41570091,0.0
1.298760056,206.647995,1.371639967,495.0140076,166.1629944,35.84130096,1.382259965,193.095993,1.622320056,354.7149963,164.5839996,30.45359993,146.3190002,1377.640015,20.57220078,138.0890045,113.3249969,204.6589966,149.7230072,1515.26001,25.03949928,87.08899689,107.2860031,120.197998,501.243988,3295.659912,69.30059814,743.559021,490.6090088,216.9730072,551.4860229,3367.649902,85.96289825,593.5369873,479.3989868,156.7160034,205.8910065,43.72359848,26.8560009,182.3269958,59.54140091,21.79080009,5.6
1.314839959,203.2250061,1.370530009,498.9580078,164.7160034,36.05799866,1.406820059,181.0050049,1.626639962,339.901001,161.2539978,29.92110062,140.6690063,1411.359985,19.85499954,140.0540009,113.1169968,202.5079956,146.4230042,1515.51001,25.06570053,86.92960358,107.1490021,124.1969986,515.210022,3226.590088,75.7410965,753.1929932,483.1870117,219.9689941,563.03302,3317.209961,89.65370178,566.7030029,470.5220032,158.5529938,206.9210052,44.22579956,30.59799957,189.9089966,59.14910126,23.89909935,0.0
1.39233005,188.1840057,1.409379959,495.9599915,164.7250061,36.28620148,1.488180041,166.2380066,1.629369974,340.4840088,163.220993,29.97310066,123.6790009,1506.040039,16.51919937,135.7400055,113.6039963,167.2460022,130.923996,1519.880005,20.75119972,86.84739685,107.3929977,109.7139969,486.7650146,3266.550049,67.89409637,715.4689941,460.7200012,204.4329987,526.8989868,3335.0,81.57050323,543.5469971,450.2430115,152.6990051,206.9409943,45.89379883,30.09339905,194.5330048,59.56110001,23.8451004,0.0
1.541960001,173.6569977,1.757699966,523.3449707,137.8580017,31.18950081,1.399649978,144.4600067,1.340049982,362.0119934,132.022995,19.5352993,75.834198,1782.949951,6.701509953,151.1419983,107.8880005,57.14820099,68.42880249,1676.920044,6.340899944,92.92919922,92.2338028,24.20089912,428.8609924,3699.340088,50.86830139,820.2969971,418.0639954,148.6000061,459.0299988,3824.600098,62.75559998,666.3140259,399.5780029,96.05729675,211.4279938,60.51699829,28.77129936,187.8639984,79.42420197,25.71660042,0.0
1.328469992,191.4069977,1.381070018,490.9869995,165.3090057,35.22069931,1.533570051,179.701004,1.590929985,373.1669922,165.852005,30.98410034,100.4720001,1592.969971,12.69820023,137.7640076,115.1029968,107.9509964,113.0159988,1534.550049,18.58410072,86.21769714,109.0550003,104.7649994,483.1560059,3654.300049,62.67459869,724.2689819,481.6570129,181.8470001,527.5059814,3669.709961,81.91200256,633.5159912,480.5880127,149.8509979,206.253006,49.70119858,26.82640076,182.2709961,61.33800125,21.80920029,0.0
