DI_Al_0_2,DI_Ca_0_2,DI_Fe_0_2,DI_K_0_2,DI_Mg_0_2,DI_P_0_2,DI_Al_2_6,DI_Ca_2_6,DI_Fe_2_6,DI_K_2_6,DI_Mg_2_6,DI_P_2_6,TOC_0_2,IC_0_2,TN_0_2,TOC_2_6,IC_2_6,TN_2_6
436.6480103,2791.1101074,68.3798981,318.9729919,223.8059998,40.0110016,418.7000122,2894.7099609,70.9954987,261.0669861,209.8849945,27.4326992,177.0950012,45.2761002,18.1893997,149.2720032,55.9886017,18.7155991
296.5870056,2492.7700195,36.1503983,260.2749939,209.8049927,39.0178986,250.8529968,2579.6999512,53.3376999,205.9790039,202.4340057,29.3015003,180.3639984,43.1095009,17.0648003,146.3840027,54.7979012,17.1590996
328.2279968,2973.9499512,45.7783012,330.3089905,211.4470062,36.8153992,308.2770081,3034.4399414,57.3474998,282.151001,205.7879944,26.2583008,163.5939941,51.0317993,18.3722992,147.2870026,62.3815002,18.4652004
185.7559967,3248.4399414,38.2921982,342.3349915,176.2689972,10.8625002,220.0630035,2613.7700195,69.7360001,242.4140015,142.5789948,5.9772301,171.326004,57.0073013,19.7992992,158.6529999,66.4981995,21.0723991
459.6059875,2284.4099121,73.8255997,256.553009,224.8209991,42.0261993,463.9859924,2470.0200195,76.1131973,196.5720062,212.1439972,31.0165005,186.2149963,35.9715996,16.8540001,143.5850067,47.5046997,15.9805002
535.1820068,2290.4899902,95.1772995,263.5369873,270.3439941,47.3376999,545.8189697,2436.1398926,93.6980972,202.2420044,231.0590057,33.3888016,193.9299927,30.5405006,17.0028,142.5950012,43.2916985,16.5251007
274.2510071,3270.8400879,44.4784012,342.0539856,171.2619934,10.8386002,301.3580017,2815.1899414,69.3694992,256.7999878,143.9109955,5.8685899,158.7850037,57.8291016,19.9722004,148.6829987,69.3822021,18.3752995
381.67099,2353.25,55.1638985,259.4259949,216.5330048,40.0780983,365.1440125,2544.1398926,64.4092026,203.0330048,205.9869995,29.8966999,183.6660004,39.3422012,17.0723991,144.3950043,51.4539986,16.8435993
294.1789856,3259.25,43.4609985,344.1480103,172.6430054,11.0527,317.9049988,3089.8200684,54.3442001,283.4320068,154.8959961,6.2169199,150.401001,58.0589981,20.2660999,148.3049927,70.2457962,18.7805996
450.6789856,3279.3300781,44.353199,349.1199951,166.3619995,11.6595001,429.3850098,3054.7299805,61.040699,277.0570068,148.7109985,6.4221201,161.8569946,64.8800964,20.0667992,146.4450073,81.089798,18.0373001
373.2980042,3303.25,48.5629005,349.5069885,166.4210052,11.6125002,326.348999,3346.6101074,51.2388,307.881012,162.3280029,6.7581301,171.3000031,58.4855995,20.4613991,153.2330017,71.8815994,21.1114998
334.7090149,3271.2299805,45.8238983,344.6579895,165.7700043,11.4558001,338.6539917,3336.2700195,51.1800003,306.2600098,163.9490051,6.6574998,156.8289948,59.0004005,20.3071995,149.0140076,71.0936966,20.2903996
469.0950012,2432.1499023,73.7014999,266.1119995,255.5870056,44.9415016,480.7160034,2528.4099121,77.4937973,211.3760071,226.0429993,31.6243992,161.8910065,33.7435989,16.7192001,136.9349976,48.4682007,14.2103004
370.3840027,3295.6101074,48.3970985,349.0960083,167.0330048,11.6659002,330.4190063,3343.5600586,51.1632004,308.2799988,162.5070038,6.7797699,171.1130066,57.8530998,20.4291,153.7660065,70.703598,21.3953991
379.0700073,3267.1499023,43.9286003,346.7720032,168.3880005,11.5468998,385.1839905,3005.6201172,60.2552986,272.8779907,148.2630005,6.3551798,155.9869995,61.4807014,19.9328003,145.8009949,75.6829987,17.5904999
310.8009949,2502.9399414,38.5657005,261.5509949,208.5890045,38.9233017,264.9119873,2581.9499512,54.3384018,206.4519958,203.5789948,29.3679008,180.2079926,42.5419998,17.0238991,147.0019989,54.1968994,17.0443993
455.3800049,2599.9599609,78.759201,289.8900146,247.6710052,44.3757019,450.1140137,2613.5300293,81.1112976,228.897995,222.7389984,31.1093006,187.0919952,38.3102989,17.7497005,149.8009949,47.4889984,18.3111992
336.1570129,3279.6000977,46.4985008,346.3800049,166.697998,11.5123997,322.5960083,3337.1000977,50.7574997,307.0239868,163.6410065,6.6997099,164.6119995,58.1302986,20.3827991,151.9680023,70.3539963,20.9391994
221.8419952,3252.5200195,42.3222008,342.4899902,175.598999,10.9790001,259.0280151,2584.7299805,76.6383972,239.5390015,140.2160034,5.9976802,163.4790039,57.7681007,19.5704002,154.4620056,67.1111984,19.7205009
535.9829712,2268.7399902,93.6037979,262.3540039,265.8999939,45.5042,536.8049927,2403.0700684,96.6790009,196.3209991,231.0180054,32.3405991,200.4429932,32.1608009,17.0310993,146.7969971,41.0603981,16.6693993
346.1579895,3287.9699707,47.2874985,347.6369934,166.8320007,11.5567999,319.2950134,3339.9299316,50.770401,307.4729919,163.2050018,6.7265902,168.1119995,57.9413986,20.4190006,152.9279938,70.4813004,21.1382008
281.9460144,2616.4099121,41.8507004,265.7399902,204.5310059,38.0830994,188.5209961,2635.6999512,49.405899,214.3110046,205.0639954,28.7513008,167.2149963,44.7333984,17.2047997,147.8029938,56.7826996,17.7975006
301.321991,3270.8500977,44.1637993,345.4349976,167.595993,11.4111996,293.2269897,3332.8701172,50.2305984,306.3919983,164.5119934,6.6609602,167.647995,57.8923988,20.4255009,153.276001,69.9412994,21.0195999
391.1359863,3304.1499023,48.8241005,350.1359863,166.4400024,11.6955004,340.2319946,3349.7099609,51.7612,308.3200073,161.8650055,6.79459,172.9620056,58.7508011,20.4591007,153.5,72.4182968,21.1898003
344.6140137,3268.5600586,44.9410019,345.5620117,170.3289948,11.1857996,362.2789917,3004.4399414,60.1507988,273.7730103,150.3450012,6.25387,151.2339935,59.1987,20.1413002,147.2050018,72.0063019,17.5503006
490.0289917,2278.6599121,81.7058029,257.5329895,230.2550049,42.7363014,495.8259888,2458.75,81.0623016,196.0549927,215.6260071,31.3465004,184.451004,34.4679985,16.8824005,141.3399963,46.9034004,15.7833996
430.1210022,3274.8701172,44.0242004,348.4389954,166.9810028,11.6260004,417.1719971,3027.3999023,61.6389008,274.7149963,148.1069946,6.3992701,160.7819977,64.1155014,20.0361004,146.4499969,79.7830963,17.9673004
471.2019958,3299.6599121,45.7798996,349.4689941,161.4799957,11.7137003,436.9240112,3373.3898926,55.671299,305.0029907,159.8209991,6.76442,167.3639984,66.2349014,20.3565006,146.6360016,83.5419998,18.0760994
509.82901,2394.7600098,86.3823013,269.5069885,288.9169922,50.4236984,520.6710205,2488.3400879,89.2767029,214.4290009,237.8240051,35.0825005,181.3040009,31.4172993,16.6968994,141.2220001,45.0311012,15.3648005
334.3619995,2405.7900391,44.6250992,258.894989,213.4499969,39.5525017,306.4320068,2559.5800781,58.6063004,204.0399933,203.3500061,29.5536003,182.5690002,41.4178009,17.0827999,145.2830048,53.1767998,17.0541992
319.473999,3265.2900391,44.3660011,345.0010071,171.6060028,11.1289997,343.3280029,2931.5800781,62.7545013,268.0780029,148.6629944,6.2144899,153.095993,58.8172989,20.1658001,148.6529999,71.0307007,17.9627991
269.9689941,3254.6799316,42.2779007,342.5450134,175.2870026,10.9596996,304.9179993,2974.8898926,58.1192017,274.4410095,152.6450043,6.0632501,151.0549927,57.6939011,19.4496994,151.2039948,69.7774963,18.5757999
406.0499878,2322.4499512,60.9572983,259.5859985,218.5890045,40.4001999,394.868988,2535.3898926,67.5671997,202.4720001,207.3650055,30.0835991,184.3480072,38.2369003,17.0755997,143.8639984,50.5764008,16.7721004
362.8739929,2473.9799805,49.6320992,262.9590149,209.3040009,39.1813011,338.8760071,2565.25,60.6557007,205.3179932,206.3999939,29.7355995,180.7220001,40.1543007,16.8652,146.2960052,51.5658989,16.1264
226.8280029,3247.5900879,37.7067986,342.7210083,173.9060059,10.8499002,252.5169983,2927.9299316,56.7016983,268.9979858,151.3549957,6.0560999,173.2230072,57.8092003,19.8934994,159.9149933,69.3026962,21.1832008
440.4509888,2403.4099121,67.0731964,260.0220032,220.7389984,39.5862007,444.8240051,2514.8898926,71.5582962,200.5639954,212.401001,29.1109009,172.7400055,36.7038994,16.8206005,139.2610016,50.3471985,14.4198999
423.3619995,2787.8601074,65.6334991,312.0969849,225.9109955,39.5219002,409.9930115,2851.7199707,70.2167969,257.8259888,211.8970032,27.3160992,174.9340057,44.6194,18.7247009,150.4779968,55.3470001,18.7787991
456.8479919,3288.6899414,45.0438004,347.7470093,163.072998,11.6042004,434.0669861,3360.8798828,55.2400017,303.4259949,160.7700043,6.7141399,162.6000061,65.1468964,20.1847,146.4299927,81.4923019,17.5825005
492.6940002,2288.8601074,82.1682968,257.9119873,231.423996,42.9235992,499.0119934,2458.2600098,81.5979996,196.1210022,216.3399963,31.4389992,182.8589935,34.230999,16.8805008,140.4400024,47.0769005,15.6632004
395.3420105,3304.0600586,48.7345009,350.2820129,166.4329987,11.7156,343.723999,3350.7099609,51.9163017,308.3829956,161.75,6.8034101,173.5650024,58.924099,20.4598007,153.5720062,72.7053986,21.1800995
378.2900085,2562.7199707,58.6615982,266.2160034,234.5469971,41.5018997,311.9049988,2562.3898926,67.2785034,211.2669983,219.2160034,29.6606007,163.3659973,39.3436012,16.9592991,142.2200012,50.7597008,15.8046999
290.0090027,2687.5600586,46.9846001,269.3160095,222.3820038,40.830101,186.3370056,2614.9099121,55.0239983,215.4309998,212.5549927,30.0646992,164.927002,42.9804001,17.0813999,144.1080017,55.6862984,17.0480995
402.0469971,2916.2700195,59.7778015,322.5820007,188.3000031,13.9728003,379.3789978,3116.1298828,63.0052986,277.8680115,172.1309967,7.69028,179.3639984,48.2476997,20.5438995,151.1300049,63.2396011,20.816
298.894989,3259.9399414,44.092701,344.196991,173.072998,11.0615997,325.678009,3087.4799805,55.0866013,283.5710144,154.8970032,6.2171502,146.9790039,57.7128983,20.1716003,147.4880066,70.0906982,18.2553005
346.4590149,2587.4399414,57.7276001,270.1149902,231.2920074,41.5878983,260.54599,2584.75,64.3707962,213.8049927,218.5330048,30.4992008,165.4049988,40.6302986,16.4740009,143.7519989,51.5248985,16.2275009
434.2999878,2764.8798828,67.8392029,305.8630066,229.0850067,41.0550003,428.0050049,2819.7700195,72.4210968,252.8829956,213.2619934,27.9050999,176.9609985,43.8041,19.0205002,149.4340057,54.0892982,18.8337002
343.7399902,2446.3300781,45.696701,260.9089966,211.6909943,39.4081993,314.0310059,2564.5100098,58.9369011,204.8410034,204.8370056,29.6219997,181.3999939,41.0560989,17.0188999,145.6470032,52.8536987,16.7761002
222.6260071,2876.7600098,38.0341988,299.7139893,200.6750031,34.9700012,158.6970062,2916.8999023,48.8086014,255.2039948,196.6779938,26.3132,164.0789948,51.2252998,17.7903004,149.1900024,63.5792007,18.5505009
268.4119873,3253.3000488,43.0334015,342.9869995,174.2680054,11.0403004,298.4779968,2732.1999512,69.5812988,251.4830017,144.1679993,6.0480099,159.3470001,58.3387985,19.4799004,152.4980011,68.7778015,18.9659004
313.9460144,3263.7700195,44.0926018,345.1900024,168.3670044,11.2096004,323.8179932,3149.4199219,51.3088989,288.3049927,155.5460052,6.29848,156.4640045,59.2575989,20.4624996,148.9299927,71.1453018,20.2383003
434.4920044,2326.75,67.3986969,260.9599915,220.7660065,40.7980995,430.5499878,2526.0300293,71.4235001,202.0469971,209.901001,30.3675003,183.1360016,36.9068985,17.0352001,142.4900055,49.6573982,16.3304005
318.0849915,2658.0600586,51.0298004,269.7659912,225.9680023,41.4412003,222.9519958,2605.3701172,58.7038994,215.1660004,214.6349945,30.4039001,164.5690002,41.6048012,17.0403004,143.2339935,54.3600998,16.7658997
201.8639984,3252.8601074,41.4939003,342.4609985,177.1759949,10.9092999,237.2189941,2464.3999023,77.9191971,229.4100037,137.8880005,5.9506602,165.9669952,57.1379013,19.6595993,156.1009979,65.8705978,20.3656006
422.6069946,3303.1298828,47.714901,350.4660034,164.6880035,11.7693996,373.8529968,3360.6298828,53.1808014,307.6400146,160.8699951,6.8144698,173.6790009,61.4199982,20.4417,151.7120056,76.4819031,20.3209
404.3710022,2538.2199707,65.5082016,268.1749878,251.8500061,45.1952019,362.0499878,2530.8400879,75.8497009,211.5130005,228.5700073,31.3355007,172.9519958,37.2999992,17.0834999,141.9850006,47.4707985,16.0277004
543.2700195,2131.5800781,95.6425018,256.0379944,235.6329956,43.1276016,546.1300049,2436.6000977,88.8069,194.6750031,218.1190033,31.4596996,192.6069946,33.2229004,16.9764004,143.904007,43.4639015,16.3889999
311.0679932,2608.9099121,48.0382996,266.7460022,210.1269989,39.3628006,225.5200043,2610.2900391,56.0121994,213.102005,208.5500031,29.3638,162.8439941,43.2223015,17.0748005,144.677002,53.8033981,16.6947994
508.394989,2214.5600586,87.0746002,256.6270142,231.9839935,42.8073997,513.1259766,2449.2900391,83.8834,195.3970032,216.1159973,31.3353004,189.1909943,34.0551987,16.9347992,143.0050049,45.3661995,16.1721001
329.1669922,3279.2600098,46.1057014,346.3850098,166.9620056,11.4918003,314.2609863,3336.6599121,50.615799,306.946991,163.7910004,6.6937699,166.0619965,58.0393982,20.4036007,152.4730072,70.2790985,20.9995995
257.993988,2657.0300293,38.5596008,266.1119995,206.1990051,37.9816017,138.0950012,2659.1599121,45.1786995,216.2630005,205.2489929,28.5814991,164.9750061,46.0054016,17.2735004,147.197998,60.0248985,18.4398994
484.9070129,2445.4899902,79.8180008,269.9920044,282.6549988,50.0816994,490.7070007,2511.6000977,84.1537018,216.6580048,235.9219971,34.9726982,171.923996,32.8041992,16.5755997,139.8939972,46.1763992,14.7959995
231.7920074,2838.9199219,39.2761993,292.8389893,205.7169952,35.6836014,161.0010071,2850.8798828,49.0905991,245.5639954,201.3589935,27.4825001,165.3320007,49.8240013,17.7045994,148.5820007,61.7834015,18.2882996
300.8160095,3277.4299316,45.0915985,342.6820068,170.0319977,10.8903999,318.8930054,2859.4499512,68.7426987,260.1130066,144.4660034,5.89819,159.1900024,58.6520004,19.9759998,147.9960022,70.9661026,18.2078991
209.3110046,3249.5800781,39.0702019,342.1570129,176.1399994,10.8457003,242.8150024,2638.4799805,66.8482971,243.5970001,143.1170044,5.96385,168.7720032,57.1833,19.7206993,157.7769928,66.501297,20.4272003
300.4599915,3275.6499023,44.9645996,342.5010071,170.1629944,10.8837004,319.401001,2865.9599609,67.8778,260.6640015,144.8300018,5.8961701,158.5449982,58.524601,19.9666996,147.901001,70.7805023,18.1588001
429.6640015,3275.3999023,44.1067009,348.4339905,166.7559967,11.6336002,417.0440063,3041.3100586,60.8824997,275.7969971,148.4810028,6.4046898,160.5220032,64.0475006,20.0284996,146.2559967,79.7210999,17.8929996
245.701004,3031.5900879,39.1147003,316.3819885,177.7709961,11.7460003,239.2960052,2782.5300293,58.4961014,249.1419983,158.5769958,6.47193,168.4060059,54.6635017,20.0890007,155.6920013,64.8386993,20.1210003
221.7429962,3252.1298828,41.1492996,342.3940125,176.3630066,10.9081001,256.1149902,2576.2900391,71.7817993,238.4179993,140.9389954,5.9686599,164.4609985,57.3019981,19.6182003,155.6089935,66.4661026,19.9055996
398.0950012,3286.7700195,46.5560989,348.144989,165.2599945,11.6991997,371.0899963,3348.7800293,52.0278015,305.6929932,161.6790009,6.7722802,166.4409943,60.2277985,20.1853008,150.6529999,73.9810028,19.6714993
257.1839905,2667.7900391,40.1456985,266.5740051,207.9989929,38.4398994,143.8600006,2646.5,46.7872009,215.8950043,205.875,28.8225994,165.0249939,45.7389984,17.2364006,146.9600067,58.7713013,18.0314007
212.6970062,3250.1201172,39.5894012,341.9719849,176.1269989,10.8329,246.8679962,2608.4799805,67.667099,240.447998,142.0820007,5.9460201,168.625,57.1589012,19.6832008,157.720993,66.0371017,20.1821003
197.9149933,3247.7600098,36.8875008,343.019989,173.173996,10.9729996,225.7359924,2892.4499512,58.094101,266.5339966,150.2220001,6.08847,173.6430054,57.3209,19.8773003,158.7330017,68.2916031,21.5210991
532.8709717,2284.4499512,92.5261002,263.6950073,267.9769897,46.1948013,531.8029785,2419.1398926,95.8410034,199.477005,232.2059937,32.7560997,196.677002,32.2952003,16.9703999,145.8869934,41.4044991,16.4514999
397.8450012,2532.0800781,69.6835022,271.855011,245.628006,43.3226013,330.8110046,2559.5100098,73.4311981,213.8170013,225.1080017,31.4221992,170.4940033,37.8680992,16.4347,143.4850006,48.574501,16.0352001
460.8649902,3301.5500488,46.1990013,350.2200012,160.1970062,11.7739,424.7380066,3384.2800293,55.5721016,306.6900024,159.4440002,6.7982898,170.1569977,65.884697,20.5991001,146.5789948,83.5001984,18.4680996
218.7109985,2987.9399414,35.3560982,298.769989,182.2749939,13.2017002,181.378006,2697.8000488,56.6654015,234.2290039,163.6089935,7.1564999,165.8359985,53.0069008,19.2381992,152.4680023,64.1384964,19.5963993
178.4929962,3245.8798828,36.3857002,342.5910034,174.1620026,10.9243002,212.5720062,2806.9099121,62.1478004,259.2590027,147.8350067,6.0501599,174.1470032,57.0616989,19.8724003,159.2799988,67.5681992,21.4892998
403.3510132,2372.2700195,59.5461006,261.0069885,217.026001,40.2504997,393.0690002,2539.4899902,66.9793015,202.9420013,208.0630035,30.0986996,182.1560059,38.3799019,17.0065994,143.4589996,50.7360992,16.3423996
307.1109924,3262.5300293,43.6743011,345.4760132,168.5559998,11.2153997,314.9320068,3137.4299316,51.0783997,287.4970093,155.352005,6.3059001,159.878006,58.9403,20.4796009,150.7409973,70.8135986,20.5741997
352.2229919,3294.75,47.6357994,348.4400024,166.7449951,11.5641003,315.9639893,3342.4099121,50.8221016,307.5769958,162.923996,6.7344699,170.102005,58.0909004,20.4482002,153.279007,70.9940033,21.1420002
479.3190002,2216.5600586,78.786499,255.4320068,226.7279968,42.1632996,484.3299866,2461.1000977,78.7903976,195.8220062,212.4680023,31.0338001,189.1150055,35.4944,16.8990993,144.4170074,46.3130989,16.2318993
230.1150055,3248.8898926,38.4119987,342.5509949,174.3789978,10.8711004,258.3039856,2896.3999023,57.9858017,266.303009,150.4170074,6.0441699,168.9080048,57.7333984,19.809,157.8580017,68.9440994,20.655899
343.0750122,3269.25,46.0551987,345.8940125,165.3309937,11.3525,352.9639893,3177.9899902,50.9735985,290.9119873,155.2859955,6.3548999,152.1920013,59.4500008,20.3374004,147.7050018,71.6444016,19.9790001
462.2810059,2314.6799316,73.9604034,257.4719849,225.2420044,42.1595001,467.1640015,2472.2299805,76.294899,196.8249969,213.1490021,31.1222992,182.9029999,35.7400017,16.8139,141.9949951,48.1002007,15.6194
358.1789856,2875.0100098,53.424099,311.2369995,215.5590057,38.3524017,341.1099854,2885.25,62.2781982,259.651001,206.7030029,26.6721992,169.401001,47.9105988,18.7765007,150.3049927,59.1580009,18.7268009
311.6940002,2618.3300781,48.5466995,267.2640076,213.1040039,39.7725983,222.8359985,2610.2099609,56.3984985,213.5200043,209.7109985,29.5587997,162.5390015,43.0292015,17.0636997,144.2039948,53.9849014,16.6926994
434.0270081,2365.7600098,66.4849014,262.0039978,219.8509979,40.7272987,433.3900146,2528.1699219,71.1582031,202.2420044,210.5460052,30.4099007,179.5039978,37.0069008,16.9440002,141.1840057,49.9682999,15.6819
312.5809937,2627.3000488,49.0028992,267.7929993,216.1210022,40.1753998,221.3439941,2609.7199707,56.7966995,213.923996,210.8470001,29.7579994,162.6340027,42.778801,17.0543003,143.8619995,54.1451988,16.7021008
431.3609924,2343.2299805,66.365303,261.2879944,220.1230011,40.7251015,427.8139954,2527.8601074,70.9374008,202.1809998,209.9210052,30.3540993,182.0980072,37.0750999,17.0088997,142.2510071,49.8336983,16.1597004
451.1860046,3281.5800781,44.5704002,349.2390137,165.5010071,11.6927996,429.7430115,3096.8200684,59.0978012,280.3599854,149.7220001,6.4429798,161.8450012,64.9218979,20.0590992,145.970993,81.2558975,17.8817997
377.7470093,2552.4199219,61.9701004,270.6329956,237.0820007,42.4752007,306.2590027,2573.4799805,68.4121017,213.6649933,221.2890015,30.9799004,165.2749939,39.0217018,16.4053001,142.6929932,50.1860008,15.8731003
223.5399933,3247.6899414,37.2943001,343.019989,173.0679932,10.9046001,246.322998,2955.6999512,55.4589996,271.5140076,152.0469971,6.0851102,174.7769928,57.8560982,19.9258995,159.9190063,69.4330978,21.5279007
379.3710022,3275.0600586,45.0661011,346.5480042,168.2819977,11.2723999,386.0809937,3054.4199219,59.1548996,277.1199951,150.7680054,6.3007202,153.2619934,60.7356987,20.1441994,146.7230072,74.4686966,17.3918991
497.1940002,2318.3300781,82.0800018,259.1140137,235.548996,43.6086998,505.2449951,2460.9599609,82.5003967,196.9129944,218.4429932,31.7917004,176.6790009,33.7540016,16.8519993,137.6360016,47.8078995,15.2145004
284.5599976,2602.9399414,39.4807014,265.0599976,204.423996,38.1458015,193.7050018,2629.1899414,49.3625984,212.7339935,204.6860046,28.8624001,170.0240021,44.4874001,17.1378994,148.0879974,56.6972008,17.7367001
435.1019897,2645.3300781,74.3237991,290.3940125,246.6239929,44.4109993,426.8619995,2625.1899414,77.8337021,230.3190002,221.9660034,31.1334991,184.0039978,38.8003006,17.7145004,149.3009949,48.6366005,18.1994991
403.5639954,2407.9099121,59.1767006,262.1199951,215.4940033,40.0709991,396.0180054,2542.6499023,66.626297,203.3249969,208.6009979,30.1072006,179.8339996,38.4081001,16.9050999,142.8589935,50.7625999,15.757
302.2590027,2467.9499512,37.5303993,259.5629883,210.8970032,39.1601982,262.0119934,2573.8200684,54.4155998,205.3170013,202.2929993,29.3442993,181.052002,42.8254013,17.0755997,145.996994,54.4827003,17.1452999
181.0690002,3246.4699707,37.1456985,342.3729858,175.298996,10.8766003,215.7850037,2713.3200684,66.0783997,251.0980072,145.2810059,6.0093498,173.1589966,57.0587006,19.8426991,159.2890015,67.103302,21.2859001
422.5559998,2973.1499023,61.5741997,358.2630005,231.2019958,40.6935005,404.9379883,3109.3100586,66.1772995,294.0929871,211.9620056,28.3768005,175.3860016,47.1436996,19.632,147.8580017,61.9215012,19.3850994
446.3240051,2489.8200684,71.785202,268.3150024,259.1010132,44.7224998,422.4039917,2536.7700195,77.6636963,213.5899963,228.2109985,31.3435993,167.9400024,35.2173996,16.8859997,141.0480042,47.7874985,15.3206997
378.3940125,3266.5300293,43.7350998,346.7950134,168.5670013,11.5424995,384.446991,2986.0,61.3180008,271.3139954,147.6710052,6.3495002,156.8789978,61.6776009,19.9498005,146.1549988,75.8962021,17.7189007
547.3189697,2141.0100098,97.433403,256.5620117,237.7460022,43.3642006,550.1439819,2432.75,90.2279968,194.6459961,219.3249969,31.5585995,193.0850067,32.8540001,16.9955997,143.6269989,43.1111984,16.4251003
338.118988,2472.8999023,44.1226997,261.7139893,209.8500061,39.1727982,304.5390015,2570.9499512,57.8041,205.5169983,204.8350067,29.5652008,180.9810028,41.3074989,16.9862995,146.404007,52.9471016,16.7360001
371.7940063,2421.9699707,51.8634987,261.3129883,213.3419952,39.7052994,352.2609863,2554.2199707,62.5059013,204.0839996,206.423996,29.8365002,181.4700012,39.8101997,16.9841003,144.7489929,51.7761002,16.4431
381.4660034,3266.6101074,43.6194992,346.9159851,168.5509949,11.5457001,386.2720032,2976.0900879,62.0698013,270.5100098,147.2960052,6.34935,157.7079926,61.9785995,19.9654007,146.3860016,76.3050003,17.8115997
350.1870117,2605.3999023,54.0292015,269.1430054,226.302002,41.7350998,266.6099854,2594.4199219,62.2321014,213.9120026,215.4980011,30.5802994,162.3890076,40.4598007,16.9601994,141.8540039,52.7755013,16.2532997
285.57901,3023.2099609,41.9541016,315.8259888,177.0090027,11.8562002,262.5610046,2861.8100586,55.1766014,255.7120056,161.6699982,6.5325699,165.822998,54.1505013,20.0576,154.1399994,64.6606979,19.9643993
502.7839966,2193.5400391,84.9944992,255.8079987,229.8809967,42.5256004,507.3139954,2452.5400391,82.3936996,195.4060059,214.6199951,31.2010994,189.8910065,34.5847015,16.9234009,143.9279938,45.4430008,16.2411995
179.4230042,3245.9099121,36.7361984,342.4289856,174.8710022,10.8893003,214.0829926,2751.4199219,64.5378036,254.4120026,146.3190002,6.0240402,173.7969971,57.0696983,19.8588009,159.4389954,67.3209991,21.3813
482.5109863,2655.6999512,71.6035995,275.881012,237.7590027,44.1836014,466.2109985,2644.3701172,76.9304962,226.3450012,216.6880035,30.7154999,167.970993,42.0718002,16.8069992,138.9080048,53.0326996,16.2210999
451.2900085,3282.3999023,44.6343994,349.2929993,165.098999,11.7089996,429.6719971,3113.9599609,58.3772011,281.6809998,150.0930023,6.45224,161.9839935,64.9721985,20.0545006,145.7899933,81.3551025,17.8229008
247.9400024,3007.3200684,39.6027985,314.8370056,178.0570068,11.8014002,238.1970062,2778.9599609,58.4644012,248.1450043,159.1609955,6.4943099,167.8070068,54.0677986,20.0613995,155.2969971,64.1154022,19.9689999
404.769989,2341.2800293,60.394001,260.1140137,218.0870056,40.3552017,393.6109924,2536.8601074,67.3509979,202.651001,207.6369934,30.0900993,183.647995,38.2947998,17.0555,143.7440033,50.6416016,16.6431999
318.67099,2536.3100586,40.3880997,263.8630066,202.7059937,38.2593002,265.9379883,2594.0900879,54.2346001,207.8130035,203.8439941,29.3407993,181.6970062,42.1879997,16.9384003,151.4129944,52.9506989,17.2824993
515.8170166,2251.1499023,89.9161987,257.9230042,237.0140076,43.485199,521.8109741,2442.6499023,86.4419022,195.4470062,218.7559967,31.6219006,187.897995,33.0017014,16.9902992,141.1439972,45.2332001,16.1653004
406.8240051,3271.2800293,43.9225998,347.6830139,167.4199982,11.5970001,402.9779968,3021.6298828,60.8412018,274.1119995,148.2039948,6.3821602,158.8079987,63.0031013,19.9866009,146.1130066,78.0376968,17.7661991
264.1730042,2617.1799316,34.0009995,264.3420105,204.753006,38.0974998,164.5800018,2632.3500977,46.4547997,212.3220062,203.5650024,28.8143005,171.8529968,45.2921982,17.1420002,148.2879944,58.2196999,17.9694004
247.9700012,3252.3601074,38.9681015,343.4020081,172.022995,10.9933004,264.7869873,3021.8200684,53.203701,277.2189941,153.6849976,6.1250801,170.4680023,58.2449989,19.8955002,157.0859985,69.9666977,21.2786007
221.5019989,2962.1298828,35.6052017,296.9899902,182.8099976,13.2779999,179.3650055,2696.8701172,56.3166008,233.3399963,164.6069946,7.19209,165.246994,52.4356003,19.2063007,152.0559998,63.6006012,19.4596996
257.9899902,3258.3200684,40.9202003,344.6690063,170.8009949,11.1753998,264.7810059,3039.1000977,51.905899,279.4070129,154.1009979,6.19593,170.0130005,57.7104988,19.8001995,156.0679932,69.2284012,21.4155006
429.7609863,3274.3000488,43.9492989,348.4190063,167.1589966,11.6196003,416.8309937,3016.3400879,62.2284012,273.8420105,147.8059998,6.3946199,160.9409943,64.142601,20.0400009,146.5899963,79.7860031,18.0182991
405.9230042,3271.6699219,44.0405998,347.6350098,167.2129974,11.6023998,402.598999,3037.9499512,59.9177017,275.3659973,148.6690063,6.3870902,158.1829987,62.8311996,19.9699001,145.8300018,77.8286972,17.6532993
374.7210083,3295.8701172,48.4220009,349.4559937,167.4660034,11.7058001,332.0710144,3343.5400391,51.2294006,308.6109924,162.4259949,6.80059,172.6809998,57.717701,20.4335003,154.4440002,70.5440979,21.5757999
522.2039795,2157.5,89.8916016,255.6970062,232.1679993,42.7582016,526.0859985,2445.4199219,85.2151031,195.0099945,215.9629974,31.2987003,191.2120056,33.9929008,16.9466,144.0169983,44.5382996,16.3166008
288.0769958,3258.9199219,42.4566002,344.1329956,172.1380005,11.0359001,302.743988,3112.1398926,52.9208984,284.9219971,155.5359955,6.2198701,156.4570007,58.8055992,20.4937992,148.8209991,70.5979004,19.7942009
381.2479858,3277.5400391,46.4309006,347.4599915,165.5160065,11.4438,376.5400085,3203.2600098,51.5531998,291.2049866,154.8509979,6.4106002,155.0469971,59.6220016,20.1732006,147.8699951,72.8404007,18.7807999
449.4249878,3279.6699219,44.3974991,349.1029968,166.177002,11.6658001,428.7219849,3064.75,60.5038986,277.8349915,148.9680023,6.4261699,161.7319946,64.8283005,20.0625,146.3059998,81.0351028,17.9857998
457.8330078,2472.25,72.8377991,268.5100098,263.822998,45.8083,451.9049988,2539.5200195,77.7857971,215.2519989,229.4530029,31.9452,163.8760071,34.1311989,16.7646999,139.1719971,47.757,14.7468996
497.4760132,2407.2800293,83.8656998,268.3160095,276.8200073,48.6119995,496.9200134,2483.0100098,87.7996979,211.0980072,234.673996,34.1486015,180.4250031,32.5553017,16.7269001,142.0820007,44.8418999,15.5003996
499.5820007,2335.0900879,82.020401,260.2829895,240.7359924,44.3941002,509.5079956,2466.0400391,83.044899,198.5950012,220.5050049,32.1953011,173.1779938,33.4494019,16.8143005,136.3300018,48.0704994,14.9378004
431.6459961,2756.4099121,67.8759003,296.9979858,230.5749969,42.1539001,419.4880066,2783.3400879,72.5262985,246.1849976,213.2769928,29.0699005,172.7720032,43.2151985,18.2483006,142.6289978,53.6724014,17.9990997
452.1289978,2481.8601074,72.2778015,268.4639893,261.7170105,45.2806015,436.6130066,2538.5,77.7729034,214.5039978,228.8990021,31.6488991,166.0619965,34.6839981,16.8295002,140.1699982,47.7723999,15.0509005
475.0150146,3296.1298828,45.6212006,348.5109863,163.0200043,11.6140003,444.42099,3363.8100586,55.8041,304.052002,160.4810028,6.7250099,163.7579956,65.7277985,20.2598,146.7779999,82.5339966,17.8223
544.7680054,2240.5,97.2891006,261.4819946,263.2680054,45.6945,549.3359985,2408.3000488,96.8892975,196.7070007,229.6260071,32.4842987,199.8560028,31.5410995,17.0680008,145.2810059,41.1251984,16.7625999
547.9329834,2147.1899414,97.9401016,256.7909851,238.6369934,43.4645004,550.8460083,2431.3000488,90.7080994,194.6499939,219.7859955,31.5988007,193.2769928,32.7122002,17.0046997,143.503006,42.9985008,16.4454002
349.5620117,2614.5300293,54.6253014,269.678009,228.4920044,41.9738998,265.5650024,2594.7399902,62.4348984,214.4499969,216.2570038,30.7031994,163.3009949,40.2523994,16.9748993,142.0299988,52.8922005,16.3504009
282.3569946,3261.6499023,42.4921989,345.1430054,170.0910034,11.2329998,282.5180054,3077.3300781,50.7686996,282.7309875,154.947998,6.2255402,168.4609985,57.9436989,19.7684002,155.1959991,69.6225967,21.3295002
334.8760071,3287.1499023,46.6414986,347.473999,166.9920044,11.5172005,308.0769958,3339.1201172,50.5565987,307.2349854,163.4380035,6.7116098,169.1100006,57.9290009,20.4386997,153.2550049,70.4946976,21.1196995
330.5329895,2501.6699219,42.2574005,262.6480103,207.1999969,38.8320999,290.7810059,2579.6799316,56.3473015,206.4179993,204.6179962,29.4818993,181.1000061,41.6226997,16.9522991,147.9810028,52.9342995,16.8216
286.3710022,2530.7099609,34.0041008,261.3720093,207.9109955,38.7537994,229.9459991,2590.6999512,51.4071999,207.2100067,202.5420074,29.2080002,179.2230072,43.6334,17.0545006,147.2019958,55.3801003,17.2560005
349.8840027,2418.0600586,47.4561996,260.1430054,213.2359924,39.6026993,323.651001,2558.6699219,60.0765991,204.2369995,204.7910004,29.6716003,182.0919952,40.7691002,17.0468998,145.1999969,52.6472015,16.8456993
254.1719971,3252.2399902,39.2201996,343.1040039,172.6179962,10.9229002,271.756012,3041.2199707,53.0245018,278.6879883,154.3549957,6.1048498,169.723999,58.4085999,19.9253998,157.1360016,70.3265991,21.0793991
458.3299866,2268.5200195,73.5955963,256.0559998,224.6109924,41.9667015,462.8770142,2469.3000488,75.9522018,196.4499969,211.6040039,30.9687996,187.298996,36.1036987,16.8670006,144.1580048,47.2937012,16.1021996
436.0859985,3302.7099609,47.1935005,350.3980103,163.3159943,11.7804003,390.7550049,3366.9899902,53.9197006,307.105011,160.3800049,6.8098898,172.826004,62.9807014,20.4433002,150.1600037,78.8358002,19.7203999
197.8190002,3253.0200195,41.2237015,342.5859985,178.0140076,10.8859997,231.2519989,2388.4699707,78.7917023,222.7640076,136.2120056,5.9271998,167.0540009,56.9992981,19.6994991,156.7539978,65.5399017,20.6921005
238.1900024,2825.6999512,39.3055,284.0409851,208.022995,36.949501,164.1940002,2755.5,49.4225998,232.4109955,203.2830048,28.0750999,168.8869934,49.0222015,17.3638,151.7089996,60.8666,18.4500008
322.7070007,3278.8999023,45.7328987,346.3880005,167.1490021,11.4755001,306.8179932,3336.1899414,50.4802017,306.8729858,163.9089966,6.6890202,167.2409973,57.9542999,20.4188995,152.8910065,70.2082977,21.0417004
471.7539978,2377.0300293,72.5735016,260.0969849,226.397995,40.6221008,479.4410095,2502.75,76.5686035,198.6470032,215.3710022,29.6324005,161.6660004,35.3821983,16.8418999,133.9629974,50.7851982,13.8783998
388.3529968,3295.8000488,47.9379005,350.0710144,167.845993,11.7772999,342.0409851,3345.8601074,51.6313019,308.7520142,162.1109924,6.8348398,175.6450043,58.3354988,20.4272003,155.1710052,71.5,21.5788994
327.0820007,3263.3999023,45.7644005,344.822998,171.7910004,11.1414003,348.618988,3105.75,54.8328018,283.9349976,154.9279938,6.2607799,142.029007,56.9215012,20.1287994,144.0670013,68.8499985,17.1686993
294.993988,2963.3100586,41.6873016,302.7470093,179.7259979,13.5374002,275.2430115,3031.3701172,53.8452988,267.9909973,176.3619995,7.8780398,164.5850067,52.6491013,19.2751007,151.2050018,63.5493011,19.1734009
309.1170044,2442.6999512,39.1864014,258.9389954,211.8710022,39.2876015,273.7619934,2568.5100098,55.5387993,204.7359924,202.2279968,29.3869991,181.7169952,42.5031013,17.0851002,145.7070007,54.1385002,17.1427994
508.4429932,2225.0,87.2451019,256.9030151,232.5500031,42.8936005,513.4000244,2448.8798828,84.1076965,195.4329987,216.4940033,31.3761005,188.6959991,33.9216003,16.9375,142.6159973,45.4491005,16.1373997
372.0570068,2563.2600098,64.6925964,271.2630005,240.0099945,42.6077003,294.1470032,2570.4399414,69.4843979,213.927002,222.4790039,31.0356998,168.7440033,39.1403999,16.4594994,143.7480011,49.8698997,16.1665001
369.2659912,3287.8500977,47.8423004,349.0859985,169.1569977,11.7599001,336.0020142,3336.2099609,50.9389,309.1610107,162.9629974,6.8323998,172.4369965,57.0560989,20.3952007,155.9369965,69.1200027,22.0051994
235.3220062,3250.2199707,39.2701988,342.3540039,174.8009949,10.8844004,266.9389954,2872.3798828,58.9958992,264.2210083,149.6519928,6.0309801,164.5700073,57.6240005,19.7063007,156.1029968,68.5559998,20.0396996
340.4660034,3287.5600586,46.9636993,347.5440063,166.9089966,11.5351,313.6640015,3339.5600586,50.6663017,307.3420105,163.3269958,6.7182398,168.598999,57.9476013,20.4295998,153.0780029,70.5048981,21.1245995
504.4880066,2200.3100586,85.6336975,256.071991,230.4730072,42.6054993,509.0220032,2451.6298828,82.8380966,195.4089966,215.0789948,31.2406006,189.6880035,34.4295998,16.9258003,143.6609955,45.4211006,16.2178993
270.3840027,3258.25,41.2090988,344.29599,170.6100006,11.1454,279.5639954,3058.7299805,51.8016014,280.7799988,154.4259949,6.1854501,167.5119934,58.2106018,19.8127995,155.0850067,69.8675995,21.2029991
254.3240051,3252.7199707,43.0147018,342.8580017,174.470993,11.0398998,286.6000061,2669.3601074,74.0335999,246.279007,142.0350037,6.0352898,161.5980072,58.5219002,19.5009995,153.1840057,68.5578003,19.2542
327.4370117,2436.8100586,42.7518997,259.7009888,212.2129974,39.4001007,294.9689941,2565.3601074,57.4236984,204.6690063,203.496994,29.5123005,181.7700043,41.7429008,17.0652008,145.5899963,53.5008011,17.0133991
397.6400146,2475.9499512,57.9757004,261.6090088,216.7779999,39.2521019,375.1260071,2543.5600586,65.4615021,204.3399963,211.5299988,28.8647003,169.7579956,38.3866997,16.7917004,141.9680023,50.7979012,14.9504004
454.8649902,3289.8000488,44.949501,348.3529968,161.8939972,11.7004004,428.1919861,3365.6999512,54.8697014,303.4960022,160.1779938,6.7445102,165.973999,65.7117996,20.1553001,146.4889984,82.2086029,17.7103004
387.7789917,2526.7099609,56.5738983,263.7550049,223.4559937,40.4822006,323.8590088,2557.7399902,66.1896973,207.673996,215.7429962,29.1616993,158.3999939,39.1181984,16.8278999,140.0130005,50.8536987,15.2335997
341.1210022,2459.3500977,44.9421005,261.2990112,210.8439941,39.3007011,309.6629944,2567.5,58.4047012,205.1560059,204.8540039,29.5965004,181.1499939,41.1755981,17.0032997,145.9609985,52.9094009,16.7483997
356.7900085,2988.4799805,49.4061012,337.4599915,215.802002,38.1072006,330.4419861,3081.4499512,59.5214005,286.5280151,209.0970001,27.0443993,162.102005,50.0707016,17.6805,144.3730011,61.9514999,18.1285992
470.5429993,2438.3100586,79.8104019,267.3970032,260.5599976,46.3335991,446.5660095,2480.4399414,85.4840012,207.6450043,230.8049927,33.0037003,179.6809998,34.9347992,16.7873001,143.6269989,44.4729004,15.7779999
398.6990051,3279.0900879,45.1321983,347.1549988,163.8950043,11.3655005,395.1069946,3198.7199707,52.4822006,286.723999,153.3939972,6.3743,152.5650024,60.9441986,19.9512005,145.8809967,75.3358002,16.9106998
259.4729919,2645.0400391,36.7098999,265.5480042,205.2400055,37.8130989,139.1490021,2660.1899414,44.597599,215.625,204.7019958,28.5258999,166.2420044,46.0009995,17.2598991,147.4320068,60.3653984,18.5436001
501.2399902,2186.9399414,84.4057999,255.552002,229.3679962,42.4558983,505.8210144,2453.3200684,81.9917984,195.3950043,214.1920013,31.1655998,190.0650024,34.722599,16.9216995,144.1600037,45.4630013,16.2633991
382.7659912,2798.3400879,57.1491013,298.3200073,220.9660034,38.9571991,365.1000061,2834.8400879,64.9244003,249.4589996,211.2599945,26.7173004,165.8399963,46.5049019,18.3663998,145.8659973,58.1054993,17.7212009
523.2009888,2325.8000488,91.088501,263.9960022,268.0969849,47.7398987,539.0239868,2459.7099609,89.9960022,205.1000061,229.798996,33.699501,184.9810028,31.1749001,16.9228001,139.6849976,44.8992996,15.8572998
305.2200012,3270.3400879,44.3237,345.276001,167.5050049,11.4116001,298.9320068,3333.0400391,50.3600998,306.3680115,164.5050049,6.6590099,166.5010071,58.0290985,20.4150009,152.8670044,70.0576019,20.9622002
419.6029968,2505.8000488,64.463501,266.0629883,241.9190063,42.8336983,382.9429932,2546.3798828,71.5905991,210.897995,222.2389984,30.3827991,161.0570068,36.6151009,16.8160992,139.9279938,49.2621002,15.1056004
251.6089935,3252.2900391,39.0612984,343.2739868,172.2220001,10.9610996,268.4039917,3034.1699219,52.9738998,278.1640015,154.0749969,6.1169901,170.3119965,58.3633003,19.9151001,157.1580048,70.1947021,21.2171001
462.7630005,2459.8601074,73.3550034,268.1159973,263.4779968,45.9901009,466.3540039,2537.7099609,77.617897,215.0310059,229.246994,32.0690994,161.7290039,33.6473007,16.7049007,138.1450043,47.7921982,14.4596004
342.9169922,3267.4499512,45.1517982,345.447998,170.4609985,11.1810999,361.3670044,3031.4899902,58.7010002,276.2000122,151.3849945,6.2579398,149.0890045,58.6906013,20.1221008,146.477005,71.402298,17.3666
352.8479919,3279.5500488,47.2603989,346.2409973,165.5789948,11.5712996,344.7780151,3337.6899414,51.0985985,307.0629883,163.1519928,6.7143402,159.8829956,58.4360008,20.3015003,150.3580017,70.6587982,20.6548004
317.4700012,2475.9599609,40.1880989,260.7390137,210.2630005,39.1459007,277.8370056,2574.3500977,55.6495018,205.6269989,203.5529938,29.4347,180.7920074,42.2172012,17.0412006,146.2480011,53.9361992,17.0032005
326.6390076,3264.7900391,45.2490005,344.8930054,170.0740051,11.1724005,344.2529907,3138.4199219,53.1155014,286.7000122,155.3200073,6.2752299,147.1300049,58.2713013,20.2373009,145.7799988,70.4754028,18.343399
241.4409943,3254.1899414,39.3638,343.9100037,171.5399933,11.0862999,256.5450134,3005.4099121,53.3947983,276.2399902,153.1999969,6.1543198,170.5379944,57.8105011,19.8428001,156.7059937,69.2650986,21.3941002
293.5679932,3262.0100098,42.9564018,344.7909851,169.6840057,11.2203999,297.4389954,3094.5700684,50.8773003,283.9750061,155.1419983,6.2196202,165.2250061,58.3814011,19.7672997,153.8690033,70.1399002,21.0792007
540.8120117,2251.1101074,95.4328003,261.5599976,264.2319946,45.3445015,543.7999878,2399.4099121,97.1928024,195.4100037,230.147995,32.2570992,201.4600067,31.9724998,17.0627995,146.5769958,40.8476982,16.7450008
343.6080017,2593.3999023,58.3969002,270.355011,232.5639954,41.6814995,255.647995,2584.1101074,64.5789032,213.9819946,218.9689941,30.5419998,166.4019928,40.6553001,16.4871998,144.0249939,51.4968987,16.3085003
410.2009888,2530.4199219,66.2154007,268.1059875,252.8789978,45.4007988,370.8680115,2531.2299805,76.0158005,211.7910004,228.7689972,31.4435997,172.1849976,36.9812012,17.0625,141.6119995,47.5139008,15.9188995
370.0639954,3271.5400391,45.5363998,346.1059875,168.2290039,11.2572002,379.5180054,3119.7099609,55.3268013,282.506012,153.1869965,6.3109798,147.3529968,59.0839005,20.0676003,144.6699982,72.2641983,16.8283997
229.4730072,3021.4199219,38.4397011,315.7799988,178.3059998,11.7379999,228.3939972,2739.8601074,60.4039001,245.2689972,157.3880005,6.4598799,168.8820038,54.4522018,20.0806999,155.996994,64.3266983,20.0860996
320.3389893,2463.1499023,40.9421005,260.3640137,210.9589996,39.2359009,283.1839905,2571.2299805,56.2117996,205.2870026,203.5110016,29.4598999,181.1029968,42.0772018,17.0501003,145.9869995,53.8130989,17.0041008
365.7380066,3295.2700195,48.2625999,348.8240051,166.8150024,11.6321001,327.6900024,3343.3701172,51.0867004,308.0249939,162.6159973,6.7634501,170.2640076,57.9642982,20.4307003,153.3959961,70.8319016,21.2780991
383.7569885,3266.0800781,43.3862,347.0280151,168.6920013,11.5439997,387.3519897,2952.2099609,63.6722984,268.5939941,146.4960022,6.3444901,158.9380035,62.3698997,19.9890003,146.8079987,76.7862015,17.9808006
373.2349854,2409.6599121,52.3744011,260.9429932,214.0619965,39.7924995,354.071991,2552.1999512,62.8488007,203.871994,206.352005,29.8495998,181.8560028,39.7421989,17.0065002,144.628006,51.7597008,16.5361996
257.4840088,3252.9299316,39.7377014,342.9309998,173.0980072,10.9217997,277.2000122,3032.1499023,53.7060013,277.9360046,154.1230011,6.0947299,166.3699951,58.3535004,19.8736,155.6790009,70.2304993,20.6522007
365.3529968,2459.9099121,50.1264,262.4719849,210.5269928,39.3392982,343.3429871,2561.8999023,61.1553001,204.9129944,206.4160004,29.7651005,180.8309937,40.0699005,16.9009991,145.6849976,51.6917,16.1912994
430.8619995,2496.8300781,71.0737,268.2080078,256.8640137,45.7397003,399.6359863,2516.7099609,80.1075974,210.772995,230.6670074,31.6264992,175.9470062,36.1192017,17.0891991,142.1320038,46.0797997,16.0060997
262.6380005,3253.1899414,42.7011986,342.8429871,174.576004,11.0142002,294.2659912,2737.8601074,68.2725983,252.076004,144.6450043,6.0392399,159.0010071,58.0164986,19.4939995,152.6959991,68.3967972,18.9885006
466.1440125,2562.1999512,80.8178024,288.2030029,250.3139954,44.6436996,462.5750122,2597.7399902,83.0328979,226.8090057,223.8220062,31.2434006,187.8829956,37.5330009,17.7220001,149.3450012,46.7140999,18.1019993
405.8280029,3279.3898926,44.850399,347.3099976,165.0970001,11.3656998,402.3739929,3157.5500488,54.9389,283.9830017,152.5140076,6.3605199,153.779007,61.7364998,20.0366001,145.7359924,76.3488998,16.8927002
244.7559967,3253.7299805,39.2929001,343.7569885,171.6139984,11.0629997,260.3619995,3011.1999512,53.3172989,276.5969849,153.3370056,6.14679,170.2319946,57.9808006,19.8553009,156.6660004,69.5147018,21.3451004
486.2690125,2257.2600098,80.9139023,256.8330078,228.7559967,42.4883995,491.3179932,2459.4199219,80.2861023,195.9700012,214.5039978,31.2175999,186.7810059,34.8465004,16.8892002,142.7299957,46.5956993,15.9846001
364.7470093,3288.2900391,48.0612984,348.5,167.7559967,11.6982002,334.3580017,3338.2800293,50.9483986,308.5570068,162.8540039,6.7937398,169.4530029,57.3036995,20.3826008,154.2059937,69.5162964,21.6214008
476.2609863,3295.3898926,45.6381989,348.3190002,163.3690033,11.5931997,446.20401,3361.8701172,55.8908997,303.9179993,160.625,6.7170401,163.2149963,65.6192017,20.2504005,146.8899994,82.3211975,17.8097992
218.0899963,3251.2700195,40.4258003,342.2109985,176.3919983,10.8711004,252.3320007,2580.7700195,69.8479004,238.4160004,141.2299957,5.95439,166.2230072,57.2108002,19.6462994,156.5540009,66.197998,20.0261993
280.9230042,2651.3601074,45.4572983,267.2940063,210.9660034,39.1734009,184.6920013,2626.4399414,51.8973007,215.1600037,207.8739929,29.2248993,164.1519928,44.3774986,17.1700001,146.0059967,55.8697014,17.3309002
370.4890137,2443.8701172,51.3442993,262.0620117,211.8589935,39.5209999,350.7770081,2557.7800293,62.0191002,204.4940033,206.598999,29.816,180.8880005,39.8605003,16.9291,145.0780029,51.6711006,16.2264996
353.8540039,3270.0700684,46.4805984,345.5480042,163.3370056,11.3893995,368.526001,3187.6000977,51.2969017,291.3059998,154.8670044,6.3566999,146.7369995,59.8622017,20.2311001,145.5,72.2498016,19.4277992
380.8169861,2363.6499023,54.8112984,259.7319946,216.197998,40.0446014,363.9150085,2545.2700195,64.2349014,203.1679993,206.1289978,29.8969002,183.3390045,39.3824997,17.0622005,144.3930054,51.4944,16.7880993
467.2890015,3300.5,45.9234009,349.8420105,160.8029938,11.7547998,432.1260071,3378.2600098,55.6596985,305.6459961,159.5839996,6.78197,169.0180054,66.268898,20.4405003,146.5910034,83.7646027,18.2381001
299.526001,2480.1799316,36.8532982,259.9119873,210.3769989,39.0932999,256.6910095,2576.6101074,53.8997993,205.6309967,202.3679962,29.3246994,180.7160034,42.9616013,17.0701008,146.1730042,54.6344986,17.1487007
389.7080078,3278.1899414,45.7697983,347.3410034,164.9850006,11.4083996,385.1679993,3201.1101074,51.9875984,289.1900024,154.25,6.3937402,154.0160065,60.2378006,20.0781002,146.8809967,74.009201,17.8810997
522.8359985,2356.4199219,89.8538971,267.928009,287.5629883,50.5948982,543.9219971,2483.6398926,90.2678986,213.1900024,236.2799988,35.2018013,181.8959961,30.8889999,16.7558994,139.4620056,45.1635017,15.3060999
496.6019897,2386.4499512,84.7921982,266.8859863,264.7940063,46.6752014,480.4559937,2465.9699707,89.398201,206.378006,232.3690033,33.1506004,183.7149963,33.8979988,16.8202991,143.9400024,43.3610001,15.8741999
432.2290039,2297.5500488,67.2972031,260.0339966,220.9700012,40.7756996,426.1210022,2526.1000977,71.0643005,201.9579926,209.1139984,30.3050995,184.8370056,37.0113983,17.0760994,143.1869965,49.6478004,16.6627007
347.8900146,2430.0600586,46.8270988,260.4909973,212.625,39.528801,320.4079895,2560.9199219,59.6702995,204.477005,204.8609924,29.6562996,181.7749939,40.8648987,17.0344009,145.3529968,52.7181015,16.8059998
435.1900024,3281.6599121,44.6291008,346.8179932,163.2350006,11.5768995,420.5419922,3356.2199707,54.2932014,302.3959961,161.1130066,6.6971898,159.9880066,63.9996986,20.0561008,145.9600067,79.6688995,17.2180004
549.3809814,2163.5700684,99.2557983,257.4119873,241.4160004,43.7709007,552.6019897,2426.8898926,92.0712967,194.677002,221.1040039,31.7164993,194.0870056,32.3022995,17.0366993,143.2429962,42.6330986,16.5366001
503.105011,2412.0800781,82.5606003,271.2630005,294.2049866,50.3521004,529.5640259,2539.2900391,85.4866028,222.1499939,238.0429993,34.3848991,168.852005,32.0463982,16.7367001,137.2359924,46.7719002,14.1742001
385.5620117,2539.3400879,57.4804001,264.8169861,228.5890045,41.0158997,320.9819946,2560.0200195,66.7605972,209.3809967,217.3639984,29.4235001,159.9579926,39.1212006,16.8764,140.7819977,50.7585983,15.4314003
400.6329956,2423.0400391,58.5489006,262.4979858,214.5619965,39.9269981,393.1080017,2545.1398926,66.0691986,203.6199951,208.5879974,30.0720997,179.2559967,38.5369987,16.8574009,142.8480072,50.7909012,15.5365
262.4620056,2630.6298828,35.5135002,264.9580078,204.8800049,37.9749985,152.6970062,2644.6201172,45.6455002,213.8630066,204.1089935,28.6879005,169.076004,45.6245995,17.1940994,147.9019928,59.1781006,18.2075005
279.0289917,3258.25,41.3855019,343.6539917,170.9859924,11.0761003,290.8999939,3082.5500488,51.9269981,282.4020081,155.0460052,6.1580901,163.9019928,58.7823982,19.8560009,153.197998,70.5558014,20.8080997
323.178009,2521.2099609,40.7696991,263.2749939,204.8379974,38.5283012,276.8670044,2587.3100586,55.0684013,207.1430054,204.1829987,29.4037991,181.621994,41.9412994,16.9419994,149.7700043,52.9513016,17.0513992
357.4490051,3295.2099609,47.8988991,348.5669861,166.7129974,11.5847998,320.5280151,3342.9299316,50.9296989,307.7070007,162.8059998,6.74295,170.0140076,58.0866013,20.4424992,153.2350006,70.9992981,21.1681004
258.2390137,2677.4899902,41.1791992,267.0299988,210.3430023,38.8955002,147.6860046,2638.4399414,48.1512985,215.6490021,206.8390045,29.0550995,164.8890076,45.4276009,17.1991997,146.4409943,58.0073013,17.7527008
179.9089966,3245.7399902,36.5037003,342.5130005,174.4819946,10.9043999,214.0160065,2784.8798828,63.0763016,257.3059998,147.2389984,6.0379601,174.1210022,57.0920982,19.8689995,159.4459991,67.5192032,21.4459
215.2079926,3252.6298828,42.0672989,342.447998,176.0200043,10.9574003,252.2899933,2557.3999023,76.7944031,237.2940063,139.7590027,5.9851198,164.0500031,57.5377007,19.5944996,154.9019928,66.7004013,19.8789005
522.2459717,2303.0300293,91.8349991,261.072998,254.2980042,45.7820015,533.8200073,2441.9499512,89.7174988,199.3809967,225.0090027,32.6486015,188.2409973,31.4034004,17.0832005,139.9940033,44.6124001,16.3969994
228.4810028,3252.5400391,41.7209015,342.4970093,175.9420013,10.9422998,263.0830078,2605.4399414,72.3122025,241.0570068,141.4459991,5.9875498,163.0339966,57.4798012,19.5846004,154.7749939,66.8889008,19.6945
238.746994,3254.8601074,39.5055008,344.0939941,171.4579926,11.1105003,252.8619995,3002.7600098,53.3460007,276.1589966,153.1679993,6.1631498,170.871994,57.6343002,19.8309994,156.7359924,69.0240021,21.4409008
300.6409912,2533.5200195,36.5712013,262.4289856,206.5330048,38.632,244.8619995,2592.6298828,52.5130997,207.6089935,203.4389954,29.2598991,179.4810028,43.0460014,17.0181999,148.128006,54.6313019,17.2094994
401.2579956,2435.8898926,58.9616013,262.9419861,214.076004,39.8153992,394.8089905,2545.8601074,66.0339966,203.8760071,208.8699951,30.0569992,178.5910034,38.4902992,16.7886009,142.4830017,50.6706009,15.1772003
426.3269958,2881.0200195,65.1682968,342.6589966,229.621994,40.2995987,412.6210022,3028.3798828,69.7763977,280.6870117,210.1179962,27.8071995,178.2290039,47.0401993,19.5217991,150.8880005,58.4034996,19.1133995
196.128006,3248.4799805,37.0327988,343.1279907,172.9819946,10.9973001,223.8399963,2898.4599609,57.8308983,267.1560059,150.3849945,6.09799,173.3509979,57.2262001,19.8691998,158.4290009,68.1585007,21.5303001
225.8300018,3252.3701172,42.4995003,342.5159912,175.3079987,10.9951,263.1860046,2599.1398926,76.8796005,240.6999969,140.3580017,6.0057702,163.276001,57.9679985,19.5548992,154.2030029,67.4191971,19.6334
419.446991,2871.2099609,62.2075996,312.6919861,195.1040039,15.8359003,398.1270142,3020.9299316,67.1091003,265.4289856,177.8990021,8.6250496,181.7859955,49.2780991,20.5356998,152.8699951,60.7766991,20.1546001
403.3110046,3273.2099609,44.4499016,347.4379883,166.3249969,11.6206999,401.1459961,3096.7299805,56.7972984,279.6900024,150.2350006,6.4050498,155.6060028,62.1576996,19.8868999,144.7259979,76.9634018,17.1994991
404.4970093,2362.4399414,59.9724007,260.7529907,217.4459991,40.2979012,394.0559998,2538.3601074,67.2025986,202.8350067,207.9940033,30.1035995,182.6399994,38.3190994,17.0233002,143.5240021,50.6829987,16.4379005
350.0409851,2558.2299805,49.5307999,265.4179993,209.4199982,39.6884995,266.5069885,2590.0600586,60.4660988,208.8190002,209.7310028,29.5618992,159.9600067,41.7694016,16.8584995,141.1349945,52.5667992,15.7645998
432.928009,3283.8400879,44.5950012,347.2260132,162.0169983,11.6365004,414.2359924,3360.1101074,53.4384995,301.8399963,160.4660034,6.7182798,161.9129944,64.0518036,19.9584999,146.3040009,79.7235031,17.25
480.5350037,2223.5700684,79.1928024,255.6860046,227.0359955,42.2120018,485.3999939,2460.8100586,79.0557022,195.8540039,212.8269958,31.0629005,188.8450012,35.3895988,16.8976002,144.1940002,46.3381004,16.1991005
328.4750061,3264.2700195,45.5876007,344.9110107,170.8240051,11.1619997,348.0329895,3125.4399414,53.8651009,285.5180054,155.1450043,6.2707801,144.4450073,57.5640984,20.1669006,144.970993,69.710701,17.6956997
408.9920044,3149.7399902,56.213501,386.5299988,240.2599945,42.6517982,402.3770142,3259.0600586,63.4364014,322.0509949,222.6430054,30.0319996,166.098999,49.8563004,19.0569992,146.4629974,63.013401,18.6140003
441.5589905,2724.1398926,71.4690018,296.855011,232.4790039,42.2449989,435.3699951,2771.1599121,74.8628998,245.1600037,214.0169983,29.1126995,175.8370056,42.3456993,18.2707996,143.4450073,52.344799,18.1352005
429.1700134,2472.6101074,65.4641037,263.7000122,231.9140015,41.7709999,411.8320007,2529.6101074,70.7533035,206.5890045,219.3130035,29.8738003,157.0420074,35.3807983,16.6888008,138.2579956,49.0157013,14.6807003
315.3429871,2966.2399902,44.2720985,303.6759949,179.5679932,13.5704002,294.5109863,3036.9099121,54.3651009,269.0249939,176.253006,7.89429,163.5740051,52.2313004,19.2728996,150.6519928,63.4844017,19.2259998
401.2780151,2931.8100586,58.4379997,339.3720093,220.0010071,39.3047981,387.3190002,3033.3100586,63.6362,280.0249939,207.220993,27.5261993,171.822998,47.2094994,18.2686005,146.8800049,61.2794991,19.0942993
349.8970032,2571.5300293,50.4309006,266.2579956,212.8320007,40.1517982,261.4620056,2592.0900879,60.9966011,209.9839935,211.1080017,29.7567005,158.904007,41.656601,16.8777008,140.8040009,52.6235008,15.8164997
271.151001,3023.1298828,41.1094017,319.0660095,175.4029999,11.5316,241.8829956,2859.8798828,58.8333015,253.6900024,158.1779938,6.2557001,165.6439972,54.0661011,19.4587994,152.2140045,64.6912994,19.8237
312.5620117,2578.5300293,44.7472,265.3099976,205.951004,38.7140007,236.947998,2608.4199219,54.4976997,211.2359924,206.3690033,29.1788006,167.9550018,43.1403999,17.0373993,146.3639984,54.0299988,16.8766994
244.7799988,3264.0700684,43.6021996,341.3930054,172.7749939,10.7742996,280.0159912,2750.0100098,70.5317993,251.8130035,142.9140015,5.8305101,159.3419952,57.1111984,19.9815998,149.8699951,67.7740021,18.7066002
481.9179993,2230.7700195,79.6362,255.9470062,227.3890076,42.2672005,486.7009888,2460.4499512,79.3481979,195.8809967,213.2070007,31.0948009,188.5189972,35.2719994,16.8962002,143.9320068,46.3694,16.1609993
466.9519958,2336.2099609,74.1900024,258.2229919,226.121994,42.3634987,473.0,2474.3701172,76.6837997,197.0240021,214.2160034,31.2598991,178.2449951,35.5031013,16.7628002,139.8880005,48.7639999,15.1457996
286.6430054,2589.2800293,37.5251007,264.4500122,204.2169952,38.2000999,202.9869995,2620.3999023,49.698101,211.2630005,204.1580048,28.9726009,173.326004,44.1655998,17.0858002,148.7169952,56.1598015,17.6445007
348.6809998,2582.4299316,51.4513016,267.2200012,217.2839966,40.6758995,262.2019958,2593.5400391,61.2044983,211.5279999,212.4669952,30.030899,159.9179993,41.3431015,16.9137993,141.3099976,52.6530991,15.9806995
436.9890137,2378.8701172,66.6508026,259.04599,219.947998,39.4012985,437.7309875,2512.3100586,71.350502,199.9160004,211.1970062,28.9510994,177.9980011,36.9095993,16.9563007,141.6130066,50.0363007,15.2798004
202.3950043,3078.3601074,38.2616997,329.6520081,177.0070038,10.9143,220.8560028,2783.3300781,60.3249016,254.0160065,153.1009979,6.1995101,171.4279938,54.9179993,20.2437992,159.048996,64.7115021,20.7240009
473.8439941,3298.9099121,45.7210007,349.1539917,162.0480042,11.6760998,440.4710083,3369.8200684,55.7126007,304.6119995,160.0429993,6.7498298,165.9210052,66.0968018,20.3132992,146.6679993,83.2445984,17.9655991
206.6660004,3248.7900391,38.5245018,342.2879944,175.8170013,10.8556995,239.4089966,2691.0300293,65.4787979,248.5429993,144.6719971,5.9858699,169.5209961,57.2450981,19.7609005,158.0670013,67.0543976,20.6583004
469.1990051,3286.5200195,44.9613991,349.9370117,164.951004,11.7257004,439.5320129,3120.6899414,58.6843987,282.5490112,150.2649994,6.4655099,163.1900024,65.6084976,20.1040001,146.0780029,82.4572983,18.0214005
208.5160065,3252.7299805,41.7854004,342.4299927,176.5249939,10.934,245.0310059,2519.7299805,77.1662979,234.1340027,139.0449982,5.9698801,164.8739929,57.3269005,19.6236,155.4459991,66.2853012,20.0865002
303.3850098,3260.6398926,44.5332985,344.3190002,173.3040009,11.0710001,332.9769897,3037.75,57.478199,278.9219971,153.2100067,6.2094698,145.8379974,57.4272995,20.0988998,147.1970062,69.7338028,17.7171001
521.7160034,2151.5800781,89.5495987,255.5,231.7599945,42.7055016,525.6049805,2446.0100098,84.9481964,194.9949951,215.6580048,31.2733994,191.2810059,34.0834999,16.9444008,144.1660004,44.5574989,16.3255997
468.4649963,3283.3500977,44.6815987,349.7200012,165.951004,11.6845999,439.4219971,3074.5500488,60.6512985,278.8340149,149.1869965,6.4400702,162.7570038,65.479599,20.0946999,146.5070038,82.1292038,18.1275997
279.5119934,3261.8000488,42.4297981,345.29599,170.177002,11.2412996,277.8989868,3073.6899414,50.6627007,282.5050049,154.9470062,6.22928,169.3840027,57.8060989,19.7660999,155.5209961,69.4653015,21.3943005
384.696991,2341.0100098,55.9973984,259.1659851,216.9790039,40.132,369.0559998,2542.3999023,64.8414001,202.8619995,205.9750061,29.9123001,184.0059967,39.2066994,17.0806007,144.3549957,51.3352013,16.882
543.4869995,2123.1499023,95.342598,255.7929993,235.0319977,43.0554008,546.2589722,2437.4299316,88.5005035,194.6529999,217.75,31.4283009,192.6000061,33.3260002,16.9715996,144.0630035,43.4998016,16.3885002
253.3500061,2980.0200195,39.9244995,310.8059998,180.0879974,12.1148005,224.7590027,2783.3798828,56.0354996,245.7519989,162.7389984,6.5506802,166.9810028,53.2450981,20.1292,156.1690063,64.5597992,20.2675991
537.460022,2258.2600098,97.5754013,260.4670105,256.0409851,45.5741005,545.78302,2422.9599609,93.6409988,197.3910065,226.0449982,32.460701,196.2160034,30.8719006,17.1634007,142.4329987,42.5840988,16.9720993
256.321991,3252.8898926,42.2594986,342.678009,174.8699951,10.9855003,289.4190063,2743.0700684,67.0127029,252.6119995,145.0740051,6.0290799,159.0890045,57.7635994,19.5109005,153.0650024,68.0643997,19.0461998
198.8939972,3246.3601074,36.646801,342.7929993,173.7180023,10.9179001,227.5570068,2868.5600586,59.0900993,264.2990112,149.6009979,6.0648499,174.4640045,57.4145012,19.8904991,159.5549927,68.3940964,21.5000992
384.2539978,3265.7700195,43.2935982,347.0559998,168.7640076,11.5424004,387.5169983,2942.4399414,64.334198,267.8089905,146.1719971,6.3420601,159.3540039,62.5007019,19.9967995,146.9609985,76.9373016,18.0433006
244.2400055,3251.4899902,40.8689003,342.2130127,175.0579987,10.9146004,279.8619995,2789.3200684,62.9477997,256.5400085,146.7910004,6.0100298,160.7980042,57.4740982,19.5533009,154.423996,67.6473007,19.1973991
382.4440002,3287.4299316,47.3096008,348.6380005,167.3150024,11.7308998,351.7260132,3342.1000977,51.4477997,307.5700073,162.3609924,6.8033299,169.5,58.4337997,20.2975998,153.3800049,71.2612,20.9151993
234.9190063,3252.7600098,42.2104988,342.5969849,175.5090027,10.9738998,269.4349976,2626.1999512,73.0317001,242.8540039,141.6759949,6.0034599,162.2279968,57.7187004,19.5568008,154.154007,67.3218994,19.5352993
246.6640015,3265.9199219,43.8507004,341.6000061,172.4409943,10.7896996,281.1860046,2752.8000488,71.2538986,251.9759979,142.7120056,5.8375902,159.6439972,57.2238998,19.9857006,149.7109985,68.0127029,18.6797009
431.1359863,3278.2700195,44.4189987,348.5320129,165.3029938,11.6861,417.9049988,3112.4099121,57.5303001,281.1539917,150.1549988,6.4374399,159.9149933,63.9934998,19.9766998,145.3470001,79.7600021,17.5382004
272.3529968,3257.8999023,41.1456985,344.0740051,170.6829987,11.1217003,282.9559937,3063.7399902,51.8732986,281.0639954,154.5330048,6.1760602,166.6130066,58.3959007,19.8255997,154.6999969,70.0970993,21.1049004
314.125,2565.1201172,42.8848,264.7730103,205.326004,38.6095009,244.7319946,2604.6298828,54.1319008,210.1450043,205.6970062,29.2315006,171.9459991,42.8656006,17.0006008,147.5119934,53.9476013,16.9748993
331.2990112,3264.0700684,45.723999,344.9660034,171.6600037,11.1476002,352.6910095,3082.8400879,55.9760017,281.553009,153.9810028,6.2582998,142.8800049,57.1008987,20.1086006,144.3190002,69.1565018,17.0046005
314.1940002,3263.6298828,44.3786011,344.7969971,171.9980011,11.1124001,339.9620056,2953.0400391,61.3120995,270.1839905,149.647995,6.2114501,151.3849945,58.3429985,20.1481991,148.3300018,70.4869003,17.8729
407.7720032,3270.8999023,43.8144989,347.7260132,167.5980072,11.5922003,403.3710022,3006.8999023,61.7089996,272.9689941,147.7740021,6.3777699,159.3480072,63.1593018,20.0000992,146.3589935,78.223999,17.8645
500.428009,2361.2099609,81.7985992,262.9140015,253.3470001,46.236599,514.6870117,2480.0,83.4998016,203.7709961,224.9320068,33.1296997,170.8029938,33.0135994,16.7259007,136.0899963,47.9397011,14.6542997
469.8210144,2396.3000488,72.322403,261.855011,234.3540039,41.8013,478.6910095,2510.8999023,76.5319977,202.3800049,218.2640076,30.1769009,161.8630066,35.0164986,16.8048,134.9230042,50.2649994,13.9462996
409.5499878,3273.8000488,44.7080994,345.4729919,164.7039948,11.4791002,406.5050049,3346.8701172,53.8544998,301.8340149,162.1349945,6.6584802,154.7929993,62.0595016,19.9976006,145.3930054,76.8208008,16.9053001
248.848999,3253.5800781,39.3274002,343.6380005,171.6670074,11.0425997,264.506012,3020.4299316,53.1241989,277.2619934,153.5800018,6.14115,169.8580017,58.1431007,19.8675995,156.5639954,69.7640991,21.2898006
248.0449982,3252.8000488,42.8053017,342.7730103,174.7779999,11.0205002,281.2879944,2658.3000488,73.7005005,245.4380035,141.9909973,6.0264101,161.6130066,58.2402,19.5165997,153.4149933,68.1524963,19.3218002
334.2569885,2920.9599609,50.5875015,315.3850098,209.8630066,36.7467003,314.9159851,2947.6899414,58.5467987,265.4909973,203.125,25.7693005,167.6549988,49.1580009,19.0256996,149.8560028,61.4584007,19.2681007
323.8420105,2863.4099121,51.4724007,301.2189941,209.8300018,36.7587013,282.6459961,2886.1101074,57.8871002,253.302002,202.9859924,26.5592995,163.75,48.471199,18.3397007,147.5339966,61.1058006,18.3055992
362.5910034,3295.6398926,48.1367989,348.730011,166.720993,11.6091003,324.7330017,3343.3999023,51.0312996,307.8659973,162.6829987,6.7533898,170.1119995,58.0554008,20.4370995,153.2709961,70.9729004,21.2119007
357.6140137,3262.0300293,43.024601,346.3169861,169.6959991,11.4991999,369.2969971,2904.8500977,65.1294022,264.8370056,145.4649963,6.31391,158.4459991,61.4692001,19.9747009,147.1880035,75.1858978,18.0764008
406.1000061,2523.0800781,68.8292999,271.7770081,246.4299927,43.5936012,347.4460144,2560.3100586,73.4304962,214.1040039,225.220993,31.5720005,168.5440063,37.4057999,16.3882008,142.6660004,48.6268005,15.7967997
355.5390015,2393.1899414,49.0549011,259.5239868,214.3560028,39.7411003,332.0679932,2554.1899414,61.0307007,203.7749939,204.7350006,29.7084999,182.7590027,40.5060005,17.0664997,144.9600067,52.4205017,16.9087009
373.8779907,3278.5700684,47.1055984,346.0599976,164.8560028,11.5978003,369.1849976,3340.0300293,51.7078018,305.8399963,162.6170044,6.71666,155.5440063,59.1162987,20.1534996,148.1959991,71.8300018,19.5678005
385.7369995,2822.6201172,58.3624001,310.6470032,221.6470032,39.1790009,369.2359924,2859.5100098,65.7695999,257.4899902,209.9259949,27.1333008,170.9579926,46.0098991,18.7082996,149.8829956,57.2453003,18.5382996
344.9110107,2594.1398926,59.5845985,270.6149902,234.2100067,41.844799,256.4460144,2581.8999023,65.3171005,214.0500031,219.6690063,30.6243,167.3300018,40.4998016,16.4918003,144.1589966,51.2723999,16.3405991
512.8959961,2358.1699219,87.7962036,266.6650085,273.0650024,47.6277008,510.3619995,2457.7099609,91.3151016,206.5160065,233.904007,33.5895004,187.2200012,32.3160019,16.8323002,143.6439972,43.4541016,15.9561996
469.2380066,3285.5400391,44.8796005,349.8670044,165.3059998,11.7110996,439.7189941,3105.4199219,59.3008995,281.3250122,149.927002,6.45679,162.9859924,65.5571976,20.1005001,146.2169952,82.3417969,18.0541992
304.7900085,2518.9799805,37.3336983,261.9549866,207.5910034,38.7793999,253.9459991,2587.2600098,53.3306007,207.0140076,203.4640045,29.3108006,179.8320007,42.8306007,17.0212994,147.5180054,54.4560013,17.1212997
222.3930054,3264.3898926,43.6118011,341.5270081,172.9700012,10.7691002,262.5119934,2694.8400879,74.5468979,247.3840027,141.1069946,5.8194799,161.2960052,56.9006996,20.0097008,150.503006,67.1697006,18.9626007
273.0690002,2577.1201172,32.364399,262.8359985,205.5930023,38.3857002,197.7149963,2608.7900391,48.7481995,209.3220062,202.7449951,29.0422993,176.9450073,44.424099,17.0685997,148.3390045,56.4337006,17.5482998
400.6740112,2529.1101074,68.9843979,271.7789917,245.7070007,43.4129982,337.2219849,2560.4899902,73.2266998,213.9600067,225.0119934,31.4726009,169.4559937,37.7070007,16.4139996,143.1060028,48.6665001,15.9280996
494.5190125,2304.5300293,82.0479965,258.4519958,232.9680023,43.1938019,501.598999,2459.2800293,81.9597015,196.3710022,217.223999,31.5795002,179.9210052,34.0141983,16.8677998,139.0679932,47.4693985,15.4448004
484.2569885,2249.1499023,80.3695984,256.5409851,228.1779938,42.3983002,489.1220093,2459.9799805,79.8872986,195.9550018,214.022995,31.1700001,187.4440002,35.0153008,16.8908005,143.1940002,46.5259018,16.0494995
200.4049988,3246.0100098,36.6915016,342.6950073,174.0410004,10.8903999,229.4080048,2853.1499023,59.6935005,262.8840027,149.2050018,6.052,174.6569977,57.4401016,19.8908997,159.9160004,68.3937988,21.4566002
307.4429932,3027.2099609,43.6991997,319.1390076,174.496994,11.6231003,265.9710083,2930.6599121,55.6493988,259.651001,160.4730072,6.30791,163.4609985,53.7980003,19.4181995,150.9290009,64.6744003,19.7035007
431.1919861,3276.9699707,44.2891006,348.5069885,166.1210022,11.6569004,418.1499939,3074.9699707,59.2714005,278.3959961,149.3139954,6.4200301,160.1970062,64.0347977,20.0118999,145.8289948,79.7845993,17.7362995
326.0190125,3031.2099609,45.3031006,319.54599,172.4299927,12.3072004,276.6830139,3164.6000977,54.2659988,280.3280029,169.4019928,6.8393102,163.496994,53.6251984,18.9113998,149.5180054,64.7501984,19.4503994
274.2309875,3254.3898926,42.6759987,342.6499939,174.8269958,10.9837999,308.5700073,2933.3500977,59.5127983,270.0109863,151.0780029,6.06428,151.8419952,57.6190987,19.4452991,151.0200043,69.3226013,18.4484005
238.3899994,3252.0700684,42.8578987,342.6359863,174.7030029,11.0293999,274.6019897,2629.4399414,77.0009003,243.0590057,140.6929932,6.0228801,162.9369965,58.4790001,19.5214996,153.6869965,68.1978989,19.4561996
404.6140137,2351.6799316,60.1862984,260.428009,217.7920074,40.3297997,393.7420044,2537.5700684,67.2833023,202.7409973,207.8170013,30.0972004,183.1820068,38.3060989,17.0410004,143.6439972,50.6615982,16.5498009
523.8900146,2163.7199707,90.6204987,255.9589996,232.8950043,42.8479996,527.7609863,2444.1799316,85.7425003,195.0070038,216.4609985,31.3400993,191.1860046,33.8312988,16.9515991,143.8070068,44.4617004,16.3097992
305.9259949,3261.2299805,44.4861984,344.4419861,172.8899994,11.0819998,334.7409973,3007.4599609,58.607399,275.7390137,151.9859924,6.2087102,147.5709991,57.6011009,20.1138992,147.5540009,69.7820969,17.7322998
315.3599854,2625.2299805,54.0430984,269.8580017,227.7610016,40.9716988,216.8509979,2595.1101074,60.5915985,214.2449951,216.4470062,30.1571007,166.1300049,42.0107994,16.5345993,144.7680054,52.9123001,16.5769005
224.2779999,3248.8100586,37.5522995,343.1560059,172.7610016,10.9511003,246.2100067,2959.6000977,55.2761002,271.9609985,152.0859985,6.09899,173.4579926,57.8380013,19.9037991,158.8679962,69.3264008,21.4764996
513.2670288,2241.7299805,88.9697037,257.552002,235.1519928,43.2402992,518.8250122,2445.1699219,85.5547028,195.4210052,217.8930054,31.5237999,188.0460052,33.3622017,16.9643993,141.6569977,45.3452988,16.1264
477.2520142,2449.6398926,78.7384033,268.8930054,274.0620117,48.6801987,473.7269897,2503.2399902,83.5659027,213.5149994,233.5050049,34.2307014,173.3990021,33.4042015,16.6343002,140.8540039,46.0471992,15.0944004
324.0780029,3265.1398926,44.9359016,344.822998,169.5079956,11.177,339.2690125,3149.7099609,52.5181007,287.7850037,155.5679932,6.2772102,149.2440033,58.8777008,20.3274002,146.0209961,70.9729004,18.9344997
449.32901,3280.3999023,44.4716988,349.1329956,165.8820038,11.677,428.7099915,3079.5300293,59.8036003,278.9899902,149.3280029,6.4332199,161.6869965,64.8274002,20.0589008,146.1320038,81.069603,17.9263992
528.5789795,2317.0400391,92.5164032,264.6719971,274.7539978,47.4272003,533.6119995,2431.7900391,92.9627991,201.9880066,232.572998,33.3712997,196.5090027,29.7548008,17.0002995,143.7550049,44.3294983,16.9836998
350.3349915,3262.8601074,43.6627007,345.9509888,169.8200073,11.4863997,365.3179932,2957.1799316,61.3792,269.2630005,147.4589996,6.3181701,154.7660065,60.2817993,19.9176006,146.1829987,73.6837997,17.6965008
510.7929993,2233.0700684,88.0807037,257.2160034,233.7050018,43.0480995,516.0130005,2447.1999512,84.7843018,195.4219971,217.1490021,31.4433002,188.3529968,33.6640015,16.9480991,142.1580048,45.4093018,16.1231003
418.2980042,2519.8100586,67.4182968,268.1010132,254.6380005,45.7005005,383.3059998,2530.5100098,76.5830994,212.0930023,229.2579956,31.6023006,171.6349945,36.5354996,17.0394993,141.2149963,47.4323997,15.7969999
548.7329712,2224.6899414,99.2970963,260.7950134,259.6650085,45.5485001,553.8939819,2412.2299805,96.665802,196.6730042,228.2680054,32.4443016,198.9080048,31.3733997,17.0916004,144.4140015,41.1414986,16.8043003
284.70401,2804.3701172,47.2316017,286.8309937,215.0919952,38.0896988,229.3439941,2749.7600098,55.9215012,233.7830048,207.4029999,28.7231007,169.8190002,46.9575005,17.3234997,150.9179993,59.1828003,18.1886997
378.5180054,3303.7199707,48.7237015,349.67099,166.3950043,11.6336002,330.4859924,3347.4199219,51.3764992,308.0,162.1970062,6.76717,171.5469971,58.5359001,20.4594994,153.2460022,71.9938965,21.1306992
436.5450134,2434.1101074,65.9878006,261.7590027,225.8809967,40.5541,435.3590088,2524.9399414,71.0626984,203.5010071,215.1159973,29.5342007,166.4810028,36.3978996,16.7542,138.447998,50.2244987,14.2702999
462.9039917,2302.1899414,74.3895035,257.1570129,225.322998,42.1365013,467.5669861,2470.6298828,76.5002975,196.6880035,212.927002,31.0937004,184.3289948,35.7481003,16.8332996,142.5879974,47.8054008,15.7707996
350.6260071,2544.3200684,49.3749008,265.196991,209.8439941,39.6301003,281.678009,2586.9199219,59.9514008,208.798996,209.1649933,29.6431999,164.0829926,41.3880997,16.8682995,142.6499939,52.3786011,15.8879004
295.45401,3270.1398926,43.8279991,345.4259949,167.7070007,11.4032001,287.1369934,3332.3300781,50.100399,306.3460083,164.5910034,6.6588602,168.4940033,57.7825012,20.4330997,153.6009979,69.8199997,21.0515003
357.0100098,2382.3400879,49.5419998,259.2120056,214.7570038,39.7854996,334.4920044,2552.6000977,61.3138008,203.5930023,204.6230011,29.7145996,183.0570068,40.4360008,17.0751991,144.901001,52.3520012,16.9452991
521.6920166,2377.2700195,89.038002,270.8049927,302.0400085,52.7403984,544.5939941,2499.7399902,90.6026993,219.0740051,241.1069946,36.3137016,180.7590027,30.6905994,16.656601,139.6139984,45.1954994,15.0354996
479.6319885,2427.3200684,80.8703003,267.526001,265.1700134,46.9726982,463.5710144,2481.1101074,86.0570984,208.5449982,231.7810059,33.3195992,179.598999,34.1328011,16.7639999,143.0690002,44.6492996,15.6688995
425.0339966,2511.6699219,68.2386017,268.1149902,256.2820129,46.0261993,394.25,2531.3400879,76.7913971,212.5859985,229.6609955,31.7761002,170.5330048,36.1291008,17.0081005,140.6750031,47.4836006,15.6389999
455.0020142,2683.6101074,72.9111023,293.4079895,235.4609985,43.0584984,445.196991,2707.5800781,76.3789978,238.7230072,214.3359985,29.6439991,177.0279999,41.2131996,17.8805008,145.9909973,51.2897987,17.9603004
415.7999878,2517.7800293,64.6402969,266.7160034,244.3509979,42.9704018,373.7399902,2548.5200195,72.0085983,211.7220001,223.0110016,30.4393005,163.1679993,36.9838982,16.8701,140.7640076,49.270401,15.3304996
357.2929993,3270.7600098,46.5219002,345.7130127,164.5399933,11.3704004,370.6579895,3187.1398926,51.5700989,290.947998,155.0,6.3548398,147.0740051,59.6651001,20.2203999,145.4929962,72.1315002,19.1035995
349.1069946,3270.2299805,44.8302994,345.743988,170.098999,11.1966,365.0419922,2983.5300293,61.5298996,271.8680115,149.447998,6.2541499,153.1300049,59.7453003,20.1618996,147.7220001,72.6769028,17.6989002
287.5480042,3261.6999512,42.6783981,344.9559937,169.9149933,11.2249002,289.7250061,3085.0100098,50.8419991,283.2709961,155.0200043,6.22191,166.9689941,58.1559982,19.7693005,154.6130066,69.8728027,21.2173996
250.1119995,3252.3400879,41.653801,342.4729919,175.0749969,10.9521999,284.572998,2757.5200195,65.2991028,253.8849945,145.7299957,6.0187101,159.6139984,57.5764999,19.5301991,153.621994,67.8057022,19.1177998
316.7640076,3278.9399414,45.4062004,346.447998,167.2859955,11.4637003,299.5629883,3335.8500977,50.3403015,306.821991,163.9880066,6.68609,168.3699951,57.8614998,20.4321995,153.2810059,70.1408005,21.0771999
541.4949951,2111.9499512,94.2232971,255.3370056,233.7689972,42.9071007,544.335022,2439.5700684,87.6259003,194.6390076,216.9109955,31.3614998,192.4680023,33.5634003,16.9626999,144.322998,43.6693001,16.3868999
432.0690002,2460.0100098,65.5619965,263.2619934,230.9759979,41.6010017,420.9760132,2529.6201172,70.7649994,206.0800018,218.3280029,29.8731003,159.3119965,35.5666008,16.7064991,138.2380066,49.3732986,14.5472002
316.0910034,3264.4299316,44.2602997,344.868988,168.852005,11.1836996,326.9960022,3157.0600586,51.6464005,288.7529907,155.826004,6.28333,153.7929993,59.4243011,20.4682007,147.1849976,71.2839966,19.9101009
403.3469849,2395.6298828,59.2019997,261.7269897,216.0500031,40.1428986,394.6839905,2541.5400391,66.7444,203.1750031,208.4100037,30.1061993,180.6840057,38.4067001,16.9473991,143.1049957,50.7687988,15.9951
177.0789948,3246.2299805,36.3655014,342.6749878,173.8880005,10.9450998,211.1679993,2823.9199219,61.4146004,260.7890015,148.2969971,6.0612502,174.0240021,57.0112991,19.8717995,159.0540009,67.5587997,21.5158997
469.9150085,2414.5100098,73.1324005,264.1090088,245.8150024,43.4737015,480.631012,2519.8500977,77.1182022,207.2059937,222.3800049,30.9449005,162.6759949,34.3319016,16.7703991,136.2259979,49.2745018,14.1341
359.1480103,3271.0900879,46.1661987,346.0119934,167.0410004,11.3125,368.4639893,3175.1699219,52.1982994,288.9389954,155.0140076,6.3422899,148.447998,58.9788017,20.1748009,145.7400055,71.6531982,18.2665997
191.9369965,3253.1101074,40.8768005,342.8770142,179.3849945,10.8639002,223.2050018,2256.1398926,80.6684036,211.098999,133.1040039,5.8921199,168.4149933,56.8606987,19.7607002,157.5399933,65.2210999,21.2145996
517.0269775,2260.6298828,90.4100037,258.2460022,238.6660004,43.7070999,523.5079956,2440.8500977,87.0514984,195.5339966,219.4519958,31.7089996,187.7940063,32.7111015,17.0163994,140.7259979,45.1671982,16.2154007
219.9830017,3249.5,37.6479988,343.2669983,172.602005,10.9878998,242.2059937,2951.0200195,55.5746994,271.3869934,151.8159943,6.10816,172.8430023,57.6958008,19.8834991,158.3029938,69.0345001,21.4729004
183.7440033,3247.2299805,37.6096001,342.3469849,175.6880035,10.8685999,218.2279968,2676.5700684,67.4357986,247.8809967,144.2850037,5.9962802,172.3800049,57.0512009,19.8244991,159.0420074,66.8902969,21.1837997
277.5369873,2641.9399414,44.9936981,266.8869934,207.1829987,38.5359993,186.0740051,2631.2099609,50.8212013,215.6089935,206.2290039,28.9080009,164.8509979,44.7061005,17.2378998,147.2819977,55.8875008,17.5370998
412.9970093,3286.0100098,45.7252007,347.803009,163.5610046,11.6812,388.9020081,3354.6499023,52.5070992,303.9339905,161.0319977,6.75104,164.6289978,61.9294014,20.0729008,148.673996,76.5329971,18.6040001
285.4769897,2818.0700684,47.4855003,287.7640076,215.4830017,38.1388016,234.4219971,2756.1799316,56.2509995,234.8359985,207.5599976,28.7476997,170.6349945,47.1749001,17.3470001,151.3040009,59.5209999,18.2929001
395.2009888,2488.9199219,57.3279991,262.1499939,218.1959991,39.6361008,361.3569946,2547.7399902,65.4153976,205.246994,212.7079926,28.9533005,164.9190063,38.4463005,16.7975006,141.1699982,50.8297997,15.0375004
360.7720032,3288.1201172,47.9902992,348.0650024,167.0160065,11.6478004,333.151001,3339.4799805,50.9622993,308.0769958,162.8769989,6.7659101,167.6999969,57.6332016,20.3810005,153.173996,69.9868011,21.3374996
431.7200012,2288.3898926,67.2707977,259.7399902,221.0160065,40.7673988,425.2019958,2526.0700684,70.9598007,201.9149933,208.8679962,30.2870007,185.2050018,37.0441017,17.0851994,143.3370056,49.6561012,16.7383995
248.1499939,2909.4899902,37.0918999,312.598999,203.7030029,34.8555984,207.9750061,2999.8798828,50.8745003,269.4079895,201.3470001,24.7259998,164.0579987,51.8558998,18.1837006,148.7669983,63.2952995,18.4542007
325.0780029,2448.8000488,42.0872993,260.0440063,211.6620026,39.3319016,290.7200012,2567.8200684,56.9679985,204.9400024,203.5679932,29.4953003,181.4579926,41.8578987,17.0569,145.7519989,53.6111984,16.9979992
282.6099854,2544.6799316,33.3623009,261.8110046,207.1580048,38.6436005,221.3059998,2595.5400391,50.6506004,207.7630005,202.5930023,29.1658001,178.7180023,43.8414001,17.0538006,147.5740051,55.6277008,17.3216991
270.1910095,3265.0100098,43.9178009,341.3800049,172.1289978,10.7974997,300.6799927,2832.0400391,66.4080963,258.4660034,145.1940002,5.8536401,156.6419983,57.3707008,19.9454002,148.6840057,68.6641998,18.3050003
232.1990051,3252.2299805,42.6917992,342.5740051,174.9859924,11.0129995,269.0899963,2615.9899902,76.9093018,242.0249939,140.5650024,6.0149398,163.0460052,58.2206001,19.5370998,153.9160004,67.8136978,19.5340004
379.5859985,3295.9899902,48.2895012,349.8829956,168.0540009,11.7501001,333.9620056,3343.6000977,51.3251991,308.9570007,162.3609924,6.8247499,174.852005,57.6935005,20.4428997,155.3339996,70.5376968,21.7742996
405.3269958,2801.6101074,62.0969009,311.1830139,224.4299927,39.4580994,390.8059998,2852.9799805,68.1244965,257.3819885,211.2330017,27.2840004,172.7640076,45.1655006,18.7049999,150.0299988,56.243,18.6026993
353.1600037,2922.0500488,50.1523018,320.3569946,212.4600067,37.1789017,330.901001,2965.4399414,59.9785995,271.1879883,205.2910004,26.1562004,168.3930054,48.6797981,18.6254005,148.9660034,60.7817001,19.0153999
380.8389893,3266.0300293,43.4668999,346.9259949,168.7019958,11.5415001,385.5910034,2959.7299805,63.0252991,269.2009888,146.7920074,6.34448,158.3439941,62.1253014,19.9773998,146.6459961,76.4516983,17.9104996
236.0010071,3250.3999023,39.5969009,342.1619873,174.9649963,10.8808002,270.1549988,2848.2099609,59.7829018,261.9219971,148.8289948,6.01685,163.2799988,57.5181999,19.6453991,155.677002,68.0936966,19.6954994
258.3190002,3253.1999512,40.1912003,342.7799988,173.5970001,10.9288998,281.7990112,3009.0100098,54.7854996,276.0830078,153.4830017,6.0839701,162.9129944,58.1668015,19.7882004,154.5079956,69.9804993,20.1833
260.7149963,2824.1699219,43.2146988,285.9179993,211.4900055,37.5175018,198.1340027,2756.2800293,52.7709999,233.6499939,205.3150024,28.3941994,169.5740051,48.1921997,17.3558006,151.4980011,60.1828995,18.3589001
392.9670105,2501.6499023,56.8269005,262.5740051,219.128006,39.9026985,346.5769958,2550.9099121,65.5634003,205.848999,213.7160034,28.9839993,160.8760071,38.605999,16.7943001,140.3480072,50.8156013,15.0761995
438.5830078,2499.5700684,70.8401031,268.1270142,255.9550018,44.1651993,406.7099915,2536.5800781,77.072998,212.8059998,227.3130035,31.0452995,168.9830017,35.8115005,16.9279995,141.720993,47.9239998,15.5303001
389.6610107,2870.5700684,59.5788994,316.2720032,217.9140015,38.7346001,368.4249878,2927.6599121,65.7712021,262.4060059,207.1119995,26.8479004,171.4589996,46.8471985,18.1278,148.5050049,57.7929001,18.6597996
309.3840027,2602.5700684,47.4269981,266.375,208.0059967,39.0400009,226.9989929,2610.9499512,55.469799,212.8869934,207.6080017,29.2194004,163.6499939,43.3658981,17.0890999,145.2819977,53.766201,16.7523994
254.6629944,2874.4599609,41.9688988,301.480011,203.9069977,35.5689011,196.1869965,2914.8400879,51.5591011,256.0870056,199.0780029,26.6844997,162.7400055,50.3513985,17.7385006,148.2870026,62.6563988,18.2903996
551.0360107,2178.6699219,100.5579987,258.0859985,245.0980072,44.1585007,554.632019,2421.3898926,93.6596985,194.776001,222.6790009,31.8600998,195.5690002,31.8500996,17.0799999,143.2109985,42.1074982,16.6928005
475.1700134,3297.5800781,45.6691017,348.8009949,162.6139984,11.6395998,443.1679993,3366.3300781,55.7653008,304.2749939,160.2879944,6.7354202,164.6060028,65.9008026,20.2798996,146.7200012,82.8619995,17.8750992
506.3569946,2207.3000488,86.3264008,256.3439941,231.1649933,42.6982002,510.9580078,2450.5600586,83.3318024,195.4060059,215.5749969,31.2849007,189.4539948,34.2545013,16.9293995,143.3549957,45.3961983,16.1942997
503.6180115,2400.9899902,85.0807037,268.8200073,282.2780151,49.4123993,508.67099,2484.9599609,88.5101013,212.5140076,236.0839996,34.5592003,180.871994,31.9864006,16.7133999,141.6909943,44.9286003,15.4406996
405.0559998,3272.0900879,44.1688995,347.5799866,166.9700012,11.6084003,402.2009888,3055.9299316,58.9365005,276.7269897,149.1670074,6.39259,157.4559937,62.6383018,19.9487,145.5050049,77.5878983,17.5233002
260.375,2686.4599609,41.8781013,267.4979858,212.9109955,39.3348999,150.4230042,2632.7199707,49.3284988,215.5090027,207.9320068,29.2782993,164.7949982,45.084301,17.1660004,145.875,57.5409012,17.5569
355.3120117,2527.9499512,49.719799,264.8699951,210.1569977,39.587101,300.3460083,2581.5900879,60.1161995,208.1869965,208.7640076,29.7278004,168.0720062,40.8788986,16.8504009,143.6580048,52.0727997,15.8894997
292.3959961,2563.0900879,35.8959999,263.4670105,204.5390015,38.3345985,223.673996,2605.7900391,50.8526993,209.1710052,203.5070038,29.1312008,177.8580017,43.5637016,17.0310001,149.2440033,55.1674995,17.4631996
523.5280151,2335.4799805,90.7060013,265.9970093,277.5700073,48.0435982,528.1309814,2445.7099609,92.4576035,205.1439972,234.1490021,33.7411995,192.322998,30.6324997,16.9034996,143.5429993,44.0257988,16.4295998
475.9070129,2431.0300293,80.4656982,267.42099,262.8609924,46.6423988,456.0369873,2480.2299805,85.8811035,208.0090027,231.2980042,33.1547012,179.7559967,34.5080986,16.7770004,143.3650055,44.5253983,15.7275
185.9120026,3249.8200684,39.0564995,342.3800049,177.0019989,10.8597002,219.8789978,2527.4799805,72.884201,234.9429932,140.2519989,5.9548202,170.4589996,56.9351006,19.7796993,158.3110046,66.0174026,21.0396004
395.197998,2534.8500977,70.325798,271.9240112,245.503006,43.2408981,324.7669983,2558.6201172,73.612999,213.677002,225.1990051,31.3775997,171.3630066,38.0180016,16.4517002,143.8009949,48.4878006,16.1238995
358.7290039,3261.8100586,42.9315987,346.3649902,169.6990051,11.5003004,369.9339905,2896.6201172,65.7938004,264.1549988,145.1490021,6.3129001,158.9290009,61.6469994,19.9829998,147.3209991,75.4080963,18.1334991
266.5369873,2603.3500977,32.9109001,263.769989,204.8410034,38.1960983,176.3419952,2622.7199707,47.2275009,211.0720062,203.1519928,28.9092007,174.1459961,44.9744987,17.1060009,148.4989929,57.4580002,17.7973995
262.9859924,3258.4399414,41.080101,344.5910034,170.7030029,11.1704998,270.1359863,3046.3701172,51.8171005,279.9450073,154.220993,6.1947598,169.2660065,57.8647003,19.8017006,155.7799988,69.4309006,21.3584003
317.2160034,2642.1999512,50.260601,268.8890076,222.0399933,40.9584999,223.8419952,2606.9399414,58.0234985,214.6179962,213.1340027,30.1567001,163.4190063,42.0744019,17.0386009,143.345993,54.2271004,16.7042007
404.1990051,3272.5900879,44.3065987,347.5150146,166.6799927,11.6148005,401.7359924,3075.5600586,57.8965988,278.1809998,149.6940002,6.3986301,156.6060028,62.4168015,19.9216995,145.1360016,77.3035965,17.3731995
374.1839905,2890.3701172,56.0026016,313.1830139,215.0789948,38.1379013,360.6029968,2901.1999512,63.3634987,262.1000061,206.1470032,26.5408993,170.3480072,48.0920982,18.8290997,150.6459961,59.2517014,19.0007992
425.6229858,3285.1999512,45.0012016,347.5390015,162.2369995,11.6672001,403.8599854,3359.3100586,52.9230003,302.4339905,160.4909973,6.7349601,163.4779968,63.3457985,19.9741001,147.2610016,78.6556015,17.7441006
337.3659973,3265.7199707,45.4250984,345.2189941,170.951004,11.1658001,357.4719849,3057.0500488,57.2972984,278.7600098,152.6009979,6.2580299,146.2100067,57.9277992,20.1081009,145.5500031,70.3753967,17.1840992
501.9030151,2377.3999023,85.6465988,266.8150024,267.2319946,46.9592018,490.1270142,2463.7900391,89.9894028,206.4609985,232.8350067,33.2823982,184.5540009,33.4430008,16.8199005,143.8240051,43.3577003,15.8723001
551.8070068,2187.5300293,101.1149979,258.5549927,247.8370056,44.4362984,555.6989746,2417.9799805,94.6381989,194.9450073,223.7799988,31.9648991,196.697998,31.6009007,17.1056995,143.3430023,41.7487984,16.7975006
197.3959961,3246.9699707,36.7162018,342.894989,173.4450073,10.9464998,225.8800049,2879.25,58.6665993,265.3190002,149.8699951,6.07657,174.048996,57.3599014,19.8841,159.1170044,68.3231964,21.5147991
537.0889893,2242.9799805,97.9497986,259.1000061,249.2449951,44.7322006,543.7670288,2419.2299805,93.0394974,195.3569946,223.6060028,32.0388985,196.677002,31.1243992,17.2068996,142.3999939,42.5769997,17.1000996
287.17099,3259.0300293,42.218399,344.2189941,171.8809967,11.0403004,298.1029968,3125.3300781,52.3260002,286.0400085,155.9179993,6.22613,158.5440063,59.0632019,20.5830002,148.8529968,70.7362976,20.1940994
550.4760132,2212.6799316,100.4990005,260.0069885,255.6390076,45.2114983,555.4569702,2413.6398926,96.1977005,196.0630035,226.7330017,32.293499,198.4450073,31.3071003,17.1161995,143.9069977,41.2480011,16.8710995
350.1010132,3287.5500488,47.4957008,347.6380005,166.779007,11.5760002,324.2200012,3339.8601074,50.8424988,307.5780029,163.128006,6.7335701,167.4799957,57.9096985,20.4053001,152.7819977,70.3909988,21.1504993
311.9259949,3270.6699219,44.6861992,345.1860046,167.2929993,11.4198999,307.1659851,3333.6699219,50.5345001,306.3880005,164.4199982,6.6596098,164.8930054,58.2055016,20.3997002,152.2460022,70.2331009,20.8749008
519.5360107,2272.3200684,91.4425964,258.7260132,241.848999,44.1076012,526.90802,2436.8300781,88.2217026,195.7140045,220.6580048,31.8544998,188.6620026,32.1926994,17.0788994,140.404007,44.8568001,16.4057007
353.6610107,3262.3400879,43.2649994,346.1480103,169.7559967,11.4932003,366.9679871,2925.0300293,63.5112,266.5299988,146.2640076,6.31494,157.0200043,60.9524002,19.9510002,146.8200073,74.5190964,17.9249001
265.0690002,3258.0400391,41.0177994,344.4089966,170.7100067,11.1534996,273.7279968,3049.3500977,51.903801,280.0830078,154.2449951,6.18787,168.5599976,58.0229988,19.8094997,155.5399933,69.6250992,21.2931995
461.131012,2293.0900879,74.1055984,256.8479919,225.0460052,42.0760002,465.5820007,2470.2900391,76.2979965,196.628006,212.5180054,31.052,185.3970032,35.8647995,16.8449001,143.1439972,47.6380997,15.8882999
252.3690033,2901.4699707,41.4793015,302.5379944,202.8410034,35.3788986,198.8209991,2930.6398926,51.3992996,258.07901,198.2089996,26.5524998,163.1119995,51.0331001,17.7852001,148.5279999,63.3785019,18.4270992
541.1560059,2120.1101074,94.4601974,255.5700073,234.2310028,42.9640999,544.03302,2438.9799805,87.8676987,194.6690063,217.2310028,31.3876991,192.4450073,33.4827995,16.9655991,144.1840057,43.6497993,16.3824997
377.0490112,2395.5400391,53.4353981,260.6279907,214.8569946,39.8949013,359.0130005,2549.4899902,63.4784012,203.6199951,206.4129944,29.8792,182.2630005,39.5658989,17.0233994,144.470993,51.6376991,16.5965996
315.0029907,2551.8798828,41.0845985,264.2770081,204.2100067,38.4516983,253.3569946,2599.8798828,53.9231987,209.0110016,204.7890015,29.2807007,176.7599945,42.577301,16.9696007,149.2779999,53.5798988,17.1236992
433.5899963,2316.6899414,67.3591995,260.6419983,220.8439941,40.7907982,428.7470093,2526.0700684,71.2958984,202.0240021,209.628006,30.3449001,183.8339996,36.9429016,17.0517998,142.7769928,49.6450005,16.4636993
355.618988,3270.6201172,46.2775993,345.8420105,166.3690033,11.3268003,366.7579956,3179.5600586,51.8889999,289.8999939,155.1450043,6.3442702,148.348999,59.2476006,20.218399,145.8339996,71.7640991,18.7471008
374.4129944,3272.8200684,45.2977982,346.2980042,168.1529999,11.2660999,382.8210144,3096.5100098,56.6809006,280.5079956,152.2510071,6.3078198,149.8390045,59.7999001,20.0916004,145.5330048,73.2754974,17.0277996
298.5899963,3273.8601074,44.8384018,342.3169861,170.3540039,10.8746996,318.8240051,2869.3601074,67.1931,260.9859924,145.1170044,5.8927302,157.9329987,58.3625984,19.9582005,147.8509979,70.5279007,18.1252003
263.1069946,2704.9099121,42.5527992,268.3989868,217.5119934,40.0396004,152.1519928,2625.7600098,50.9435005,215.5269928,209.8470001,29.6352997,165.0670013,44.4860001,17.1247005,145.0769958,57.1217995,17.3504009
287.230011,2579.1799316,36.1580009,263.9639893,204.2169952,38.2400017,209.5619965,2614.1298828,49.9235992,210.2740021,203.723999,29.0391998,175.6820068,43.9650993,17.0590992,149.1100006,55.7985992,17.5907993
378.4530029,3004.8999023,53.2141991,339.5559998,219.1119995,38.6372986,356.1640015,3082.6699219,60.7064018,287.8110046,210.7039948,27.3635006,162.1829987,49.1901016,17.6508007,144.1609955,61.2663002,18.0874996
450.3819885,3301.6899414,46.5750999,350.3039856,161.5500031,11.7950001,410.0249939,3375.75,54.8367004,306.6560059,159.8029938,6.8056898,171.878006,64.7907028,20.4831009,148.2180023,81.6163025,19.0163994
204.2259979,3247.75,37.9141006,342.3869934,175.3650055,10.8599005,236.0379944,2742.9099121,63.8479004,253.2100067,146.1519928,6.0051899,171.0339966,57.3126984,19.8047009,158.6790009,67.5382004,20.9067001
461.9030151,2463.5500488,76.5541992,267.8890076,263.7739868,47.0917015,444.2770081,2496.7600098,82.3871994,210.4290009,230.6849976,33.4035988,174.7299957,34.6050987,16.7005005,142.1130066,45.9025002,15.4222002
433.5889893,3282.3999023,44.5623016,346.947998,162.6309967,11.6014004,417.6340027,3357.9299316,53.8478012,302.0289917,160.8159943,6.7052798,160.5039978,63.9972992,20.0016994,145.9720001,79.6603012,17.1623001
330.4079895,2418.8000488,43.6380997,259.1719971,212.9459991,39.486599,300.5090027,2562.0500488,58.0166016,204.2920074,203.3339996,29.5300007,182.2429962,41.5965996,17.0771999,145.4029999,53.3488007,17.0449009
273.8670044,3273.9499512,44.7397995,342.3819885,170.951004,10.8534002,300.0379944,2805.4499512,71.0233994,255.9459991,143.2539978,5.87357,159.8580017,58.0259018,19.9869995,148.7709961,69.6854019,18.4379997
444.1140137,2824.2099609,68.4439011,341.4360046,232.3919983,40.7374001,425.3439941,3005.4499512,72.1372986,278.0329895,211.6199951,28.0527,180.2940063,46.362999,19.4953995,150.8339996,57.3847008,18.9468994
276.8349915,2631.0800781,43.6809006,266.4150085,204.5850067,38.0503006,185.4689941,2636.9899902,49.6529007,215.7050018,205.0939941,28.6798,165.7929993,44.9059982,17.2749996,148.1170044,56.3773003,17.7838001
516.8590088,2388.75,87.8451996,270.7940063,299.3989868,52.1565018,535.3610229,2497.4399414,90.1348038,218.1410065,240.6490021,35.9942017,180.9830017,30.8595009,16.6578999,140.3419952,45.1735001,15.1513996
300.0620117,3262.4499512,43.2835007,344.5859985,169.404007,11.2152996,305.9339905,3105.4399414,50.9533005,284.7630005,155.2850037,6.2162099,162.9629974,58.6474991,19.7637997,152.8410034,70.4485016,20.8880997
369.1340027,3279.4499512,47.4757004,346.2120056,164.595993,11.6237001,363.9760132,3338.6101074,51.4673996,306.6210022,162.6000061,6.7279401,156.2149963,58.8069,20.1940994,148.901001,71.256897,20.1082001
374.8439941,3273.5100098,45.1604004,346.3670044,168.3670044,11.2639999,383.178009,3070.6599121,58.0541992,278.4760132,151.4299927,6.3007698,151.5650024,60.2088013,20.1198006,146.2180023,73.7764969,17.2324009
376.0409851,2556.4099121,63.1362,270.927002,238.5890045,42.5681,302.5880127,2572.3400879,68.8990021,213.8630066,221.8549957,31.0228004,166.7169952,39.0304985,16.4277992,143.1289978,50.0489998,15.9934998
343.7709961,3279.8601074,46.8959999,346.3699951,166.3150024,11.5384998,332.0079956,3337.4799805,50.9056015,307.0929871,163.4440002,6.70713,162.8280029,58.2331009,20.3537998,151.3609924,70.4456024,20.8512993
377.5130005,2376.5900879,53.8846016,260.0100098,215.6360016,39.9749985,359.644989,2547.3400879,63.7313004,203.3639984,206.1170044,29.8766003,182.9539948,39.5345001,17.0513,144.4620056,51.6208992,16.7415009
407.3420105,2328.9399414,61.1576004,259.8479919,218.5410004,40.4076996,396.5369873,2535.3601074,67.7222977,202.5119934,207.6080017,30.1021996,184.0859985,38.1755981,17.0671997,143.7649994,50.5386009,16.7098007
434.5499878,2448.0100098,65.6684036,262.7359924,229.6580048,41.2633018,428.3349915,2529.3300781,70.9728012,205.3040009,217.0449982,29.8034992,162.9190063,36.0187988,16.7392006,138.3769989,49.858799,14.4183998
355.7170105,3287.8701172,47.7811012,347.8049927,166.7899933,11.6080999,329.3739929,3339.8898926,50.9196014,307.7829895,162.9909973,6.7471499,167.2749939,57.8185997,20.3917007,152.8150024,70.2521973,21.2078991
312.0,2797.8000488,52.092701,288.9309998,219.8540039,38.7997017,269.7200012,2750.0800781,59.7190018,235.1929932,209.951004,29.1278,171.4609985,45.7883987,17.3188992,150.8139954,58.5756989,18.1632004
436.394989,3281.0600586,44.6954994,346.6879883,163.723999,11.5537996,422.7420044,3354.7700195,54.6304016,302.6369934,161.345993,6.6897802,159.6799927,63.9720001,20.0944004,146.0879974,79.6320038,17.2852993
229.5939941,2864.9699707,38.9440002,294.178009,205.6049957,35.6445999,164.1790009,2864.6201172,49.1657982,247.5180054,201.1410065,27.4424,165.7590027,50.3791008,17.7513008,148.8079987,62.3482018,18.3896008
398.9060059,2545.8798828,64.8336029,268.2690125,251.0019989,45.0276985,353.9790039,2530.6101074,75.6952972,211.3029938,228.4329987,31.2483006,173.5859985,37.5858002,17.1007004,142.2940063,47.4325981,16.1184006
297.6640015,3268.5300293,44.5583,341.697998,170.927002,10.8465996,321.1560059,2902.3999023,64.0345001,263.9320068,146.7079926,5.8860302,154.9859924,57.8614998,19.9218006,147.3580017,69.8761978,17.9221992
241.5650024,3252.8200684,42.5429001,342.6860046,175.1239929,10.9987001,275.5769958,2644.2800293,73.3673019,244.3329926,141.8820038,6.0159402,161.7949982,57.9695015,19.5349007,153.7279968,67.7393036,19.4130001
290.2680054,3258.8701172,42.8224983,344.1329956,172.2369995,11.0437002,309.1069946,3099.3500977,53.5078011,283.9349976,155.1300049,6.2187099,154.1340027,58.487999,20.3903999,148.8450012,70.4413986,19.3771
320.526001,3265.2099609,44.6262016,344.7529907,169.2120056,11.1754999,333.0100098,3159.4299316,52.0405006,288.7709961,155.8800049,6.277,151.1309967,59.3269997,20.4253998,146.0050049,71.256897,19.4599991
437.848999,2419.4799805,66.461998,260.7330017,222.0299988,39.8251991,440.9230042,2519.25,71.1352997,201.6699982,213.2510071,29.2313004,170.4100037,36.6646996,16.7649002,138.7680054,50.3568993,14.1949997
289.6289978,3254.1398926,43.4669991,343.1870117,173.6490021,11.0648003,317.4339905,2834.8500977,64.6278992,260.1029968,147.1950073,6.0773101,155.6820068,58.2999001,19.4339008,151.0579987,69.4425964,18.4792995
459.4979858,2276.6101074,73.8544998,256.3309937,224.7850037,42.0055008,463.9299927,2469.4899902,76.1147003,196.5050049,211.9380035,30.9974003,186.7619934,36.0129013,16.8609009,143.8509979,47.3858986,16.0401001
204.2230072,3246.8400879,37.3875999,342.4899902,174.8619995,10.8621998,234.7749939,2794.9799805,61.9146996,257.75,147.6139984,6.0230799,172.6329956,57.3986015,19.8444004,159.3509979,68.0031967,21.1245995
223.720993,3007.7600098,37.8680992,307.131012,179.677002,11.6739998,199.5310059,2744.4499512,57.5456009,241.1670074,161.345993,6.1591601,166.6109924,53.8950005,19.7896996,153.0269928,65.358902,19.8754005
547.8309937,2156.5100098,98.3567963,257.0759888,239.7250061,43.5884018,550.9379883,2429.6899414,91.191803,194.6699982,220.3090057,31.6467991,193.503006,32.5457993,17.0172997,143.3410034,42.8945007,16.4757996
202.1369934,3246.1398926,36.9300995,342.5950012,174.4230042,10.8704996,231.7570038,2829.4199219,60.6155014,260.7739868,148.5700073,6.0380998,174.1239929,57.4342003,19.8771,159.8999939,68.273201,21.3390999
271.6910095,3267.0100098,44.1260986,341.6229858,171.8000031,10.8133001,300.9289856,2824.3898926,67.5150986,257.7099915,144.6840057,5.85917,157.4360046,57.5265999,19.9549999,148.673996,68.901001,18.3276997
432.8450012,2306.9699707,67.3262024,260.3340149,220.9120026,40.7834015,427.2879944,2526.0900879,71.1763,201.9949951,209.3670044,30.3243008,184.3890076,36.9776993,17.0652008,143.0039978,49.6431999,16.5725994
410.3039856,2824.5700684,64.1635971,315.6029968,222.4810028,39.3121986,391.5910034,2903.8701172,68.7104034,260.2349854,209.3919983,27.1709003,173.7420044,45.3810005,18.0872993,148.5879974,56.0461006,18.5419006
314.0679932,2895.0700684,47.3711014,312.3619995,209.625,36.7736015,284.9559937,2927.7800293,56.8628998,262.0440063,203.397995,25.7805004,166.970993,49.2170982,18.9761009,149.7380066,61.2416,19.0564995
359.0069885,3270.3300781,46.0125008,345.9060059,167.8430023,11.2771997,369.1629944,3163.3798828,52.7785988,287.3729858,154.8280029,6.32797,146.8809967,58.5788002,20.1264992,145.0099945,71.278801,17.6336994
354.1029968,2961.3500977,49.8219986,310.5190125,177.1990051,14.2215996,323.2879944,3095.8000488,55.5853004,272.5220032,173.3179932,8.1003103,162.0440063,51.3409004,18.2640991,146.2339935,63.3627014,18.9825993
229.7779999,2935.3000488,40.0895004,293.0369873,182.5870056,13.6506996,179.6730042,2648.8798828,55.9749985,225.2700043,162.2640076,8.4421597,164.8220062,51.6226006,19.2091999,153.9250031,63.4742012,19.4354
445.2640076,2269.9799805,74.9302979,255.4810028,224.9940033,41.8325005,463.4830017,2491.7299805,75.2139969,197.2169952,213.1999969,30.6980991,186.8959961,36.4149017,16.8323002,143.5829926,47.6374016,16.4705009
431.1109924,3277.6000977,44.3604012,348.5169983,165.7489929,11.6701002,418.0740051,3092.9799805,58.4183998,279.7409973,149.7330017,6.4281402,160.0160065,64.0048981,19.9969997,145.5879974,79.7645035,17.6406994
406.5629883,3270.1599121,43.6936989,347.696991,167.8209991,11.5845003,402.394989,2991.1201172,62.5577011,271.7229919,147.3309937,6.3716102,159.6970062,63.212101,20.0081005,146.5740051,78.2429962,17.9449005
354.8829956,3262.1298828,43.1432991,346.2120056,169.746994,11.4951,367.6069946,2914.5200195,64.2789001,265.651001,145.8699951,6.3138299,157.6970062,61.1734009,19.9619999,147.0070038,74.7940979,17.9986992
408.5239868,2310.6999512,61.6613007,259.3330078,218.9570007,40.4420013,397.7820129,2534.0700684,67.8972015,202.3430023,207.322998,30.0932999,184.7079926,38.1278992,17.0841999,143.8800049,50.4803009,16.8227997
286.4719849,3038.7900391,41.9774017,319.8659973,174.8059998,11.5440998,255.0319977,2900.4399414,56.9754982,257.5140076,159.0910034,6.2712498,164.8650055,54.3422012,19.4624996,151.8329926,65.1572037,19.8528004
536.5739746,2273.4299316,96.5317993,261.9049988,262.5769958,46.4171982,546.4489746,2430.1398926,93.6537018,199.7899933,228.3549957,32.9122009,194.6519928,30.7670994,17.0813999,142.3450012,42.9007988,16.7061005
399.5910034,2836.7900391,60.7994003,312.5140076,220.8730011,38.9068985,385.7200012,2874.4399414,66.797699,259.7619934,209.2429962,26.9717999,172.4029999,46.2237015,18.7663002,150.4400024,57.2313004,18.8509998
336.1229858,2895.1000977,50.9586983,314.2579956,211.8139954,37.0951996,313.8630066,2931.7600098,59.0248985,263.572998,204.4109955,25.9713993,167.5180054,48.4286003,18.9768009,149.5059967,60.7186012,19.0883007
385.2900085,3303.4499512,48.8129005,349.9020081,166.4660034,11.6723003,336.0969849,3348.4199219,51.5752983,308.2200012,162.0249939,6.7841101,172.2839966,58.5721016,20.4566002,153.427002,72.0916977,21.1933994
363.743988,3270.6599121,45.9030991,345.9559937,168.0189972,11.2650995,373.4150085,3154.8999023,53.3478012,286.0039978,154.4909973,6.3232999,145.8430023,58.4738998,20.0804996,144.3309937,71.2750015,17.0842991
360.355011,2488.2600098,49.2807007,263.4859924,208.3500061,39.0803986,332.4190063,2569.1899414,60.2094002,205.8630066,206.5249939,29.7159004,179.8939972,40.2598,16.8367996,146.7700043,51.4777985,16.0921993
255.3580017,2856.3000488,42.8367996,295.3630066,208.8739929,36.2116013,195.401001,2859.3601074,51.9410019,247.8150024,203.4320068,27.7950001,164.7279968,49.3450012,17.6987991,147.947998,61.267601,18.1263008
325.1419983,3270.9599609,45.3625984,344.8919983,166.5939941,11.4378004,325.0859985,3335.1201172,50.9090996,306.3529968,164.2030029,6.6584702,160.5839996,58.644001,20.3542995,150.5330048,70.6847992,20.5856991
482.4679871,2241.3798828,79.8565979,256.2609863,227.697998,42.3232994,487.2449951,2460.4599609,79.5301971,195.9369965,213.5829926,31.1289997,187.9700012,35.1647987,16.8925991,143.5780029,46.4707985,16.1044006
404.348999,2861.3701172,62.6516991,316.9110107,218.7290039,38.7229004,385.4070129,2926.1899414,67.2132034,262.5870056,207.0970001,26.8323994,173.1889954,46.3959007,18.1380005,148.9570007,57.0245018,18.7695007
524.8699951,2314.0200195,90.5319977,265.3370056,267.4570007,46.6071014,517.3289795,2440.6101074,94.1930008,203.0429993,233.0780029,33.0545006,190.697998,32.9636002,16.8943996,144.9140015,41.7812004,16.1287994
468.447998,2457.8798828,77.3343964,268.269989,267.9649963,47.7543983,457.1040039,2499.9699707,82.7247009,211.7389984,231.7830048,33.7481995,173.8509979,34.0569992,16.6676998,141.4850006,46.0349998,15.2650003
265.6199951,2712.8200684,43.0800018,268.8840027,219.727005,40.3618011,154.5639954,2622.7399902,51.8041,215.6069946,210.8179932,29.8006001,165.3430023,44.1290016,17.1105995,144.7700043,56.9169006,17.2793007
445.8989868,3289.3999023,45.1827011,349.0820007,161.3569946,11.8732004,412.7619934,3365.3100586,54.2835007,303.6260071,159.6880035,6.7916698,172.6309967,65.858902,20.0422001,147.727005,81.9829025,18.3183002
460.0870056,2713.8999023,66.1029968,276.4140015,232.345993,43.7033997,438.0610046,2664.6499023,72.7502975,228.1190033,214.2220001,30.4643002,164.3049927,43.6528015,16.7882996,138.522995,54.7703018,16.2136002
