M3_Al_0_2,M3_Ca_0_2,M3_Fe_0_2,M3_K_0_2,M3_Mg_0_2,M3_P_0_2,M3_Al_2_6,M3_Ca_2_6,M3_Fe_2_6,M3_K_2_6,M3_Mg_2_6,M3_P_2_6,TOC_0_2,IC_0_2,TN_0_2,TOC_2_6,IC_2_6,TN_2_6,PhosphorusTreatment
335.8640137,3105.3798828,62.8291016,468.8630066,190.6369934,16.9242992,318.8770142,3277.3999023,65.8722,413.3890076,172.5639954,9.3674202,179.3589935,48.3221016,20.5442009,151.1289978,63.3190994,20.8195992,11.3
171.0500031,3384.1999512,39.030201,546.3179932,170.8450012,7.3916202,181.2890015,3141.7600098,52.5620003,419.625,150.7030029,4.6715999,172.2400055,57.8289986,19.8826008,157.9559937,69.2748032,21.4367008,33.8
397.1549988,3557.7700195,53.8228989,540.1669922,161.5249939,14.6040001,385.8649902,3571.5300293,65.6717987,450.9719849,159.3540039,7.51791,163.3500061,65.7101974,20.2584991,146.9790039,82.4738998,17.8505993,0.0
301.2279968,2492.6899414,64.2154999,326.6080017,202.470993,21.5639992,275.1849976,2606.2700195,70.7649994,278.651001,189.5160065,11.3898001,166.8820038,37.0181007,16.9377995,141.8789978,48.8846016,15.6217003,33.8
191.2920074,3086.3601074,44.5327988,472.4869995,177.4340057,11.2617998,169.7369995,3123.3601074,54.4445992,391.5029907,175.4149933,6.6666298,163.9120026,51.1123009,18.4985008,149.375,62.8690987,18.8054008,33.8
201.1179962,2688.4399414,47.9347,405.572998,188.5399933,15.5199003,150.8099976,2707.6000977,57.1557999,315.5270081,184.1849976,8.7317696,170.595993,42.4524002,16.9682999,146.529007,53.4141006,16.6968002,0.0
345.8510132,2597.8999023,67.0369034,396.256012,204.7669983,20.7423,312.901001,2648.0300293,74.7049026,293.5169983,186.1849976,10.2784004,182.8679962,39.2495003,17.0426998,144.2749939,51.3928986,16.6639996,22.5
288.6910095,2551.3300781,60.6085014,340.2109985,195.7550049,19.8512993,250.526001,2638.8300781,68.4936981,284.2449951,188.1289978,10.6090002,158.4210052,38.4199982,16.8050003,139.7489929,50.4949989,15.1280003,0.0
376.723999,3535.7099609,52.399601,544.072998,163.8450012,13.9948997,370.3269958,3301.1499023,66.7891998,415.1380005,149.8809967,7.0117402,162.1100006,65.0639038,20.0681992,146.0140076,81.4961014,17.9155006,0.0
275.7850037,3436.1999512,44.7485008,543.5449829,162.4420013,11.8603001,245.7559967,3543.1899414,49.8689003,481.5379944,160.6170044,7.8878698,172.1239929,57.9513016,20.4374008,153.9759979,70.9494019,21.4260998,0.0
256.7080078,2622.7299805,54.9413986,375.6910095,191.5079956,17.5772991,211.5059967,2675.9399414,64.0830002,299.7279968,184.6909943,9.6510496,166.6990051,40.5084,16.8258991,142.746994,51.8410988,15.7006998,22.5
431.2739868,2511.9399414,82.6529999,379.0780029,211.3569946,25.0855999,408.8259888,2617.25,87.0034027,283.1640015,187.1100006,12.0143003,184.9859924,36.6615982,17.0774994,142.9880066,49.3889008,16.6375008,33.8
259.4590149,3449.5800781,47.6203995,483.4819946,173.7019958,10.6057997,290.8670044,3165.7900391,61.7815018,396.5280151,148.5639954,4.9184799,148.7440033,57.9389992,20.1257992,147.4349976,70.1688004,17.6606998,11.3
277.3349915,2480.3000488,67.8865967,339.2590027,207.1470032,22.9825001,249.3300018,2616.4299316,72.9514999,284.1830139,189.375,12.1591997,170.7070007,37.4682007,16.4220009,143.3090057,48.2607994,15.9694004,33.8
254.7059937,3416.7199707,43.6635017,533.0289917,162.4620056,10.6892996,234.9689941,3540.3400879,49.6067009,477.6619873,161.8249969,7.4825401,168.298996,57.9454002,20.4218006,152.9700012,70.5077972,21.1406994,11.3
286.6900024,3466.4899902,49.1696014,488.9150085,171.2420044,11.1710997,310.3210144,3247.3701172,61.5778999,408.1480103,150.1679993,5.4663701,147.5140076,58.4505997,20.1082993,145.697998,71.1517029,17.1739006,0.0
378.2999878,2560.0800781,71.8943024,381.2980042,205.7310028,22.1287003,351.8640137,2634.0,78.6866989,287.4549866,186.352005,10.9545002,182.2120056,38.0533981,17.0081005,143.1790009,50.5018005,16.3043003,0.0
359.6759949,3528.1398926,51.7672005,540.3339844,165.923996,13.5836,360.6919861,3217.9099121,68.0074997,398.8150024,147.647995,6.3709002,160.8269958,64.1858978,20.0373001,146.3849945,79.9199982,17.9503994,11.3
133.121994,2743.8500977,42.7310982,397.1839905,193.151001,13.7011995,84.7115021,2713.3999023,50.1344986,318.6919861,183.7519989,7.8340902,164.3300018,43.0402985,17.0811996,144.1490021,55.4361,17.0063,11.3
220.8580017,3478.7399902,44.7907982,506.2850037,173.9570007,10.7517004,245.6230011,2963.9599609,64.2164001,353.2680054,142.6909943,4.2170401,156.9230042,57.5898018,19.948,148.4199982,69.094101,18.2462997,0.0
277.8569946,3427.2199707,46.2044983,498.8439941,160.0619965,10.7905998,274.1380005,3544.7600098,52.6777,471.7520142,162.1699982,7.0062099,159.3710022,58.4333992,20.2819004,150.2180023,70.6791,20.6243,0.0
518.2589722,2355.8601074,100.7409973,323.8099976,226.9920044,31.2143993,522.822998,2516.2800293,102.5070038,257.3720093,192.6549988,14.4974003,189.5469971,32.2593002,17.0702991,140.8549957,44.6244011,16.4314003,0.0
150.0650024,2756.4299316,42.6301003,425.2900085,188.7590027,13.7385998,99.6539993,2751.6599121,49.9590988,334.8630066,183.8659973,7.8053498,167.0570068,44.4827995,17.1952991,147.7400055,55.9877014,17.6054001,11.3
327.4609985,2545.7800293,62.7893982,349.9689941,196.8930054,20.2936001,298.7330017,2636.2900391,70.3728027,282.32901,188.0269928,10.6292,165.2030029,37.9054985,16.7796001,140.673996,50.5940018,14.8731003,0.0
274.7250061,3453.2299805,48.4290009,477.6900024,171.0399933,10.5012999,298.8680115,3343.1398926,58.3466988,432.4129944,153.1470032,5.7419901,143.8670044,57.5061989,20.1516991,144.496994,69.6399994,17.5006008,0.0
461.82901,2315.4299316,96.5827026,325.2950134,234.1779938,30.0772991,459.8250122,2492.7399902,100.1549988,254.7920074,195.3379974,15.0698996,188.8609924,33.3857002,16.8806,144.7899933,41.8060989,16.0683002,0.0
362.572998,3509.6101074,51.0806007,520.2080078,160.5630035,13.3170004,348.3479919,3572.3200684,61.330101,444.4490051,160.3399963,7.08603,161.6750031,64.3825989,20.0326004,146.0970001,80.2024002,17.2784004,11.3
441.2890015,2328.7299805,90.5567017,316.9100037,228.5529938,28.7933998,437.8930054,2499.7199707,94.4064026,255.026001,193.9790039,14.4706001,186.2279968,33.1167984,16.8358002,143.9940033,43.0573006,15.9333,33.8
122.3450012,3172.9099121,37.0847015,509.2120056,181.0630035,9.1532803,93.1468964,2844.9299316,52.3378983,353.2330017,162.2640076,4.9826398,165.1329956,52.5032005,19.2078991,152.0010071,63.6824989,19.4556007,0.0
365.4970093,3514.1000977,51.5078011,521.710022,161.2339935,13.4254999,354.2940063,3570.1298828,62.1876984,445.1069946,160.4149933,7.0580001,161.2279968,64.4248962,20.0799999,146.0879974,80.2966003,17.3199005,11.3
208.1600037,3424.7099609,42.5643997,510.0820007,172.6999969,8.5619097,223.4530029,3243.8100586,54.4560013,432.6730042,152.0590057,4.9040699,165.2709961,58.4926987,19.882,154.7189941,70.3654022,20.6135006,0.0
206.2799988,2679.3798828,47.4398994,410.3959961,187.8399963,15.6491003,156.5870056,2702.0600586,57.0760994,313.6340027,184.154007,8.7547998,175.5870056,42.1673012,16.9417992,148.3509979,53.1066017,16.8593006,0.0
525.8300171,2288.4199219,107.1460037,332.8299866,252.6620026,32.6945992,532.1959839,2458.7800293,110.3899994,247.1970062,196.9949951,15.6428003,201.279007,32.3582993,17.0580997,146.6889954,40.2747002,16.6270008,0.0
198.8800049,3486.4199219,43.4342003,512.6090088,174.9810028,10.415,223.3739929,2865.1398926,65.7024994,334.0390015,140.2550049,3.68295,159.0720062,57.2439995,19.9776993,149.5599976,68.1076965,18.6163998,33.8
550.9799805,2337.3400879,108.2829971,340.3080139,229.8359985,32.8983002,551.4689941,2517.5700684,108.6529999,259.8900146,193.720993,15.1922998,192.0529938,32.6920013,17.0135994,142.7189941,43.6823997,16.4155006,33.8
292.3930054,3455.7600098,45.5167999,556.492981,161.923996,12.5253,256.4299927,3551.0300293,51.155899,480.9599915,159.7929993,8.23666,173.3880005,59.0839996,20.4636993,153.378006,72.9901962,21.1140003,0.0
259.9379883,2679.0300293,52.9916,415.6960144,199.572998,16.9088993,215.6820068,2679.0,63.0242996,304.848999,185.3730011,8.6776304,181.3159943,41.7111015,17.0443993,145.8249969,53.4738007,16.9435997,11.3
311.223999,2483.8500977,64.5180969,322.7940063,200.8670044,21.8283005,286.1749878,2605.4499512,70.9520035,276.428009,189.3280029,11.4523001,165.154007,36.6692009,16.8945999,141.1699982,48.8885994,15.4197998,33.8
146.3619995,2759.3100586,37.6772003,432.4899902,190.4660034,12.9789,86.1921005,2733.9799805,47.3624001,325.1350098,184.1360016,7.2396498,175.9960022,44.5215988,17.0771008,148.6049957,56.6453018,17.6411991,0.0
219.0509949,3391.5,41.3176994,536.0469971,164.1139984,9.2536497,208.1670074,3531.3500977,48.6950989,474.4880066,163.477005,6.7989202,168.6320038,57.7779007,20.4349003,153.5740051,69.8808975,21.0646992,22.5
264.7879944,3454.8300781,46.4844017,476.1570129,164.6929932,9.7720499,275.3240051,3392.9399414,55.3692017,448.3510132,154.779007,6.0670199,152.5410004,59.5010986,20.4118004,147.121994,71.4831009,19.8449001,0.0
570.4760132,2288.1398926,114.1039963,335.2780151,236.5939941,34.6991997,574.5390015,2497.6899414,113.8820038,255.3659973,195.2189941,15.9934998,195.7220001,31.8778,17.0739994,143.3609924,41.9488983,16.6779003,0.0
407.6789856,2347.8300781,75.9609985,284.6759949,202.6710052,26.4503002,402.1669922,2524.1599121,79.7740021,253.1000061,190.0390015,13.2726002,172.9880066,32.5810013,16.5839005,139.9859924,46.0084991,14.8259001,22.5
323.0849915,3468.9099121,47.7038994,543.8709717,161.0359955,13.1030998,291.4880066,3561.4099121,55.1053009,469.9890137,159.8079987,7.7685499,172.8150024,61.5154991,20.3258991,151.4459991,76.1947021,20.0568008,0.0
212.1029968,2630.9299316,53.157299,362.2919922,194.7120056,17.2548008,168.1450043,2671.7600098,60.2888985,300.6380005,184.2720032,9.5229797,163.0529938,39.9393997,16.9587994,141.7380066,52.6067009,16.2576008,22.5
259.8859863,3420.0700684,44.0665016,530.9500122,162.2689972,10.8846998,239.9629974,3540.9599609,49.8330994,477.9809875,161.6679993,7.5069599,168.1499939,57.9118996,20.4137001,152.9369965,70.4722977,21.1735992,11.3
430.5710144,2338.3798828,89.5791016,319.5809937,227.3580017,28.4267998,425.9880066,2505.1000977,93.6779022,257.1199951,193.8959961,14.3949003,185.0800018,33.5792999,16.8314991,144.0480042,43.0742989,15.9117002,33.8
319.8389893,3488.5800781,49.9263,511.2569885,167.4490051,12.1246004,330.9830017,3242.6101074,63.355999,403.8179932,148.3240051,5.9107099,154.5480042,61.3279991,19.8994007,145.0509949,75.6119003,17.3276997,22.5
515.6309814,2296.7600098,105.4609985,335.6480103,256.4060059,32.1655998,521.3660278,2452.9899902,109.7399979,247.0570068,197.6239929,15.5370998,201.7969971,33.2470016,17.0286007,148.1929932,39.5976982,16.3390007,0.0
411.2059937,2552.8000488,84.1660995,372.7869873,217.8809967,26.2801991,411.4060059,2676.7700195,87.2490997,314.6329956,188.9320068,13.5908003,188.0769958,37.594101,17.7290001,149.4530029,46.6927986,18.1383991,0.0
222.6649933,2693.7399902,47.4105988,419.7820129,194.5919952,15.6016998,173.8849945,2693.2800293,57.8493996,309.9630127,184.7980042,8.3445396,180.3280029,42.3342018,17.0095005,147.1990051,53.9341011,16.9986992,11.3
262.2980042,3425.0600586,43.7747993,544.690979,162.2960052,11.2110004,234.6999969,3543.4099121,49.3666,479.6489868,161.0559998,7.8846898,170.3009949,58.1372986,20.4449997,153.2570038,71.1328964,21.1718006,0.0
238.6119995,2931.9199219,52.1441002,425.9020081,184.2830048,13.9849997,218.9149933,3010.6799316,59.8742981,366.57901,176.2449951,7.7406702,163.7339935,48.362999,18.3414001,147.3540039,61.1080017,18.2973003,22.5
192.0559998,3401.0700684,42.0280991,490.82901,175.0249939,8.8541698,225.1519928,3021.6899414,57.1870003,384.0159912,146.4060059,4.0261898,160.6490021,57.5554008,19.5972996,154.6869965,68.3792038,19.3889999,33.8
528.8140259,2400.8701172,102.4110031,364.0899963,222.8170013,30.8397007,519.1539917,2543.3798828,103.572998,268.5429993,192.1909943,14.3135996,190.125,34.3703003,16.9304008,143.826004,45.219101,16.25,0.0
361.0429993,3531.2700195,51.8638992,542.552002,166.1139984,13.6662998,362.1749878,3205.1201172,68.5915985,396.3519897,147.3139954,6.3347201,161.0780029,64.2825012,20.0440998,146.5330048,80.0404968,18.0100994,11.3
284.9729919,3443.8701172,45.7546997,529.3740234,163.7910004,11.9805002,259.0809937,3532.9699707,50.6456985,481.6520081,160.9700012,7.4580798,173.6719971,57.5041008,20.3855,155.8860016,69.8862991,21.8243999,11.3
505.5020142,2297.6398926,103.6039963,331.9700012,249.6889954,31.7187996,509.3959961,2463.8300781,107.3099976,248.2259979,196.7830048,15.4419003,198.4360046,32.7205009,16.9932003,146.6089935,40.5805016,16.4346008,0.0
210.6820068,2672.0700684,47.3535995,414.1629944,186.5350037,15.8065004,161.8679962,2696.3400879,57.3414993,312.3909912,184.0310059,8.80795,180.2599945,41.910099,16.9195004,150.5169983,52.6590996,17.0634995,0.0
196.6640015,3406.0200195,42.5340004,486.4089966,175.0800018,9.1282196,230.9790039,2995.1201172,58.2131996,376.0390015,145.5709991,3.96665,159.3309937,57.5167999,19.5475006,154.0800018,68.1692963,19.1070004,33.8
110.0830002,2969.7600098,37.6876984,462.2139893,182.6750031,10.3816996,79.5979996,2985.6899414,47.0158005,374.2829895,179.25,6.1600299,165.5119934,50.1002007,17.7318993,148.6419983,62.0575981,18.3297005,0.0
246.5579987,2709.0,50.9816017,422.9949951,201.076004,16.1777,200.1959991,2683.5500488,61.6184998,306.9339905,185.4450073,8.1549997,181.5379944,42.4620018,17.0790997,145.7689972,54.1264992,17.1217003,0.0
369.9830017,2394.7199707,75.4106979,310.5620117,211.5180054,25.0981998,358.8330078,2536.2299805,80.6780014,262.7470093,190.7160034,12.9722004,175.401001,34.4169998,16.7054996,142.1629944,45.7346001,15.4378004,22.5
543.815979,2308.5600586,107.9599991,327.3370056,233.8300018,33.2313004,549.2199707,2500.5500488,108.8119965,255.2980042,194.125,15.3409996,194.75,31.6998997,17.1158009,142.4550018,42.8194008,16.7752991,33.8
182.1139984,3441.1398926,41.7541008,505.1910095,176.7050018,9.1591196,206.0429993,2713.8701172,63.4207001,313.678009,139.9830017,3.2676401,163.1640015,57.4016991,19.5893993,155.0659943,66.8719025,19.6355991,0.0
170.2460022,2744.4399414,40.1231003,430.6619873,192.6199951,13.6047001,113.9899979,2716.4799805,50.7695999,318.7090149,184.3999939,7.4386301,178.3600006,43.8890991,17.0508003,147.9519958,55.6944008,17.3722992,0.0
377.3829956,2903.7900391,73.6594009,441.1390076,198.5829926,21.2427998,374.9840088,3040.9799805,78.0139999,362.4960022,176.598999,11.4899998,177.3890076,45.4099007,18.6081009,145.9299927,56.281601,18.2819996,0.0
148.3880005,3378.1599121,37.4492989,557.1749878,171.878006,6.8228402,159.8320007,3055.2199707,53.3834,402.4190063,148.6970062,4.1671,173.4810028,57.4040985,19.8782997,158.6320038,68.4664001,21.5144997,0.0
340.9840088,3506.8100586,50.8045006,524.9320068,166.147995,12.8555002,345.5650024,3243.8898926,65.3087006,403.4389954,148.2319946,6.19135,158.201004,62.9536018,19.9664001,145.677002,78.0574036,17.6033001,0.0
274.9150085,2672.6999512,55.4936981,414.9689941,201.4490051,17.5146999,232.1620026,2673.8601074,65.2368011,303.2130127,185.6069946,8.8380098,181.8880005,41.4668999,17.0608006,145.4880066,53.2571983,16.9713993,11.3
176.7839966,2711.5,48.4548988,393.5150146,189.4100037,15.1236,126.538002,2709.2199707,56.9281006,317.9169922,183.951004,8.6569099,161.9490051,42.7692986,17.0286007,143.6620026,53.580101,16.5077,0.0
217.8950043,3420.6000977,44.1427994,481.1950073,175.496994,9.2118998,250.7120056,3198.3798828,57.3983002,416.9519958,150.526001,4.6893601,153.2169952,57.8675003,19.5650997,151.3500061,70.0166016,19.0088997,0.0
363.2890015,2642.5100098,74.7322006,383.6199951,209.4850006,23.6488991,359.678009,2715.2700195,78.5725021,327.8980103,186.8399963,12.5993996,184.576004,39.0747986,17.7401009,149.7039948,48.7145996,18.3449993,33.8
445.7820129,2338.7800293,78.5701981,267.848999,191.345993,27.6716003,447.0650024,2517.1398926,81.0980988,246.1470032,189.1560059,13.4980001,170.3040009,31.7334003,16.4748993,137.0740051,46.4000015,14.0335999,22.5
381.803009,3532.7199707,52.6026993,534.0209961,161.0890045,14.0600004,369.5929871,3573.1398926,64.0967026,449.3919983,159.8000031,7.3334599,163.1929932,65.3731995,20.2073002,146.4949951,81.8774033,17.6525993,0.0
146.5269928,2763.7800293,43.615799,428.9400024,187.753006,13.7503004,103.8909988,2747.8000488,51.0483017,338.9719849,183.4839935,7.8541198,165.9689941,44.449501,17.2873001,148.5200043,54.8228989,17.4643993,11.3
559.9379883,2273.9499512,112.8939972,329.3370056,240.2920074,34.5539017,566.4719849,2484.6999512,113.4209976,252.2070007,195.602005,16.0084991,197.8569946,31.4619007,17.1154003,143.7050018,41.2821007,16.8505001,0.0
212.5970001,3427.9099121,43.2195015,498.9930115,173.5850067,8.7908497,232.927002,3228.7800293,55.4439011,426.5830078,151.5780029,4.8414102,161.1100006,58.3256989,19.7929993,153.2129974,70.2017975,20.0741005,0.0
250.5809937,2995.7099609,52.6862984,439.9240112,183.2220001,14.0657997,241.5050049,3056.3300781,61.2518005,380.875,175.2200012,8.0192699,167.7079926,48.5231018,18.9951,149.5939941,60.8777008,19.1662006,11.3
537.7670288,2278.0900879,109.1729965,329.3500061,247.5690002,33.410099,544.6719971,2466.7399902,111.3509979,248.173996,196.4470062,15.8086004,199.9259949,31.7677002,17.0744991,145.3179932,40.6533012,16.7327003,0.0
227.7420044,2718.0700684,47.9925003,424.3059998,199.098999,15.4511995,179.3410034,2690.2600098,58.8708,309.1740112,185.1820068,7.9465699,180.8009949,42.7939987,17.0669994,146.1380005,54.479599,17.1247005,0.0
279.4639893,2988.8400879,56.2187004,433.552002,185.9120026,15.2966003,270.2250061,3022.9199219,64.1437988,377.7539978,177.552002,8.7017403,169.6060028,48.3036003,18.8122005,150.5240021,59.5345993,18.8794003,33.8
166.947998,3381.5700684,38.6548004,548.151001,170.5820007,7.2512298,176.2189941,3134.5400391,52.266201,418.019989,150.7319946,4.69701,172.0829926,57.7000008,19.8696995,157.7389984,69.0497971,21.4528008,33.8
469.7080078,2382.3400879,85.6379013,293.0639954,208.1690063,28.1870003,474.6640015,2529.0400391,88.3339996,252.0119934,190.4160004,13.5073996,173.7250061,32.3991013,16.7404003,137.0039978,47.0951004,14.8532,22.5
583.4299927,2326.3898926,114.3899994,355.5010071,229.7489929,34.3608017,577.7319946,2521.8798828,113.1439972,262.6669922,194.427002,15.7789001,192.9259949,33.1018982,16.9811993,143.9490051,43.2356987,16.405899,0.0
423.0539856,2516.1899414,80.1921997,370.8500061,209.7389984,24.4494991,403.1459961,2616.4199219,85.2490997,281.4729919,186.8540039,11.8549004,183.1459961,36.6483002,17.0363007,142.2740021,49.4789009,16.3013992,33.8
156.3240051,3387.4399414,38.5321007,547.2890015,174.3130035,7.4798799,173.923996,2969.1000977,55.9581985,383.9379883,146.2420044,3.77968,173.7599945,57.509201,19.8738995,159.8699951,68.4442978,21.2658997,0.0
322.1900024,2423.7800293,71.2572021,326.32901,213.4420013,23.9867001,314.1960144,2565.6298828,78.7390976,269.8510132,192.4980011,12.6225004,175.8410034,35.4738007,17.0660992,141.7319946,45.9516983,15.8797998,22.5
395.6000061,2362.6398926,76.1546021,294.9949951,207.3999939,26.0312004,387.9039917,2528.0600586,80.4957962,256.6820068,190.4309998,13.1912003,174.3329926,33.1926003,16.6422005,140.9409943,45.8771019,15.1234999,22.5
163.3860016,2732.5500488,42.0017014,423.9460144,188.4069977,14.0481005,107.5780029,2734.0400391,50.6694984,325.7690125,184.0390015,7.9240198,173.0339966,43.851799,17.0699005,148.5910034,55.5661011,17.5079994,11.3
284.0830078,2478.5800781,67.4924011,335.8439941,205.7380066,22.8988991,256.1430054,2616.0700684,72.7225037,282.9679871,189.1609955,12.0785999,169.6410065,37.2681007,16.3987999,142.8930054,48.3459015,15.8507004,33.8
365.1220093,2588.0600586,70.9365997,398.696991,207.3119965,21.7423,332.5440063,2643.3798828,77.7860031,292.6640015,186.5379944,10.5556002,184.0500031,38.9700012,17.0778999,144.2369995,51.149601,16.8470001,22.5
375.4190063,2560.3000488,70.9234009,378.3410034,204.7680054,21.8736,349.4370117,2634.3100586,77.9393997,286.9419861,186.2429962,10.9041996,181.4340057,38.0565987,16.9815006,142.9519958,50.5270004,16.1362,0.0
455.6440125,2489.5100098,83.0810013,326.8619995,209.1450043,25.6417999,454.2999878,2584.7900391,87.2021027,264.8510132,190.2559967,12.4668999,169.7460022,35.0712013,16.9561005,136.6569977,49.6917992,14.6191998,0.0
320.4979858,2539.7099609,62.7344017,345.4660034,197.2149963,20.4594994,291.25,2635.0500488,70.1828995,280.7659912,188.1569977,10.7140999,161.5180054,37.7518997,16.7705002,139.970993,50.4366989,14.9064999,0.0
191.8999939,3394.6699219,40.4614983,533.2979736,169.1719971,7.8950701,199.0339966,3216.1899414,51.8622017,432.2520142,152.6320038,5.2431598,169.3419952,58.1094017,19.8502998,156.1849976,69.7062988,21.2842999,0.0
204.2250061,3391.8100586,40.9906006,529.3179932,167.2649994,8.29564,206.1100006,3260.7099609,50.551899,440.5409851,154.2409973,5.8721299,168.1790009,58.0442009,19.7973995,155.2910004,69.6760025,21.2796001,11.3
113.9039993,2796.7600098,37.1313019,427.0079956,191.2120056,12.2659998,54.3521996,2782.4699707,42.8876991,342.4419861,183.9889984,6.9467802,164.9290009,45.8204002,17.2660999,147.2160034,59.3250008,18.2728004,0.0
305.04599,3463.1999512,47.9706001,498.3240051,161.147995,11.5553999,298.3309937,3551.0,54.9115982,460.3150024,161.701004,6.9235802,157.9129944,59.4499016,20.1278992,148.503006,72.5706024,19.2304993,0.0
156.8000031,3141.1398926,40.8079987,494.4869995,180.5740051,10.2226,130.1920013,2886.9799805,54.1735992,359.1069946,164.4069977,5.76018,163.4250031,52.0502014,19.1686993,150.9960022,63.3722992,19.2176991,11.3
187.9250031,3401.1799316,41.4459991,505.631012,174.845993,8.4934797,215.3560028,3055.4499512,56.3356018,394.3429871,147.6730042,4.1651602,163.8639984,57.7148018,19.7124996,155.753006,68.9084015,20.0251007,33.8
434.5480042,2429.5,77.1029968,299.0450134,200.4389954,25.7308006,436.2820129,2571.1999512,80.9215012,256.5100098,189.7400055,12.6046,163.9810028,33.7060013,16.7900009,136.1549988,48.7489014,14.1841002,0.0
134.6560059,3399.0900879,37.1514015,556.9320068,175.3139954,6.9867501,149.8439941,2841.1398926,58.1957016,354.8590088,143.4179993,3.2163401,173.5639954,57.1212006,19.8537998,159.4429932,67.365799,21.3299999,0.0
250.1600037,3413.8798828,43.2303009,537.0700073,162.6459961,10.5677996,229.3059998,3539.8500977,49.2617989,477.8099976,161.8659973,7.5169401,168.8630066,57.9580002,20.4326,153.121994,70.5661011,21.1326008,11.3
319.9899902,3470.4599609,47.9173012,522.8259888,160.9120026,12.5312996,296.7359924,3558.2600098,55.0029984,462.3269958,160.5299988,7.3522301,166.9190063,60.9235001,20.1665993,150.2079926,75.0369034,19.4129009,11.3
376.3739929,2448.8798828,69.3943024,322.6149902,205.7429962,23.6660995,371.0310059,2597.5200195,74.5248032,258.1260071,189.6649933,11.7847004,155.7960052,34.4578018,16.6303005,137.451004,48.5999985,14.5008001,33.8
254.6620026,2537.4699707,61.9407005,345.0419922,200.8959961,20.9277,219.7660065,2638.0700684,68.134697,289.6759949,188.1100006,11.2335997,166.0659943,38.5402985,16.3976994,142.6349945,49.7504997,15.8381996,0.0
274.5950012,3459.6899414,47.9944992,473.4400024,168.7640076,10.3245001,294.2290039,3367.9599609,57.4449005,438.2080078,153.677002,5.8458099,146.8560028,58.3678017,20.2203007,145.5110016,70.6378021,18.2581005,0.0
239.5650024,3409.7399902,43.3016014,517.8560181,163.4199982,9.6608801,233.7720032,3535.6699219,50.696701,472.1409912,163.3829956,6.7023401,164.9669952,58.1771011,20.3983994,152.227005,70.2494965,20.8948994,22.5
166.0670013,2656.0600586,51.6221008,378.4580078,198.8059998,17.4281998,122.5329971,2679.25,58.3047981,307.5610046,186.901001,9.7570295,166.4069977,41.6128998,16.5223999,144.5890045,52.4692993,16.5090008,0.0
307.1669922,2539.6298828,62.0466003,341.4960022,196.9869995,20.3474007,274.4519958,2635.4799805,69.6072998,281.0100098,188.2250061,10.7250996,158.8079987,37.8871994,16.7719994,139.5420074,50.3525009,14.9813004,0.0
473.2279968,2301.3701172,88.2602005,281.723999,212.9320068,29.5342999,475.4660034,2490.9299316,90.0687027,245.371994,191.6340027,14.2732,184.0839996,30.5098,16.7467003,140.3350067,44.9357986,15.4511003,0.0
456.1359863,2363.2900391,81.5506973,280.9970093,200.5090027,27.7800007,459.4440002,2525.6599121,84.2573013,249.4980011,189.7910004,13.4399996,171.451004,32.1181984,16.6110992,137.0390015,46.8978004,14.4575996,22.5
229.7630005,2692.8500977,48.3755989,419.1270142,195.8730011,15.8030005,181.852005,2690.3999023,58.797699,308.8770142,184.9320068,8.3690205,180.4640045,42.2547989,17.0193996,146.7899933,53.9121017,16.9815006,11.3
460.8089905,2479.7800293,84.936203,333.8320007,211.5619965,26.1026001,457.0549927,2564.1398926,88.9797974,265.5610046,189.8009949,12.5998001,175.5149994,34.9956017,16.7635994,138.3450012,48.8330994,14.9525003,0.0
525.7420044,2396.4499512,101.7829971,356.7019958,223.2299957,30.7434006,518.6950073,2540.4099121,103.1279984,266.8420105,192.2250061,14.2960997,189.6159973,34.0980988,16.9356003,143.2640076,45.2438011,16.2036991,0.0
466.1229858,2475.0100098,89.4291992,372.3429871,215.8150024,27.0527,452.2929993,2564.6699219,93.3147964,274.4599915,190.0410004,12.8280001,187.1849976,35.7624016,16.8710995,143.7980042,47.1006012,16.0655003,0.0
180.0529938,2713.9399414,48.3874016,398.821991,188.427002,15.0790005,129.6360016,2713.4399414,57.1338005,320.0620117,183.947998,8.6410198,162.7899933,43.0074005,17.0342999,144.2899933,53.4906998,16.5298004,0.0
299.0329895,3485.5300293,48.8529015,520.617981,169.8959961,11.8902998,316.1000061,3093.8798828,66.4843979,376.5639954,144.5839996,5.11728,157.0939941,61.168499,19.9531002,146.6959991,74.9072037,17.8889999,0.0
166.2920074,2727.9299316,41.5819016,426.178009,188.279007,14.0825996,110.1920013,2727.2099609,50.8536987,323.2479858,184.0469971,7.9154201,175.7960052,43.662899,17.0431995,149.2429962,55.2764015,17.5091991,11.3
341.3680115,3504.5800781,50.7547989,521.1019897,165.5599976,12.7764997,344.5490112,3276.0800781,64.2432022,409.0159912,148.970993,6.3057299,157.5639954,62.8322983,19.9412994,145.298996,77.930603,17.4517994,0.0
496.1879883,2319.3701172,94.4442978,297.1879883,221.3220062,30.594101,502.2539978,2499.0800781,96.4092026,249.7250061,192.2689972,14.4397001,187.076004,31.0452003,16.9659004,140.1750031,44.5236015,16.0676003,0.0
491.9970093,2429.1201172,93.3860016,338.0849915,218.798996,28.5762997,489.6719971,2545.9399414,96.2015991,264.3510132,191.0980072,13.4848003,183.6569977,34.0677986,16.8962002,140.5899963,46.8096008,15.7414999,22.5
407.0710144,2502.4599609,72.6401978,327.4219971,201.4869995,23.1373005,397.6369934,2604.7900391,78.2256012,268.4100037,189.1029968,11.6112003,165.2189941,35.9141998,16.7702999,137.1920013,50.2821999,14.1199999,33.8
415.2090149,2520.3999023,74.5215988,340.5140076,204.2940063,23.0363998,402.0690002,2607.6699219,80.4121017,273.1659851,189.2030029,11.5242004,172.1150055,36.4617004,16.8514996,138.8450012,50.3120995,14.4858999,33.8
366.6329956,2550.4499512,66.9217987,362.3340149,200.628006,20.8080006,340.8959961,2635.3898926,74.7146988,283.9119873,185.8589935,10.7088003,177.7460022,38.0073013,16.7887001,141.4429932,50.509201,15.0184002,0.0
103.8270035,2797.8400879,37.6753998,418.7019958,191.5579987,12.1367998,51.4504013,2745.2199707,44.7849998,331.1990051,183.6309967,6.9988599,164.7180023,44.9627991,17.1616993,145.7890015,57.3571014,17.5167007,0.0
388.9089966,2376.5500488,81.8009033,318.8529968,219.8209991,26.3847008,380.3970032,2523.3500977,86.7712021,261.8739929,192.3450012,13.6077995,180.352005,34.3875008,16.7828999,143.4360046,44.3549004,15.7468004,0.0
271.6669922,3432.2700195,44.4874992,542.59198,162.253006,11.6314001,243.0950012,3543.7099609,49.7658005,480.651001,160.7779999,7.8810501,171.0370026,58.0238991,20.4363003,153.5529938,71.0131989,21.3085995,0.0
138.7089996,2762.4599609,43.2633018,414.6480103,190.0070038,13.6121998,91.8223038,2734.1000977,50.6804008,328.9299927,183.7030029,7.8147402,163.8800049,44.0713997,17.1516991,145.7149963,55.3499985,17.1905994,11.3
163.9669952,3408.2800293,39.7979012,516.2910156,175.7030029,8.2409401,187.3999939,2788.5600586,58.8199005,338.2860107,142.3009949,3.4318099,168.2570038,57.2636986,19.7154007,157.5870056,66.876297,20.3176003,0.0
309.1589966,2435.5500488,70.5018005,331.769989,214.2669983,23.6308002,301.1530151,2569.0700684,78.4332962,271.894989,192.572998,12.533,176.2030029,35.9006996,17.0858002,142.076004,45.9380989,15.9823999,22.5
257.0740051,3441.8701172,47.5679016,479.5050049,174.3110046,10.4445,290.5230103,3210.5800781,60.7755013,407.0910034,149.8500061,5.04356,146.3040009,57.5172005,20.1103992,146.7140045,69.7477036,17.5407009,11.3
158.5890045,3396.0800781,38.9740982,536.9979858,175.1390076,7.7246799,178.2250061,2907.5800781,57.1713982,368.0599976,144.9279938,3.6463599,171.3849945,57.4294014,19.8211002,158.8699951,67.9947968,20.9428997,0.0
342.1700134,3497.4099121,48.9233017,559.6619873,159.7619934,13.6400995,310.9710083,3574.5700684,57.6805,471.4899902,159.0079956,8.1090698,172.5480042,63.1207008,20.4762993,149.9779968,79.1927032,19.6891003,0.0
345.1799927,3506.4199219,50.9337006,507.8940125,163.352005,12.6339998,345.2879944,3558.3999023,61.1752014,441.3789978,161.5059967,6.6188302,155.8890076,62.4858017,20.0116005,145.5469971,77.4430008,16.9713001,0.0
264.8340149,3461.2900391,47.8628998,488.3269958,172.9830017,10.8374996,293.118988,3130.4799805,62.9934006,387.4970093,147.4400024,4.8372898,150.9299927,58.4590988,20.1438007,147.9250031,70.754303,17.7626991,11.3
134.3450012,2734.7399902,43.0051994,392.7839966,194.0449982,13.8618002,86.6076965,2707.3400879,50.3474998,316.1470032,183.7619934,7.9023199,164.7420044,42.6445007,17.0711994,143.8959961,55.3078995,16.9708996,11.3
199.4470062,2703.7800293,44.5331001,423.5780029,191.3710022,14.9473,147.673996,2703.4599609,54.9319,314.0820007,184.4380035,8.1821404,179.904007,42.7457008,17.0002995,148.4730072,54.2000999,17.1648998,11.3
264.6229858,2678.7600098,53.7845993,415.9119873,200.3999939,17.0839005,220.7910004,2677.3798828,63.7507019,304.3729858,185.4669952,8.7011499,181.5390015,41.6715012,17.0533009,145.6849976,53.4425011,16.9666996,11.3
391.6329956,3546.4099121,53.0082016,546.0339966,160.1580048,14.4622002,374.7349854,3579.0900879,64.6727982,454.0979919,159.0850067,7.6962299,165.2610016,66.0351028,20.3040009,146.7369995,83.138298,17.9447994,0.0
269.9110107,3464.6201172,47.1834984,470.3479919,166.0709991,9.9604502,282.9719849,3394.7299805,56.3317986,445.1130066,154.5019989,5.9619002,149.9120026,59.4030991,20.3708,145.8820038,71.4529037,19.3463001,0.0
373.2720032,3494.8500977,51.1147995,540.3980103,159.1269989,14.1531,346.9169922,3583.9399414,62.2431984,452.6090088,159.2720032,7.6166401,171.1759949,66.4583969,20.1557007,146.9929962,83.1554031,18.1110001,0.0
193.0130005,2735.0200195,42.9291992,428.0690002,195.3869934,14.2404003,140.128006,2704.5400391,53.9311981,314.2520142,184.7160034,7.5945101,179.477005,43.4542007,17.0524006,147.0709991,55.1829987,17.2192001,0.0
582.7069702,2320.75,114.5410004,352.2569885,230.6119995,34.448101,578.5720215,2518.8400879,113.3799973,261.6170044,194.5559998,15.8267002,193.1390076,32.9277,16.9902,143.8040009,43.0754013,16.4211998,0.0
345.2890015,2540.8798828,64.1797028,350.5270081,197.8119965,20.5188007,318.8479919,2632.0800781,71.7142029,281.5020142,188.1199951,10.6882,169.2460022,37.7322998,16.7672997,140.8950043,50.5340004,14.6808004,0.0
412.4360046,2385.3500977,72.9475021,287.6220093,195.1289978,25.7012997,412.0230103,2563.5800781,76.719902,253.3739929,189.4309998,12.6807003,162.9859924,33.0332985,16.6884003,137.348999,47.6195984,14.1819,0.0
249.0780029,2656.6101074,51.2018013,410.2139893,193.598999,16.7257996,204.5720062,2681.4499512,61.2923012,305.3129883,184.8249969,8.9733801,181.0910034,41.3003998,16.9500999,147.2899933,52.7155991,16.6966,0.0
317.8460083,3493.7800293,50.2280998,497.927002,167.098999,11.9004002,328.0079956,3311.0700684,61.6246986,414.4819946,150.927002,5.9981599,150.8390045,60.2914009,20.0867996,145.602005,74.0394974,17.0142994,22.5
229.5639954,3429.0100098,45.3535004,480.5920105,175.4640045,10.0628004,263.8869934,3066.2399902,60.8919983,383.0960083,147.0339966,4.4419098,152.1459961,57.6986008,19.4346008,150.5440063,69.2371979,18.3194008,0.0
106.0419998,2801.2900391,37.5477982,423.6610107,191.0659943,12.1330996,52.6904984,2755.75,44.2910995,335.1809998,183.6849976,6.96591,164.8079987,45.3130989,17.1954994,146.378006,57.7831993,17.7063007,0.0
375.7579956,2592.6298828,76.8460999,372.8439941,211.7879944,24.3973999,372.618988,2693.1799316,80.696701,319.1749878,187.5189972,12.8383999,184.8110046,38.1885986,17.6991997,149.0319977,48.0077019,18.0718002,33.8
431.6839905,2325.4699707,75.7064972,260.0450134,182.7109985,27.3250008,430.2380066,2511.25,78.2029037,243.8540039,188.4640045,13.4754,168.7039948,31.6431007,16.3257999,137.0359955,46.0509987,13.5866003,22.5
167.4369965,3409.4199219,40.1477013,507.1480103,174.4380035,8.4885302,193.0420074,2800.9799805,58.6183014,338.9670105,141.7369995,3.3645101,168.7019958,57.2328987,19.6681995,157.8139954,66.3121033,19.9440002,0.0
233.0579987,3451.8400879,44.3027,493.2890015,169.951004,9.0150299,241.2640076,3325.9799805,54.4454002,441.473999,154.0740051,5.5123701,159.7380066,59.0890999,19.8710003,150.4880066,70.8335037,20.4260998,11.3
320.9089966,3493.8601074,49.9471016,519.4849854,167.9490051,12.3283005,332.3450012,3188.2299805,65.2826996,393.7349854,146.9420013,5.72966,156.7319946,61.8706017,19.9452,145.8809967,76.2805023,17.6299,22.5
462.0350037,2475.6999512,88.0189972,364.5549927,215.0110016,26.7105007,449.8200073,2564.7299805,92.1039963,273.1480103,189.9470062,12.7348003,185.7089996,35.6225014,16.8551006,143.0390015,47.3974991,15.9087,0.0
255.6100006,3441.6201172,45.5161018,486.5539856,164.6069946,9.5768604,263.5910034,3377.6298828,54.1528015,450.1390076,154.8869934,6.1347799,156.3619995,59.2316017,20.4435005,149.076004,71.1707993,20.2672997,0.0
554.447998,2361.2199707,108.0999985,356.0209961,226.6329956,32.5605011,548.2979736,2530.8500977,108.1669998,264.7099915,193.3090057,15.0298996,191.4170074,33.5740013,16.9617004,143.6199951,44.2262001,16.3216,33.8
364.8129883,3477.2700195,50.3051987,541.4899902,159.2100067,14.1337004,333.3859863,3582.6499023,60.9804993,453.7229919,159.1909943,7.6926899,175.8829956,66.4185028,20.0454006,147.9409943,82.8254013,18.5573997,0.0
364.993988,2543.8898926,66.0355988,358.1950073,200.3240051,20.6264992,338.0480042,2628.4099121,73.7951965,282.9460144,188.2660065,10.6659002,177.8209991,37.8381996,16.7702007,142.029007,50.4285011,14.5952997,0.0
245.2380066,3449.8500977,46.0960999,475.4330139,172.6759949,9.6710701,268.4880066,3314.4799805,57.0858994,432.8129883,152.8329926,5.3179102,150.4499969,58.2616005,20.3031998,147.647995,70.3676987,18.8598003,11.3
461.1990051,2476.5800781,85.7835007,341.7369995,212.8320007,26.2541008,454.92099,2563.6201172,89.8927002,267.8370056,189.8619995,12.6344004,179.2680054,35.1249008,16.7964993,139.9190063,48.3373985,15.2772999,0.0
297.2640076,3479.3999023,48.8199005,515.4199829,169.9019928,11.7559004,315.3630066,3119.4699707,65.3526993,381.9649963,145.3679962,5.2146001,155.8769989,60.8065987,19.9337006,146.3350067,74.4605026,17.7551994,0.0
461.0150146,2475.3500977,86.4244995,348.8729858,213.6410065,26.3731003,452.6679993,2563.8000488,90.569603,269.6919861,189.8910065,12.6597996,181.802002,35.2723007,16.8185997,141.0769958,47.9915009,15.5122995,0.0
280.6430054,3444.25,44.7453003,554.0709839,161.9570007,12.0586996,246.1889954,3548.5600586,50.2033997,480.9309998,160.125,8.2345304,172.0980072,58.6777992,20.4605999,153.2850037,72.2791977,21.1383991,0.0
275.9710083,3449.1298828,48.8987999,482.7669983,173.3760071,10.6946001,302.9760132,3317.0700684,59.3147011,427.0589905,152.8049927,5.6710901,139.8099976,56.6234016,20.1215992,142.4400024,68.2777023,16.6821003,0.0
329.9179993,2927.4399414,63.9109001,422.1440125,191.2519989,18.1114006,320.54599,2992.7099609,69.7574997,370.2990112,179.0910034,10.0117998,172.6849976,46.2291985,18.7749996,150.5399933,57.1833992,18.9036999,22.5
302.230011,3473.6999512,48.8939018,484.2789917,164.348999,11.0985003,310.6560059,3408.2099609,57.0177002,440.6390076,153.8439941,6.3730202,149.2369995,59.1543007,20.1222,145.7279968,72.1611023,17.8694,22.5
497.9030151,2440.5400391,96.0017014,370.5440063,219.2440033,28.9442997,485.5599976,2554.8601074,98.5102997,272.0090027,191.0599976,13.5495996,188.8500061,35.1409988,16.9022007,143.9629974,46.1735992,16.1830006,22.5
451.928009,2493.9699707,81.4943008,317.9129944,205.677002,25.3983002,454.0610046,2590.8500977,85.4841995,260.7430115,190.0039978,12.4201002,159.6069946,35.0923004,16.8505993,132.5549927,50.8087006,13.7479,0.0
168.0950012,2685.1499023,47.7673988,378.3190002,194.9880066,15.4478998,122.8769989,2689.1298828,54.8307991,308.6619873,183.9790039,8.6658297,164.5529938,41.2314987,17.0293999,143.0019989,54.0497017,16.6977005,0.0
147.654007,3006.3999023,41.8550987,459.3259888,178.8699951,10.9813004,125.6119995,3057.3500977,51.0140991,381.8640137,175.7050018,6.2252698,162.753006,50.7220001,17.7649994,148.2850037,63.0597,18.3456993,11.3
497.5539856,2437.6899414,95.8182983,366.6340027,219.3439941,28.9277,486.368988,2553.6101074,98.3608017,271.1560059,191.1009979,13.559,188.5010071,35.0051003,16.9015999,143.6670074,46.1991005,16.1438999,22.5
244.5820007,3506.7099609,46.0556984,516.6589966,172.0440063,11.6775999,260.9450073,3017.1499023,65.4235992,360.0369873,143.029007,4.6188998,158.0039978,58.5923996,19.9582996,147.6529999,70.9637985,18.0746002,11.3
317.9400024,3484.3200684,48.7294006,498.8760071,161.1439972,11.7607002,310.9169922,3557.5200195,56.239399,451.0549927,161.5279999,6.8333001,156.0690002,60.3658981,20.0142002,146.9790039,74.1809998,18.1086998,0.0
335.3240051,2880.0100098,65.2677002,412.9989929,193.2559967,18.7490005,325.1889954,2961.8100586,71.0955963,361.7149963,179.7949982,10.2632999,173.0879974,45.1748009,18.7143002,150.1399994,56.1949005,18.656601,22.5
240.7339935,3119.1000977,47.0455017,460.7090149,172.8809967,12.8139,222.3829956,3149.5100098,56.1228981,396.5350037,171.9149933,7.7519698,163.5700073,51.2286987,18.3945999,147.3150024,62.6749992,18.5650005,11.3
375.8859863,2557.6799316,70.5212021,374.6029968,204.0839996,21.7700996,350.7219849,2633.5100098,77.6365967,285.9869995,186.1750031,10.9090004,180.6360016,37.975399,16.9538002,142.6130066,50.4985008,15.9484997,0.0
186.2960052,2708.25,48.4202003,400.6560059,188.3090057,15.1932001,135.5879974,2713.4599609,57.3033981,319.4729919,184.0200043,8.67243,164.2409973,42.9417992,17.0195999,144.7279968,53.4812012,16.5487003,0.0
286.0559998,3449.5300293,45.1058998,555.0390015,161.9470062,12.2852001,250.8359985,3549.5600586,50.5999985,481.0830078,159.9629974,8.2380304,172.7039948,58.8196983,20.4617004,153.3580017,72.5428009,21.1450996,0.0
385.0109863,3536.6599121,52.2557983,552.8920288,158.9329987,14.3495998,364.3240051,3586.8200684,63.8214989,458.6149902,158.8280029,7.8501,167.6699982,66.2347031,20.4044991,146.6690063,83.6990967,18.1664009,0.0
330.178009,3504.1799316,49.337101,499.9079895,160.0670013,11.9324999,322.618988,3566.8601074,57.2188988,441.9140015,161.177002,6.7743502,154.3880005,61.269001,19.8677998,145.7890015,75.8289032,17.0128994,0.0
370.4909973,3524.6699219,51.1381989,559.2600098,157.4839935,14.0047998,348.5310059,3599.6499023,62.3050003,467.6679993,158.7050018,7.9425602,168.901001,65.6411972,20.7698994,146.1580048,83.5282974,18.4494991,0.0
244.7059937,3497.1699219,46.0984993,512.4509888,172.201004,11.5045996,262.9140015,3030.8701172,64.6707001,363.4230042,143.6529999,4.6651902,157.1170044,58.4301987,19.9461002,147.4980011,70.7435989,18.0060997,11.3
111.5149994,2798.8898926,37.8019981,426.7340088,190.7859955,12.2803001,56.9104996,2766.5700684,44.1165009,338.8710022,183.7810059,7.00734,164.9060059,45.5223999,17.2325993,146.9320068,58.2050018,17.9232998,0.0
327.0209961,2998.2700195,61.6960983,443.8890076,189.3560028,18.1058006,323.5539856,3091.3400879,67.0370026,377.3959961,175.3110046,9.9941196,173.4290009,46.9779015,18.1774006,149.7890015,58.6301003,18.9489002,22.5
145.6100006,3376.3100586,37.1708984,557.8829956,171.4960022,6.69135,156.0619965,3061.3701172,52.9211998,403.5379944,149.0130005,4.2364202,173.1719971,57.3031006,19.8687992,158.3159943,68.3153,21.5226994,0.0
244.220993,2631.6201172,54.7004013,369.0859985,190.5559998,17.3397999,193.2169952,2679.0500488,63.9869995,300.9230042,184.5980072,9.6325798,162.0379944,40.8622017,16.8227997,141.2879944,52.0368996,15.6155005,22.5
186.7539978,3388.0900879,39.9337006,537.2890015,168.8950043,7.7564201,192.5350037,3206.7900391,51.3170013,430.9949951,152.7050018,5.3027902,169.8509979,57.9258003,19.8377991,156.3399963,69.4453964,21.3495007,0.0
291.2109985,2600.6499023,56.7494011,386.0339966,193.5930023,18.2161999,253.0399933,2662.8400879,66.1440964,296.3999939,184.9900055,9.7765799,179.0939941,39.8086014,16.8097,145.4859924,51.226799,15.7727003,22.5
306.4330139,2968.4399414,60.0196991,428.5679932,188.0809937,16.6616993,297.5429993,3015.7299805,66.8181,375.9979858,178.1719971,9.3454905,170.9660034,47.469799,18.8075008,150.5610046,58.5867996,18.9491997,22.5
241.0850067,3450.8000488,46.0783005,490.0960083,174.5700073,10.6786003,267.5910034,2994.2199707,63.5591011,363.5419922,144.9559937,4.3400402,154.822998,58.2887993,19.4235992,150.6959991,69.5808029,18.3717995,0.0
97.6119003,2783.6298828,37.4104004,405.5690002,193.6569977,12.1480999,46.8535004,2724.0900879,45.0718002,322.6069946,183.5449982,7.0345702,165.3249969,43.9992981,17.1074009,144.6940002,56.7887001,17.2549,0.0
267.1080017,3422.5400391,45.2882996,507.3439941,161.2660065,10.5869999,260.026001,3542.1699219,51.7276993,473.2940063,162.3339996,7.0427599,162.2689972,58.2377014,20.3395004,151.1880035,70.4599991,20.8341007,0.0
225.8119965,3397.5700684,41.9570007,530.7219849,163.927002,9.4040804,216.2070007,3532.6201172,49.3054008,473.9150085,163.4250031,6.7796502,167.673996,57.8930016,20.4256001,153.223999,69.9934006,21.0296001,22.5
108.1279984,2971.6499023,36.1506996,451.9719849,185.9980011,10.5488997,75.3373032,2885.3100586,46.0456009,365.6700134,180.1369934,6.3731799,169.5749969,49.3279991,17.3854008,152.052002,61.2030983,18.5296993,0.0
340.6610107,3502.8798828,50.6437988,517.1469727,165.0180054,12.6675997,342.618988,3303.8400879,63.2140999,413.5249939,149.5659943,6.3830099,156.8179932,62.6442986,19.9099007,144.9409943,77.6874008,17.2966003,0.0
120.3079987,3199.1999512,36.5713997,516.1259766,180.5399933,8.8563805,93.3498993,2842.8601074,52.3800011,354.0589905,161.0240021,4.7767601,165.7879944,53.0460014,19.2394009,152.4459991,64.1873016,19.5960999,0.0
123.0220032,2783.6000977,36.3647003,427.82901,190.9440002,12.3969002,57.7243004,2776.6999512,42.9463005,338.7850037,184.1490021,6.96769,168.3699951,45.6693001,17.2089996,147.8040009,59.3773994,18.2744999,0.0
309.3819885,3484.6599121,49.6693993,491.1080017,166.4420013,11.4152002,320.1029968,3370.2800293,58.9878006,426.9729919,152.6199951,6.16819,147.1809998,59.152401,20.0410995,144.4680023,72.4246979,16.8064995,22.5
272.5140076,3428.9499512,45.0570984,525.9680176,162.4850006,11.4574003,251.2030029,3537.4199219,50.0754013,480.7219849,161.2949982,7.4825702,169.6159973,57.3662987,20.3903008,154.0899963,69.6588974,21.5832996,11.3
419.3059998,2335.4099121,75.5215988,272.5169983,194.8829956,26.8477001,416.0440063,2519.8000488,78.7602997,249.0399933,189.4140015,13.3484001,170.9349976,32.0629005,16.4913998,138.7039948,46.1144981,14.3480997,22.5
305.0759888,2901.6899414,60.5596008,412.3890076,189.2389984,16.6228008,296.2720032,2963.9299316,68.8479004,352.8370056,181.3280029,9.12537,165.9100037,46.9586983,18.3911991,145.9060059,58.4808006,17.7998009,33.8
267.2659912,3428.6499023,44.1764984,542.8010254,162.2220001,11.4160995,239.5769958,3543.7099609,49.6137009,480.0220032,160.9309998,7.8731799,170.4550018,58.0840988,20.4388008,153.3309937,71.0664978,21.2287998,0.0
274.6919861,3433.8500977,45.1461983,529.0139771,163.7680054,11.6988001,250.072998,3530.2099609,49.7004013,484.5939941,161.1580048,7.4819899,173.3910065,56.8753014,20.4211006,156.2440033,68.9219971,22.1557007,11.3
365.4150085,3517.6499023,51.7957001,520.90802,162.0429993,13.4212999,358.3519897,3566.6398926,62.7570992,445.0029907,160.6170044,6.9667802,160.2870026,64.2026978,20.1039009,146.1289978,79.9829025,17.3258991,11.3
139.7870026,3242.3500977,39.7770004,530.3330078,176.5350037,9.0871897,145.6130066,2914.9199219,56.8727989,374.302002,150.878006,4.6261501,171.2660065,54.8186989,20.2436008,158.9609985,64.6202011,20.7033997,0.0
296.196991,3486.8601074,49.5043983,496.5750122,170.2850037,11.6295004,315.1640015,3184.8898926,64.0058975,393.4649963,148.1260071,5.2971001,152.3200073,59.7925987,20.1485996,147.1959991,72.9001999,17.5414009,0.0
216.2200012,2889.6899414,51.5173988,418.1749878,188.6959991,14.7021999,194.9920044,2934.5600586,59.385601,355.3420105,180.2440033,7.93327,167.0,46.7487984,18.1756992,148.7109985,59.4469986,18.1956005,22.5
181.5399933,3392.8300781,40.4528008,529.90802,173.6130066,8.0599403,201.5930023,3113.4799805,54.7015991,413.2780151,149.1649933,4.3169298,171.2920074,57.915699,19.8764992,158.9490051,69.5274963,20.9867992,33.8
200.723999,3409.6599121,41.4775009,524.8519897,170.4669952,8.1875095,210.8569946,3238.6899414,53.0029984,435.4079895,152.4859924,5.0777798,168.6150055,58.4497986,19.8945007,156.022995,70.2377014,21.1243,0.0
414.6440125,2515.2399902,73.9797974,333.4909973,203.0639954,23.0774002,403.7690125,2606.4799805,79.7111969,270.5870056,189.1829987,11.5674,168.3950043,36.2438011,16.8038998,137.5789948,50.4630013,14.1780005,33.8
326.5450134,3484.6201172,47.8148994,559.2949829,160.673996,13.3593998,292.5759888,3565.6298828,55.4095001,474.9379883,159.2169952,8.1529598,173.4470062,61.6927986,20.4603996,151.4250031,76.9925003,20.2383003,0.0
367.7520142,2403.6699219,70.3618011,300.2269897,201.3269958,24.4526005,355.276001,2572.6101074,75.2985992,263.2449951,190.0160065,12.4326,167.3470001,34.2844009,16.8332996,140.2359924,47.4455986,15.0448999,0.0
358.7349854,2539.4299316,65.1572037,353.2669983,199.3220062,20.5223999,331.821991,2629.0300293,72.9001999,281.8880005,188.2409973,10.6693001,175.0059967,37.7613983,16.7264996,141.3500061,50.3885994,14.401,0.0
301.1239929,2638.2600098,59.4926987,405.5960083,201.5780029,18.6968002,262.4379883,2663.9799805,68.5087967,299.1929932,185.720993,9.4616003,181.9889984,40.4928017,17.0331001,145.1040039,52.4016991,16.7558994,0.0
199.1620026,2589.0700684,57.6533012,364.0450134,202.8809967,19.5874004,161.3930054,2654.5,63.6780014,298.8200073,187.977005,10.7480001,168.5240021,40.1337013,16.4920006,144.2400055,50.7825012,16.3456001,22.5
383.7049866,2377.6999512,76.1455994,303.6080017,210.3540039,25.6221008,374.2070007,2531.5800781,80.9580994,259.8080139,190.6869965,13.1108999,175.2489929,33.8047981,16.6826,141.6790009,45.7411003,15.3224001,22.5
296.8349915,2446.1999512,69.7330017,336.5329895,214.901001,23.2999992,289.026001,2572.0900879,78.0764999,273.6629944,192.6309967,12.4484997,176.496994,36.2779007,17.1021004,142.3630066,45.9339981,16.0692005,22.5
295.4989929,3447.1298828,47.4188004,496.394989,160.4320068,11.3175001,290.5849915,3547.3999023,53.9832993,466.427002,161.8240051,6.9700599,158.2070007,58.834301,20.1884003,149.3650055,71.4653015,19.9631004,0.0
230.3589935,2640.1999512,54.2504005,361.2290039,188.3049927,17.0086994,171.0480042,2683.1799316,63.8949013,302.9580078,184.451004,9.6042299,157.0549927,41.3927994,16.7830009,139.1999969,52.3249016,15.4188004,22.5
252.5130005,3436.1298828,47.2863998,475.2430115,174.9660034,10.2215996,287.3999939,3252.9099121,59.8056984,417.6549988,151.0559998,5.1229701,144.503006,57.2793007,20.1040993,146.3509979,69.5650024,17.5844002,11.3
300.3359985,3455.2199707,46.7374992,525.4559937,162.2799988,12.2007999,276.2799988,3545.7900391,52.634201,472.2009888,160.7980042,7.40488,169.6369934,59.0345993,20.2784004,152.8000031,72.2166977,20.6138,11.3
278.1650085,3127.6599121,51.0035019,464.4819946,175.7129974,14.6117001,256.5299988,3261.2600098,57.3347015,405.723999,172.7339935,8.6721296,162.1340027,51.1481018,18.2514,146.1730042,63.2285995,18.9687004,22.5
136.322998,3410.2299805,37.5094986,551.6569824,176.2180023,7.2202601,151.6849976,2769.0900879,59.7155991,337.6610107,141.977005,3.0754099,172.5319977,57.0738983,19.8285007,159.1060028,66.9909973,21.1963997,0.0
149.8110046,2976.1999512,42.4991989,451.8269958,179.5480042,11.4004002,125.1279984,3036.8601074,51.3786011,376.8659973,175.9900055,6.4384599,162.2969971,50.0068016,17.7168007,147.9759979,62.3021011,18.1928005,11.3
215.572998,3409.9199219,42.2271996,517.6359863,167.5639954,8.5303602,220.9340057,3280.3798828,52.0003014,441.7600098,154.0279999,5.7163701,165.7700043,58.4566002,19.8125992,154.2460022,70.1785965,21.0562,11.3
479.0069885,2406.1899414,88.6307983,305.0710144,213.1239929,28.3246002,484.4930115,2535.0600586,91.3947983,254.8710022,190.75,13.4832001,174.8600006,32.8785019,16.8292007,136.8099976,47.4230995,15.085,22.5
295.6319885,3453.1000977,48.3412018,474.3859863,160.4940033,10.7109003,306.7359924,3428.6899414,56.1646004,451.5369873,154.6929932,6.5178399,148.6829987,59.4962006,20.2091007,146.1119995,72.0784988,19.0501003,22.5
360.8590088,3526.5400391,51.7780991,538.7750244,165.5010071,13.5685997,360.8349915,3239.4699707,67.3683014,402.928009,148.2059937,6.4798598,160.7310028,64.2138977,20.0335007,146.1999969,80.013298,17.8876991,11.3
309.9719849,2446.3898926,66.8802032,323.1530151,207.1779938,22.9307995,296.7319946,2579.9299316,74.3803024,271.8500061,191.477005,12.0845003,171.4790039,35.8055,17.0111008,140.7460022,47.1521988,15.6424999,0.0
321.1270142,3499.3300781,50.4527016,501.2229919,167.3359985,12.1229,330.7869873,3279.7600098,62.9542999,408.5700073,150.0659943,5.9096799,152.7299957,60.8209,20.1217003,146.2449951,74.7213974,17.2259007,22.5
546.835022,2320.9099121,108.1060028,332.0549927,232.0919952,33.0924988,550.5910034,2507.9299316,108.7509995,257.0809937,193.9470062,15.2771997,193.322998,32.1052017,17.0685005,142.4309998,43.2188988,16.5944996,33.8
154.4230042,3170.4799805,40.1645012,501.9460144,179.9259949,9.87535,129.8529968,2889.3200684,53.9772987,361.071991,163.2129974,5.5436301,164.0800018,52.6786995,19.2033997,151.447998,63.9884987,19.3724995,11.3
357.4230042,2974.9399414,68.1937027,446.4309998,190.8529968,19.6947994,352.605011,3105.1599121,72.6203003,380.7579956,173.3379974,10.8146,178.9369965,46.6483994,19.5067997,150.8419952,57.9217987,19.0351009,33.8
142.2189941,2913.7900391,41.5127983,437.9790039,187.1029968,12.2367001,111.7289963,2866.2800293,50.7700005,358.3250122,180.2590027,7.1567101,169.3309937,47.792099,17.3395004,151.2160034,59.7956009,18.2793999,11.3
512.4860229,2340.5800781,99.6191025,315.2109985,228.197998,31.2786007,518.8930054,2505.5600586,101.6849976,254.8820038,192.7189941,14.5207005,191.6410065,31.6105003,17.1837997,140.7590027,44.1744995,16.8034992,0.0
173.427002,2700.2600098,48.2279015,385.6229858,191.878006,15.2931995,125.189003,2700.2299805,56.0290985,313.3269958,183.9830017,8.6722002,162.5440063,42.1001015,17.0230999,143.1660004,53.8249016,16.5713997,0.0
254.4409943,2957.4399414,53.6892014,432.071991,184.4440002,14.6251001,243.451004,3030.2199707,62.0936012,373.8410034,175.6690063,8.2789001,167.6399994,47.530899,18.9377003,149.1410065,59.9271011,18.9589996,11.3
272.7810059,3463.6799316,47.6128006,470.7049866,167.2799988,10.1436996,288.9830017,3383.4899902,56.8755989,442.0809937,154.1080017,5.9044499,148.5319977,58.9626007,20.2964993,145.7850037,71.1463013,18.8449001,0.0
423.6870117,2514.6298828,79.3507996,362.3120117,208.7660065,24.2434998,406.5169983,2613.8100586,84.6591034,279.0830078,186.723999,11.8393002,181.1529999,36.4794006,16.9950008,141.3339996,49.5098991,15.9471998,33.8
351.8210144,3156.0800781,62.4029007,490.6400146,189.3630066,17.9888992,329.6380005,3296.2900391,68.6143036,420.730011,176.0310059,10.4542999,179.4600067,52.8306007,20.1266003,153.3110046,61.8283005,19.8171997,0.0
581.7880249,2314.5900879,114.6940002,348.9370117,231.5910034,34.5435982,579.2789917,2515.4199219,113.6330032,260.4880066,194.6950073,15.8774996,193.4279938,32.7392006,17.0011997,143.6670074,42.8900986,16.4452,0.0
553.6879883,2271.1799316,111.9089966,327.8349915,242.1809998,34.3116989,560.7479858,2478.6298828,112.8759995,250.7200012,195.8280029,15.9785004,198.5970001,31.4108009,17.1126003,144.0500031,41.0354004,16.8539009,0.0
337.3559875,2465.2600098,65.9095001,318.678009,199.4190063,22.5471992,318.1099854,2603.5800781,71.8975983,270.144989,189.1060028,11.5918999,160.901001,35.8008003,16.7842007,139.4660034,48.8498993,14.9512997,33.8
444.4379883,2466.2299805,79.4766006,308.5390015,203.5319977,25.5380993,446.7460022,2580.2299805,83.3936005,258.8699951,189.9089966,12.4970999,162.3739929,34.4188995,16.8355999,134.6080017,49.8255005,14.0267,0.0
270.0409851,3473.5700684,48.1142006,492.9849854,172.4389954,11.0639,295.3330078,3101.0800781,64.2586975,379.980011,146.4450073,4.7583499,152.7779999,58.969799,20.1618996,148.3269958,71.3528976,17.8705997,11.3
259.0090027,3423.5700684,45.0966988,500.2030029,162.0350037,10.0146999,258.7359924,3541.5800781,52.5699997,469.322998,163.201004,6.6578798,160.0829926,58.6324997,20.3400002,150.3410034,70.7263031,20.5778008,22.5
272.8410034,2609.0200195,55.8170013,377.9869995,192.3370056,17.9379997,231.7109985,2669.7800293,64.9422989,297.4440002,184.8130035,9.7486095,170.973999,40.0803986,16.8073006,143.6390076,51.5320015,15.6564999,22.5
499.4750061,2441.1899414,96.3873978,373.0910034,219.298996,29.0317001,486.4110107,2555.3300781,98.813797,272.4729919,191.0709991,13.5712996,189.1179962,35.2072983,16.9036999,144.154007,46.1249008,16.2115002,22.5
497.8760071,2291.6000977,98.7817001,312.3039856,242.7180023,30.8880997,501.0710144,2466.2900391,100.2689972,245.4450073,194.5939941,14.8748999,198.7330017,29.7331009,17.0524006,144.1719971,43.9749985,17.1893997,33.8
170.3950043,2688.3999023,47.9715004,379.8580017,194.1300049,15.4406004,124.3840027,2691.8500977,55.2228012,309.7070007,183.9880066,8.6822596,163.9129944,41.4483986,17.0256004,143.003006,53.9760017,16.6544991,0.0
282.9779968,3435.7199707,47.2524986,477.7999878,158.5690002,10.3290997,292.631012,3552.4599609,55.2872009,463.3739929,162.947998,6.56569,150.4530029,59.5194016,20.1921005,146.5469971,71.8209,19.7546997,22.5
352.1440125,3495.0900879,49.8572006,520.632019,159.2380066,13.1332998,329.9859924,3575.0700684,58.9235001,447.2850037,160.0829926,7.2435298,164.6009979,63.9648018,19.9810009,147.1230011,79.504097,17.7068996,11.3
235.1909943,3416.7600098,43.4748993,508.9979858,164.602005,9.2546396,236.7039948,3534.1000977,51.957901,467.8259888,164.2779999,6.22791,162.9589996,58.5335007,20.3920994,151.5639954,70.4456024,20.6875992,0.0
299.9949951,2803.1101074,59.4443016,384.6600037,188.2290039,17.8712006,281.2799988,2853.8500977,66.9456024,331.7940063,181.098999,9.8377705,160.0529938,45.6419983,16.4778004,138.8630066,57.1189995,16.4932995,33.8
552.0130005,2345.3898926,108.1800003,344.7739868,228.7489929,32.7680016,550.6090088,2522.0300293,108.4599991,261.3619995,193.5859985,15.1345997,191.6860046,32.9751015,16.9932995,142.9450073,43.8874016,16.3633995,33.8
201.2169952,3494.7900391,43.5891991,515.4849854,174.6759949,10.6022997,224.3000031,2870.0,66.2606964,334.0369873,139.996994,3.6881399,159.3289948,57.3732986,19.9810009,149.4080048,68.3722992,18.5876999,33.8
244.3890076,3515.7600098,46.0220985,520.4639893,171.9179993,11.8414001,259.1809998,3005.5900879,66.1304016,357.1879883,142.4589996,4.5743999,158.7420044,58.7300987,19.9689999,147.7799988,71.1559982,18.1338005,11.3
387.9580078,2555.0900879,74.2934036,385.0660095,207.5469971,22.7614994,361.1270142,2632.0800781,80.5276031,287.696991,186.5809937,11.1211004,183.4369965,37.9278984,17.0456009,143.4210052,50.3731003,16.5370998,0.0
130.5169983,2732.5100098,42.5688019,390.6820068,194.8739929,13.7924004,83.2573013,2704.0100098,49.8685989,314.7850037,183.7380066,7.85604,165.2940063,42.4394989,17.0697002,143.8130035,55.3709984,16.9864998,11.3
269.5310059,3426.3300781,44.8103981,527.3289795,162.1690063,11.3037996,248.7409973,3540.0400391,50.0937996,479.45401,161.3650055,7.5171099,168.6799927,57.6323013,20.3952007,153.397995,70.0770035,21.3759003,11.3
264.1870117,2649.8500977,53.3115997,407.4890137,195.7109985,17.2208996,221.5930023,2676.1499023,63.1853981,303.1430054,185.0630035,9.1112499,181.0480042,41.0354004,16.9643002,146.4519958,52.6249008,16.6299,0.0
180.628006,3493.2600098,42.1525993,520.9979858,177.4219971,9.5340405,197.0570068,2641.0700684,70.0680008,291.2980042,136.302002,2.50472,163.3170013,57.8335991,19.5639992,154.345993,67.2312012,19.6777,0.0
256.6109924,2703.5500488,52.6278992,422.3779907,202.0359955,16.5874004,211.2120056,2680.2399902,63.0835991,305.8529968,185.5829926,8.28016,181.9219971,42.2794991,17.0851002,145.6139984,53.9343987,17.1259003,0.0
282.8250122,2645.8701172,56.3061981,406.4249878,198.9850006,17.9132004,242.2980042,2670.0200195,65.7970963,301.052002,185.4160004,9.2532797,181.3609924,40.7966003,17.0037003,145.5829926,52.5974007,16.6849003,0.0
178.9720001,3385.9699707,40.0056,540.8839722,172.7819977,7.8866801,196.5639954,3153.5800781,53.7722015,426.822998,149.9980011,4.3994198,176.1499939,57.9709015,19.969101,161.6909943,69.8495026,21.5412006,33.8
496.2279968,2430.7700195,95.0764999,353.8919983,219.4980011,28.8449001,488.9360046,2549.6699219,97.7231979,268.230011,191.1750031,13.5630999,186.9640045,34.5632019,16.9004002,142.5189972,46.3581009,15.9968004,22.5
224.0050049,2631.7399902,54.1543007,360.4410095,192.1159973,17.3306007,174.3130035,2674.8200684,62.3833008,300.6279907,184.378006,9.6394796,160.1260071,40.4300003,16.8934994,140.8190002,52.2450981,15.8880997,22.5
221.2510071,3418.1298828,44.6123009,473.6279907,177.0279999,9.4942503,259.6170044,3195.9799805,58.740799,414.1400146,150.1060028,4.6006598,148.5180054,57.7531013,19.4109001,150.3789978,70.2269974,18.4225006,0.0
335.7869873,2600.2399902,64.8097992,393.605011,202.7819977,20.1851006,302.7109985,2650.4399414,72.9263992,293.7019958,185.9490051,10.1596003,181.9980011,39.3442001,17.0072994,144.2899933,51.4532013,16.4838009,22.5
164.8650055,3379.4399414,38.4244003,549.0419922,170.2830048,7.1712499,173.1410065,3135.4699707,51.903801,418.1400146,150.9349976,4.7646499,171.9279938,57.6063995,19.8595009,157.5440063,68.9045029,21.4645996,33.8
323.019989,2474.5400391,65.0279999,319.7680054,199.6210022,22.1485996,299.9890137,2604.5700684,71.2881012,273.6619873,189.1730042,11.5200996,163.1470032,36.2723999,16.8432007,140.3540039,48.8807983,15.1911001,33.8
496.196991,2436.9399414,95.4294968,363.6069946,219.2799988,28.8449001,485.8800049,2553.0,98.0449982,270.5539856,191.0899963,13.5377998,188.1210022,34.9199982,16.8999996,143.4060059,46.262001,16.1061993,22.5
138.2720032,2765.7099609,37.1456985,431.7999878,190.0410004,12.7965002,76.5400009,2744.1699219,46.0573006,328.6669922,184.0780029,7.1764002,174.1210022,44.8266983,17.1028996,148.5879974,57.2528992,17.7859001,0.0
324.6319885,2601.0900879,62.3348007,390.730011,200.2330017,19.5678997,290.9559937,2653.3898926,70.9244995,293.9840088,185.673996,10.0374002,181.0899963,39.449501,16.9554005,144.4129944,51.4626007,16.2451992,22.5
383.9460144,2685.5700684,74.0838013,389.2789917,203.0859985,22.7616997,371.2510071,2823.8500977,78.6360016,337.5469971,182.5359955,12.2296,177.3699951,41.4836998,17.8992996,146.2660065,51.4155998,18.0841999,33.8
534.2280273,2290.0500488,106.4039993,318.9679871,236.2570038,33.1376991,541.3790283,2486.9799805,107.7389984,251.9909973,194.3509979,15.3591995,197.1260071,31.0380001,17.1784992,142.7380066,42.2599983,17.0403004,33.8
575.1790161,2293.1201172,114.6800003,338.4060059,235.4470062,34.7694016,577.8629761,2501.9899902,114.1620026,256.5310059,195.1519928,16.0100994,195.0619965,32.0755005,17.0534,143.3930054,42.1478996,16.6042995,0.0
208.0059967,2701.8100586,45.4819984,422.3779907,192.927002,15.1414003,157.2720032,2699.5500488,55.9552002,312.4309998,184.6000061,8.2027197,180.0180054,42.6325989,17.0067005,147.8309937,54.1739998,17.0925999,11.3
287.8200073,3447.8500977,45.4580002,547.1950073,163.095993,12.3934002,254.2259979,3542.4199219,50.6265984,482.3880005,160.2810059,7.8618598,175.3739929,58.2452011,20.4400997,155.0209961,71.4348984,21.5884991,0.0
367.4670105,2556.9099121,67.8304977,367.9360046,201.5449982,21.0449009,341.8890076,2635.7900391,75.4695969,285.1220093,185.9250031,10.7395,178.7039948,38.0761986,16.8614006,142.0249939,50.5862999,15.4284,0.0
183.8930054,3397.8100586,40.8713989,519.2119751,174.2689972,8.2366104,206.9049988,3081.2199707,55.5222015,403.0599976,148.4140015,4.2364302,167.7189941,57.8283005,19.8031006,157.2799988,69.2202988,20.5494995,33.8
546.2230225,2272.6899414,110.6060028,327.6719971,244.401001,33.9151993,553.3740234,2472.8300781,112.1050034,249.3390045,196.0899963,15.9081001,199.1569977,31.5021992,17.0946999,144.5500031,40.8572998,16.8010006,0.0
291.7579956,3476.6999512,49.3250999,492.6650085,170.6459961,11.4068003,312.9570007,3214.9499512,62.7741013,400.375,149.0970001,5.3815699,150.1920013,59.1893005,20.1266003,146.5599976,72.1381989,17.3677998,0.0
205.529007,2601.0700684,56.7056007,363.519989,200.0809937,19.1047001,165.6340027,2660.0100098,63.1707001,299.651001,187.5399933,10.5017996,166.4620056,40.2392006,16.4720001,143.7910004,51.1025009,16.2259007,22.5
313.8190002,2634.2399902,61.8801003,406.4750061,203.526001,19.2784996,275.9190063,2660.2600098,70.5091019,298.2730103,185.9600067,9.5956497,182.6499939,40.332901,17.0580006,144.8999939,52.2784996,16.8523006,0.0
341.552002,3513.2800293,50.8998985,531.8629761,166.8829956,13.0198002,347.3590088,3193.8898926,67.1308975,394.2319946,146.9759979,6.0081801,159.326004,63.221199,19.9993,146.2700043,78.3508987,17.8365993,0.0
184.7590027,2736.3898926,41.9104996,428.7619934,194.0879974,14.0337,130.647995,2708.8400879,52.7672997,315.8410034,184.5789948,7.5714598,179.0930023,43.5690002,17.0475006,147.4660034,55.3123016,17.2639008,0.0
420.0140076,2519.3400879,76.2121964,345.8540039,206.0549927,23.4447002,406.4450073,2605.5900879,81.9237976,274.4660034,189.3580017,11.6358995,174.9980011,36.4324989,16.9204006,139.9199982,50.0248985,14.8945999,33.8
295.5840149,3440.8898926,48.2492981,469.2650146,155.9400024,10.5052996,310.3580017,3443.7600098,56.2923012,454.0180054,154.8500061,6.5816002,143.9219971,60.0038986,20.1376991,144.4120026,72.5808029,19.1420002,22.5
216.8070068,3426.0200195,43.8409004,488.5360107,174.4299927,9.0314398,243.5679932,3214.4699707,56.4668007,421.4240112,151.0919952,4.78686,156.6959991,58.0794983,19.6767998,151.9819946,70.0604019,19.4869003,0.0
398.394989,2379.7600098,71.6425018,287.6130066,195.5879974,25.4403,394.5310059,2563.6201172,75.6700974,255.0549927,189.5279999,12.6594,163.9389954,33.1699982,16.7071991,138.227005,47.3697014,14.3864002,0.0
372.2839966,2735.4199219,72.0776978,400.6679993,201.7649994,22.0275002,363.3389893,2893.6899414,76.5460968,345.2109985,183.3670044,11.9116001,176.2019958,42.6058006,18.2961006,143.7550049,52.4578018,18.2654991,33.8
355.0400085,2417.2700195,70.1849976,306.9320068,204.0549927,24.0496998,339.4960022,2576.0300293,75.4677963,266.8150024,190.2899933,12.3442001,169.1100006,34.8423004,16.8903999,141.1190033,47.4566994,15.3241997,0.0
292.223999,3048.1799316,56.0904999,445.1210022,183.0709991,15.6921997,272.7550049,3099.0600586,62.543499,381.0119934,172.2420044,9.0007601,168.7649994,47.8933983,18.2273998,145.5679932,60.9155998,18.7835007,22.5
177.7940063,3498.5100098,42.1417999,520.7689819,175.8170013,10.1125002,201.0540009,2778.3100586,67.4561996,316.6040039,137.8659973,3.14428,160.9459991,56.9277,20.0046997,150.4429932,67.2360992,18.9305992,0.0
215.7720032,2724.2600098,46.1701012,425.5130005,197.8739929,15.0078001,165.9190063,2694.8500977,57.1545982,310.7690125,185.0220032,7.8130999,180.3569946,43.0227013,17.0611,146.4140015,54.7187996,17.1441994,0.0
280.2860107,3440.9599609,45.0181999,545.210022,162.8950043,12.1152,248.3200073,3541.6201172,49.9994011,482.7250061,160.4660034,7.87082,173.9750061,57.8810997,20.4421997,154.7389984,70.8723984,21.6095009,0.0
209.5220032,3487.8200684,44.0480995,511.506012,176.072998,10.3430004,227.0500031,2754.5300293,69.1313019,312.6539917,138.5070038,3.0775199,161.2100067,58.4261017,19.5007992,153.1170044,68.5050964,19.2189999,0.0
369.8900146,2918.5200195,70.6673965,430.9930115,195.572998,20.6798,358.6789856,3013.4599609,74.2003021,366.5050049,178.4759979,11.2208996,177.4019928,45.6467018,18.2073994,149.4940033,56.2885017,18.8139,33.8
99.7463989,2796.2600098,37.2956009,414.7160034,192.1790009,12.0408001,47.5588989,2738.3400879,44.6515007,328.3540039,183.5910034,6.9636698,164.8399963,44.7234001,17.1401005,145.3849945,57.2215996,17.4186001,0.0
370.0710144,3055.1201172,67.7646027,468.07901,198.0870056,19.5976009,352.0130005,3172.4899902,72.9801025,397.1530151,179.0879974,10.8465004,183.2590027,49.2276993,20.5314007,152.8390045,60.5043983,20.0191994,0.0
427.9670105,2512.0400391,81.4745026,373.1440125,210.5379944,24.7954998,407.5740051,2615.6799316,86.2024002,281.7579956,186.9660034,11.9611998,183.9160004,36.5676003,17.0536003,142.5059967,49.3771019,16.4286003,33.8
555.1060181,2348.2399902,108.6500015,348.5379944,228.2700043,32.8311005,552.1710205,2524.4499512,108.7600021,262.3609924,193.5809937,15.1561003,191.6920013,33.1507988,16.9822998,143.2030029,43.9296989,16.3490009,33.8
321.7390137,3499.5500488,49.9709015,525.4370117,168.2599945,12.4688997,333.0920105,3151.5100098,66.6958008,386.631012,145.9360046,5.5900602,158.0079956,62.2042999,19.9713001,146.3710022,76.6718979,17.8164005,22.5
165.8580017,3063.7600098,43.1225014,471.2820129,178.8600006,10.5950003,139.5919952,3106.8898926,51.9431992,387.8859863,176.3280029,6.1215401,162.0839996,51.452301,17.9319,148.5410004,63.7449989,18.3929996,11.3
249.151001,3436.6699219,46.8960991,472.9020081,174.7140045,10.0091,282.4649963,3285.6799316,58.8412018,425.7909851,151.9499969,5.1944299,145.0110016,57.4539986,20.1340008,146.6150055,69.8145981,17.8875999,11.3
314.006012,2604.7299805,60.4026985,391.0409851,198.5200043,19.0807991,279.006012,2656.8100586,69.3244019,294.9909973,185.4869995,9.9056101,180.802002,39.6348,16.9267006,144.7429962,51.5209999,16.1599998,22.5
281.519989,3456.0800781,49.0884018,485.7189941,172.2259979,10.9258003,307.2999878,3288.2800293,60.2983017,418.381012,151.5910034,5.59168,143.5160065,57.4371986,20.1012001,144.1239929,69.6632004,16.8848,0.0
133.8220062,2751.8400879,42.7398987,402.3930054,192.1109924,13.6126003,85.1071014,2720.2700195,50.1710014,321.743988,183.746994,7.80196,163.9440002,43.4369011,17.0963001,144.5070038,55.4990997,17.0515995,11.3
161.6620026,3402.5600586,39.424099,526.5800171,175.6139984,7.9730301,183.2870026,2855.25,58.0360985,354.5509949,143.8110046,3.55849,169.3690033,57.3594017,19.7691994,158.0319977,67.5506973,20.6322002,0.0
219.9089966,3467.1799316,44.7577019,501.223999,174.2700043,10.5494003,247.2359924,2978.2399902,63.3194008,357.5230103,143.3849945,4.2588,155.9940033,57.421299,19.9372005,148.3849945,68.8547974,18.2113991,0.0
376.5490112,3533.1699219,52.2957001,542.6829834,163.3040009,13.9538002,368.7279968,3323.4399414,66.1287994,419.2810059,150.3580017,7.0930099,162.276001,65.1191025,20.0655994,145.8419952,81.6054001,17.8626995,0.0
217.727005,3082.1999512,46.5526009,464.3829956,175.7299957,12.2588997,199.1439972,3130.8601074,55.8834,391.9379883,174.423996,7.26929,163.7299957,50.6365013,18.4918003,149.0379944,62.3614006,18.7922001,22.5
391.0119934,2554.3898926,75.1137009,387.2380066,208.1950073,22.9694004,363.6430054,2631.9599609,81.1380005,288.0350037,186.6719971,11.1639004,183.9170074,37.9294014,17.0596008,143.5540009,50.3586998,16.6333008,0.0
340.9370117,2599.1699219,65.9552002,394.9580078,203.8379974,20.4717999,307.9670105,2649.1699219,73.8434982,293.6010132,186.0720062,10.2199001,182.4470062,39.294899,17.0266991,144.2749939,51.4259987,16.5804005,22.5
119.2409973,2789.0200195,36.5441017,424.8439941,192.1139984,12.3459997,52.9208984,2805.2099609,41.8330002,345.9809875,184.3730011,6.9378901,164.8339996,46.016201,17.3043995,147.246994,60.7382011,18.7758007,0.0
182.4989929,3179.6298828,43.2666016,495.8340149,175.3359985,10.1001997,169.6809998,2981.1000977,56.0546989,386.3399963,159.2559967,5.95087,166.529007,53.8886986,20.0494003,154.5160065,64.1839981,19.9071007,33.8
220.2810059,2665.8999023,47.9575996,415.4859924,187.5789948,16.0321999,172.697998,2690.6799316,58.1884003,310.2839966,184.1609955,8.8503504,182.5639954,41.6780014,16.9162998,150.6649933,52.4906006,17.0543995,0.0
140.0740051,3423.5500488,38.0463982,544.4559937,177.2160034,7.5345302,155.2689972,2676.1398926,61.4136009,315.6640015,140.3329926,2.9712701,171.1849976,57.0293007,19.7964001,158.6139984,66.5357971,21.0433006,0.0
190.7039948,3145.2199707,43.5833015,487.9339905,178.2070007,10.6566,173.8809967,3199.3999023,53.7155991,405.4179993,176.6849976,6.3392701,165.1459961,52.5886993,19.3936996,153.0769958,64.1156006,19.559,33.8
108.5490036,2951.0200195,36.5024986,448.1600037,186.2960052,10.7750998,73.2435989,2876.9299316,46.0937996,363.1069946,180.3190002,6.4706602,168.9149933,48.9361,17.3624001,151.6750031,60.783699,18.4370003,0.0
358.4670105,3504.1899414,50.4943008,519.2299805,159.6199951,13.2025995,340.0870056,3575.1799316,60.1335983,444.3609924,160.1889954,7.1465001,162.7200012,64.2883987,19.9769001,146.375,80.0330963,17.3292007,11.3
184.3430023,2713.5600586,42.8522987,426.1350098,189.7449951,14.5268002,130.5379944,2711.4499512,53.0558014,317.3139954,184.2409973,8.0462198,179.2359924,43.0979996,17.0081005,149.1620026,54.5341988,17.3208008,11.3
369.2139893,2560.2199707,68.8312988,372.5209961,202.6759949,21.3132992,343.5180054,2635.6201172,76.2830963,286.0369873,186.0269928,10.7834997,179.7709961,38.1034012,16.9151001,142.4640045,50.5964012,15.7419996,0.0
420.006012,2519.0700684,77.1062012,352.8450012,207.3930054,23.6700001,404.7099915,2605.6599121,82.7556992,276.5100098,189.4250031,11.6780005,177.9259949,36.5187988,16.9773006,141.1920013,49.7560997,15.3002005,33.8
551.065979,2327.1899414,108.6930008,336.4590149,231.1940002,33.1203995,553.2329712,2512.4199219,109.1090012,258.4169922,193.9190063,15.2877998,192.7400055,32.3931007,17.0384007,142.6119995,43.3852005,16.4969006,33.8
307.0169983,2603.3701172,59.0633011,389.7030029,196.845993,18.7590008,271.1520081,2658.6398926,68.2076035,295.368988,185.3200073,9.8520203,180.5420074,39.6893997,16.8878994,145.0220032,51.4361,16.0223007,22.5
245.2409973,3426.1999512,44.4109993,499.0650024,164.7299957,9.3957701,250.0700073,3360.4899902,52.7366982,451.4689941,155.0319977,6.2390199,160.2830048,58.8390999,20.4710007,150.996994,70.7545013,20.6436996,0.0
273.8259888,2550.8000488,59.7658005,338.677002,196.9730072,19.7492008,237.2879944,2634.0900879,67.3672028,286.0740051,188.3390045,10.6209002,161.4490051,38.4934998,16.8897991,141.0390015,50.2997017,15.4685001,0.0
394.1220093,3551.3701172,53.3432007,543.7340088,160.697998,14.5184002,379.2919922,3576.0500488,65.0680008,452.7869873,159.1829987,7.6338902,164.3919983,65.9075012,20.2828007,146.8099976,82.8803024,17.8948994,0.0
307.6879883,2636.25,60.7206993,405.9899902,202.6109924,18.9953003,269.447998,2662.0100098,69.5409012,298.6950073,185.8450012,9.5297203,182.3220062,40.4090996,17.0464001,144.9850006,52.3414993,16.8055992,0.0
489.1919861,2422.3999023,92.0662994,322.3630066,217.7109985,28.5704994,491.9580078,2540.3898926,94.8515015,259.6929932,191.0749969,13.5052996,179.5709991,33.4715996,16.8985996,138.4170074,47.1780014,15.4878998,22.5
475.9089966,2302.5,94.838501,311.8080139,236.0950012,29.9836006,476.6480103,2477.7199707,97.4029007,248.1179962,194.352005,14.6956997,193.0310059,31.1215992,16.9158993,144.154007,43.4308014,16.4291992,33.8
297.8380127,3463.9499512,48.5409012,479.6629944,162.9369965,10.9097004,306.8179932,3418.6000977,56.4118996,446.9159851,154.3320007,6.4485402,149.8350067,59.2428017,20.1828995,146.2680054,72.0075989,18.5597,22.5
285.303009,2669.1799316,57.3017006,415.1499939,202.8110046,17.9473991,243.3560028,2670.6000977,66.8205032,302.2650146,185.7830048,8.93999,182.3639984,41.3286018,17.0739994,145.3079987,53.1194,17.0107994,11.3
142.2140045,3441.3400879,38.4990997,540.1989746,178.6060028,7.8176198,155.7220001,2533.4099121,63.7683983,283.2780151,138.0420074,2.8234601,170.0789948,56.9491997,19.7716007,158.1889954,65.9451981,21.0011005,0.0
126.4059982,3379.6398926,36.0248985,564.8980103,172.7850037,6.2550602,138.8840027,2973.8898926,54.5695992,385.07901,146.6580048,3.6364901,173.8209991,56.9850006,19.8696995,158.7899933,67.6063995,21.5356007,0.0
517.8430176,2286.6101074,102.4520035,312.2770081,236.5789948,32.1733017,524.117981,2477.6899414,104.0970001,248.1410065,194.4519958,15.1836996,195.8840027,30.7395992,17.0508003,143.1340027,42.6451988,16.6889,33.8
244.7359924,3487.1201172,46.1521988,507.8049927,172.404007,11.3216,265.1069946,3047.3798828,63.8725014,367.506012,144.3439941,4.71351,156.0429993,58.2396011,19.9323997,147.3029938,70.4925995,17.9272995,11.3
461.7820129,2301.3500977,86.5860977,282.6430054,213.6119995,29.0508995,462.0610046,2490.5,88.606102,245.720993,191.6959991,14.1871996,183.9880066,30.5704002,16.7233009,140.8849945,44.9912987,15.4763002,0.0
384.980011,2555.7399902,73.4299011,382.6419983,206.8099976,22.5398998,358.6929932,2632.2399902,79.8806,287.2980042,186.4859924,11.0759001,182.8650055,37.9273987,17.0284996,143.2579956,50.391201,16.4209003,0.0
579.0469971,2308.6000977,114.5419998,345.0769958,232.6929932,34.5722008,578.4180298,2511.4599609,113.6780014,259.2049866,194.8070068,15.9008999,193.7960052,32.5259018,17.0160999,143.5079956,42.698101,16.4825993,0.0
237.1580048,3467.0500488,44.9598007,483.1419983,172.5800018,9.3003702,245.9680023,3354.0200195,55.3886986,438.9049988,154.0,5.4248199,156.4429932,59.1360016,20.6000004,147.2830048,70.7865982,20.0028992,11.3
248.4600067,2685.4399414,51.1731987,417.0570068,198.3430023,16.4580994,202.8509979,2683.1899414,61.4011002,306.2980042,185.2169952,8.53685,180.973999,41.9397011,17.0365009,146.1150055,53.6716003,16.9533005,11.3
249.1860046,3443.4199219,46.645401,473.4320068,173.4170074,9.8715897,277.5910034,3306.4599609,57.9132996,430.401001,152.5339966,5.3007498,147.3419952,57.8294983,20.2105999,146.9839935,70.0811996,18.3227997,11.3
175.2610016,3425.5200195,41.023201,504.394989,175.8860016,8.8625803,200.3820038,2731.4499512,61.1809998,320.8630066,140.5480042,3.31215,165.4279938,57.2854004,19.6222,156.2429962,66.5029984,19.7728996,0.0
286.2009888,3433.5600586,46.7622986,497.5109863,159.7940063,11.0846004,281.7479858,3545.2600098,53.0639,471.0620117,161.901001,7.03335,158.947998,58.4415016,20.2411003,150.1029968,70.7680969,20.5084,0.0
525.6409912,2391.6599121,101.7850037,352.1289978,223.7030029,30.8047009,520.28302,2537.8500977,103.1569977,265.6170044,192.3049927,14.3290997,189.3919983,33.8871002,16.9424,142.9129944,45.1988983,16.1874008,0.0
376.1520081,3537.8000488,52.4626999,545.3889771,164.4380035,14.0236998,371.2990112,3275.4599609,67.5245972,410.2260132,149.2769928,6.8972998,161.977005,64.9926987,20.0687008,146.2079926,81.3414993,17.9717999,0.0
189.0370026,3456.3999023,42.4278984,506.9649963,176.8690033,9.46632,211.3910065,2717.6398926,65.3899002,311.1600037,139.4889984,3.1997001,161.9380035,57.5978012,19.5604,154.2539978,67.2600021,19.4934998,0.0
490.0660095,2295.8400879,97.8470001,314.8240051,243.6089935,30.5363007,492.1530151,2466.7700195,99.7101974,246.0480042,194.7779999,14.8260002,198.3009949,30.0785999,17.0312996,144.6170044,43.834301,17.1222992,33.8
359.2059937,3517.8601074,51.4964981,531.257019,164.2649994,13.3638,356.3479919,3301.6699219,65.1669998,414.0419922,149.6080017,6.6777802,160.1300049,64.0687027,19.9972992,145.5579987,79.8703003,17.6338997,11.3
242.7480011,2685.8798828,50.2851982,417.1879883,197.3159943,16.2665005,196.5039978,2685.3400879,60.5658989,307.0119934,185.1069946,8.5117903,180.7779999,41.9962997,17.0263996,146.3560028,53.7000999,16.9417992,11.3
171.3739929,2696.0800781,48.0074997,383.2680054,192.8739929,15.3283005,124.1110001,2696.8898926,55.5516014,311.8190002,183.9830017,8.66049,163.1170044,41.8392982,17.0249004,143.1000061,53.9295006,16.6152992,0.0
362.4490051,3103.6101074,65.3930969,477.2780151,194.529007,18.9228001,342.493988,3200.9199219,70.7068024,404.5169983,177.6369934,10.6032,182.154007,50.2681999,20.5417004,152.8190002,61.6851006,20.1189003,0.0
357.5140076,3508.0400391,50.0625,558.4760132,158.7279968,13.8739996,330.2000122,3585.3100586,60.1195984,467.8059998,158.871994,8.0077696,171.4960022,64.6381989,20.5221996,148.2460022,81.5430984,19.0629997,0.0
524.3220215,2372.1699219,101.7669983,336.1109924,225.6690063,31.1103992,524.9749756,2526.8100586,103.2480011,260.9559937,192.5789948,14.4614,188.9680023,33.0285988,16.9902,141.6569977,44.9300995,16.2229996,0.0
304.4960022,3478.8898926,49.2687988,487.1390076,165.7409973,11.2051001,314.7950134,3390.9399414,57.898201,433.8659973,153.3040009,6.2504802,147.4980011,58.9659996,20.0716,144.8529968,72.0478973,17.2215004,22.5
155.6230011,2745.3000488,41.953701,423.6340027,188.8580017,13.8254004,100.4869995,2745.8400879,49.7905006,330.4660034,184.0169983,7.8208499,169.7290039,44.2671013,17.1275997,147.9429932,56.1669998,17.6049995,11.3
393.7290039,2487.8798828,70.8175964,325.2940063,200.5350037,23.0949001,384.0490112,2604.5100098,76.3908005,267.427002,189.0119934,11.6056995,163.3070068,35.6474991,16.7465992,137.6589966,49.8566017,14.2651997,33.8
303.776001,3458.3898926,46.4757004,545.8129883,162.3070068,12.7333002,270.7980042,3550.2099609,52.5634003,477.1520081,160.0639954,7.80969,174.4519958,59.6105995,20.3906994,153.6009979,73.4332962,20.9468002,0.0
152.2579956,3470.25,39.7293015,532.677002,180.7740021,8.4414597,163.7669983,2314.3400879,67.7529984,233.4949951,134.625,2.67206,167.5460052,56.9569016,19.7227001,157.0950012,65.4216995,20.8831005,0.0
343.6400146,2430.5300293,70.0446014,313.3590088,206.3379974,23.6921997,325.9400024,2579.25,75.5991974,269.855011,190.5339966,12.2600002,170.5189972,35.3638,16.9363003,141.8540039,47.4653015,15.5497999,0.0
390.1029968,3547.6298828,53.0096016,551.9299927,163.0839996,14.4301996,379.5899963,3326.1398926,67.0823975,420.8729858,150.7920074,7.4081802,163.3560028,65.7149963,20.1117001,146.1580048,82.6423035,18.0650997,0.0
153.8240051,3229.8601074,40.5682983,523.59198,176.8880005,9.34447,149.298996,2871.9399414,57.4365005,364.375,154.3480072,4.79567,169.0240021,54.6479988,20.0897999,156.0899963,64.5971985,20.1359005,0.0
300.5490112,3463.4299316,46.047699,558.0430298,161.7890015,12.7811003,264.223999,3553.6298828,52.0205994,480.1839905,159.6119995,8.2273703,173.9140015,59.5723991,20.4648991,153.1909943,73.7667007,20.9934998,0.0
174.2420044,2708.5100098,48.2635994,390.4309998,190.4570007,15.1549997,124.8190002,2706.0,56.4294014,316.1669922,183.9600067,8.6448603,162.0659943,42.5284996,17.0279999,143.4360046,53.7262001,16.5436001,0.0
463.9100037,2310.4899902,93.0730972,312.6480103,232.4989929,29.5692005,463.2659912,2486.1499023,96.2126007,250.451004,194.1999969,14.6218996,189.9360046,31.9529991,16.8686008,144.0330048,43.1624985,16.1294994,33.8
257.5469971,3417.8500977,44.4347992,515.6469727,162.1089935,10.3943996,247.5919952,3540.1101074,50.9133987,474.2860107,162.4570007,7.07582,164.4949951,58.114399,20.3775005,151.9179993,70.3609009,20.9501991,0.0
506.9949951,2289.0300293,99.9714966,309.9020081,237.1929932,31.4743996,511.9400024,2473.6699219,101.6240005,246.6499939,194.3609924,15.0040998,195.904007,30.4001999,17.0107994,143.3939972,43.2198982,16.6895008,33.8
180.4360046,3179.6999512,43.6185989,491.1090088,174.4600067,9.6122599,165.2429962,3015.7900391,58.3176994,384.1239929,157.2590027,5.7202201,165.3179932,53.9576988,19.4498005,151.9989929,64.6020966,19.7863007,33.8
292.4920044,2500.8898926,64.0149994,330.54599,204.1009979,21.3379993,266.0039978,2607.0300293,70.6501999,280.4570007,189.7089996,11.3322001,168.3350067,37.3326988,16.9731007,142.4759979,48.8754005,15.7930002,33.8
204.8809967,3418.0800781,42.0063019,518.9180298,171.423996,8.3624401,216.6210022,3250.2099609,53.582901,436.4030151,152.4499969,5.0108099,167.7449951,58.5469017,19.9111996,155.6690063,70.4069977,20.9741993,0.0
262.1830139,2560.3400879,58.8853989,341.8439941,197.8589935,19.4256992,225.7339935,2635.3400879,66.4754028,288.2749939,188.3910065,10.5079002,163.0440063,38.7913017,16.9332008,141.772995,50.3939018,15.6673002,0.0
173.5540009,3486.1699219,41.5816002,521.7650146,177.8789978,9.2563295,190.0529938,2607.7900391,69.2282028,286.0840149,136.3589935,2.54105,163.8300018,57.5769997,19.5886993,154.7920074,66.794899,19.8325005,0.0
220.5829926,3461.9499512,44.6818008,499.4970093,175.4929962,10.3562002,243.6750031,2855.9599609,65.6498032,335.5480042,141.6629944,3.7007101,158.6060028,58.2280006,19.4762001,152.3200073,68.7715988,18.8864994,33.8
243.7460022,2535.6599121,62.4822998,349.1960144,203.5180054,21.1604004,209.9940033,2636.5200195,68.2662964,290.9920044,188.4759979,11.3865004,168.3529968,38.712101,16.4382,143.3970032,49.5844994,16.0524006,0.0
175.3139954,3385.3000488,39.4961014,545.5319824,171.7420044,7.6146202,188.4349976,3149.0500488,53.1222992,422.9970093,150.401001,4.5386801,173.9949951,57.9812012,19.9260006,159.3999939,69.6576996,21.4883003,33.8
358.0209961,2450.25,67.675499,318.2139893,201.1900024,23.2383003,345.9719849,2599.1599121,73.1381989,264.5639954,189.2720032,11.7472,158.8130035,35.0355988,16.718399,138.5440063,48.6486015,14.7142,33.8
418.322998,2349.5800781,88.1648026,321.7369995,225.9320068,27.9547997,412.57901,2510.4799805,92.5151978,259.1239929,193.7019958,14.2642002,183.9559937,33.9874992,16.8264999,144.0610046,43.2108994,15.8964996,33.8
176.1430054,3383.7299805,39.6208,545.9829712,172.1529999,7.7058201,191.0189972,3154.2600098,53.2921982,426.2550049,150.2680054,4.4697599,175.8209991,57.9884987,19.9589996,160.8679962,69.8048019,21.5958996,33.8
526.6669922,2286.4899902,104.5550003,314.8720093,236.1600037,32.7378006,533.7280273,2482.3100586,106.0630035,250.0059967,194.3930054,15.2932997,196.4429932,30.8796005,17.1193008,142.8480072,42.3639984,16.8616009,33.8
360.3280029,3520.8999023,51.6226997,533.9390259,164.6419983,13.4449997,358.3469849,3283.1799316,65.8739014,410.8940125,149.2230072,6.6346502,160.3580017,64.1440964,20.0130005,145.7630005,79.9733963,17.7210999,11.3
223.2510071,3006.7399902,49.2495003,446.6390076,182.7649994,12.9594002,210.8659973,3054.2700195,58.777401,381.3699951,175.6399994,7.4714999,167.1699982,49.2873001,18.9929008,149.8099976,61.3773994,19.1219997,22.5
235.7030029,2660.3300781,49.5587997,412.4370117,191.0590057,16.3726997,189.6900024,2685.75,59.7695999,307.3540039,184.552002,8.9088297,181.4559937,41.4698982,16.9318008,148.4850006,52.6391983,16.7963009,0.0
484.2900085,2302.9899902,99.9401016,326.6159973,239.9929962,30.9253998,484.9989929,2480.1599121,103.3730011,251.3800049,195.9160004,15.2793999,192.6730042,32.8839989,16.9188995,145.2980042,41.3310013,16.2061005,0.0
379.526001,3529.9099121,51.7909012,555.4370117,158.3470001,14.2311001,357.8359985,3591.3000488,63.2714005,461.3919983,158.772995,7.8860102,168.7579956,66.1753006,20.4923992,146.5590057,83.8006973,18.2838001,0.0
200.326004,3503.5100098,43.5446014,518.9089966,174.5299988,10.7286997,222.1670074,2862.9899902,66.9557037,331.9020081,139.4519958,3.61954,159.8090057,57.4444008,19.9874001,149.4149933,68.4875031,18.6081009,33.8
419.3569946,2519.1000977,77.8972015,358.6960144,207.6150055,23.8423004,402.7579956,2614.8400879,83.5170975,278.4110107,186.595993,11.7201004,179.6459961,36.5704002,16.9605999,140.8150024,49.6918983,15.7041998,33.8
140.4920044,2767.9799805,43.3035011,424.1589966,188.7819977,13.5958004,96.6224976,2743.4499512,50.6376991,334.9729919,183.5879974,7.7916098,164.7140045,44.3978004,17.2241001,147.1419983,55.1557007,17.3605003,11.3
196.2510071,3401.9899902,40.9672012,529.3930054,169.7769928,8.0306196,205.0509949,3225.4699707,52.4833984,433.5280151,152.4949951,5.1424499,169.0310059,58.2967987,19.8724003,156.147995,69.9897995,21.2122993,0.0
278.1889954,2553.6899414,59.9009018,339.2659912,195.9920044,19.7014999,239.8399963,2637.3898926,67.7042007,285.756012,188.1889954,10.5873003,159.7619934,38.5525017,16.8521996,140.4160004,50.4389,15.3156996,0.0
313.9429932,3489.2099609,49.978199,494.5960083,166.826004,11.6574001,324.5249939,3342.3500977,60.2723007,420.571991,151.7969971,6.0843201,148.7310028,59.6842995,20.0540009,144.9049988,73.2116013,16.8209991,22.5
129.7350006,2775.0500488,36.7153015,429.9389954,190.2559967,12.5830002,66.1451035,2759.75,44.4387016,333.7380066,184.0809937,7.0743899,171.1560059,45.2635994,17.1518993,148.2339935,58.2686005,18.0056992,0.0
294.4049988,3473.4499512,48.7490005,510.3399963,170.0440063,11.6013002,313.8619995,3141.5500488,64.3292007,386.7630005,146.0410004,5.27705,154.5189972,60.3837013,19.9137993,145.9629974,73.9088974,17.6264992,0.0
150.8869934,3379.3500977,37.7056999,556.6140137,172.3150024,6.9603,163.4450073,3047.6799316,53.8283005,401.196991,148.3560028,4.0963402,173.9570007,57.4882011,19.8889008,159.0740051,68.6044006,21.5112991,0.0
360.5469971,3523.6999512,51.7062988,536.4000244,165.1060028,13.5057001,359.6889954,3260.4099121,66.6380997,406.8049927,148.7079926,6.5560498,160.5279999,64.1720963,20.0244999,145.9889984,79.9860001,17.8080006,11.3
290.7099915,2643.8701172,57.6884003,406.4030151,200.3079987,18.2420998,250.9400024,2667.4599609,66.9831009,300.29599,185.5639954,9.3249197,181.6459961,40.6927986,17.0203991,145.3370056,52.5503998,16.7299004,0.0
396.177002,3555.5300293,53.6381989,541.7839966,161.1759949,14.5749998,383.3039856,3573.4399414,65.4310989,451.7489929,159.2700043,7.5742402,163.7579956,65.7985001,20.2684994,146.904007,82.656601,17.8677998,0.0
464.0390015,2472.1000977,88.0839996,359.6809998,215.0110016,26.7668991,453.1359863,2563.3701172,92.0967026,271.9559937,190.0189972,12.7721004,184.9400024,35.4515991,16.8502007,142.5480042,47.4641991,15.8247995,0.0
310.4249878,2922.9599609,61.1529999,420.0169983,189.8930054,17.2507992,300.1279907,2985.0,67.9177017,367.6809998,178.848999,9.5897303,171.2810059,46.4250984,18.7457008,150.1719971,57.5886993,18.7064991,22.5
462.3380127,2477.2700195,88.4237976,369.2149963,215.2660065,26.7905998,449.0559998,2565.3100586,92.4813995,274.0870056,189.9409943,12.7454996,186.5010071,35.7436981,16.8624992,143.4889984,47.2765999,15.9954004,0.0
265.1149902,3423.2600098,44.4841003,528.4799805,162.1170044,11.0887003,245.1239929,3541.0300293,50.0391998,478.4599915,161.5209961,7.51159,168.1060028,57.8172989,20.4029007,153.0119934,70.3354034,21.2392006,11.3
496.1480103,2433.9099121,95.2534027,358.9869995,219.3869934,28.8402996,487.2460022,2551.4499512,97.8888016,269.4750061,191.1320038,13.5495996,187.6069946,34.7528992,16.8997993,143.003006,46.3042984,16.0552006,22.5
339.4030151,3510.5100098,50.5203018,504.9379883,163.125,12.3992004,336.7780151,3378.9399414,60.8054008,422.6130066,151.8650055,6.4860601,154.4700012,61.9874001,20.0426998,145.8419952,76.7124023,16.9302006,0.0
520.5139771,2368.3000488,100.9820023,330.5169983,225.8849945,31.0398998,522.9710083,2523.4399414,102.6299973,259.4729919,192.5429993,14.4321003,188.7070007,32.7462006,17.0142994,141.1660004,44.9253998,16.2588997,0.0
221.1809998,3501.0200195,44.7677002,515.7180176,173.4750061,11.1295004,241.6360016,2939.8898926,65.9425964,346.3599854,141.3470001,4.1084599,158.602005,57.9012985,19.9694004,148.5480042,69.5469971,18.3330002,0.0
342.6650085,3476.0700684,48.9365005,542.3120117,159.9329987,13.5195999,311.9360046,3572.1000977,57.7771988,462.8739929,159.548996,7.7263298,172.3659973,63.6032982,20.2511005,149.5379944,79.1222,19.2481995,0.0
330.3659973,2600.9599609,63.6008987,392.1960144,201.5850067,19.8829002,297.0669861,2651.8500977,71.952301,293.8269958,185.8170013,10.0983,181.5359955,39.3964005,16.9839001,144.3309937,51.4684982,16.3724003,22.5
199.8280029,3414.7099609,42.8967018,487.3729858,175.3430023,9.3322401,232.947998,2951.4599609,59.5822983,364.7969971,144.6130066,3.89853,158.871994,57.5239983,19.5296001,153.6719971,68.0475998,19.0291004,33.8
335.6010132,2736.2900391,64.1029968,382.6130066,194.3480072,19.6170006,321.1059875,2842.6699219,70.5429001,340.7650146,180.4100037,10.8802996,170.8350067,43.0909996,17.8337994,144.9700012,53.7680016,17.7388,22.5
472.1919861,2309.0800781,97.9122009,325.0910034,236.5429993,30.4414005,471.4490051,2486.9699707,101.4020004,253.0420074,195.5399933,15.1471996,190.5,33.0915985,16.8948002,144.9539948,41.649601,16.1210995,0.0
344.1679993,2966.3000488,65.2305984,442.5310059,192.1390076,19.2786007,337.3160095,3072.0800781,69.9720001,373.2319946,175.8679962,10.5268002,175.6269989,46.5269012,18.1459999,149.927002,57.7416,18.9027004,11.3
485.2080078,2420.3000488,90.7139969,315.4570007,216.0980072,28.4183998,489.572998,2539.1999512,93.5223007,257.7109985,190.9409943,13.4699001,177.048996,33.2781982,16.8777008,137.4230042,47.4342003,15.2982998,22.5
176.7640076,2716.9599609,42.3333015,426.4559937,188.4900055,14.3882999,122.1039963,2716.8400879,52.2285995,319.5400085,184.1040039,8.03619,178.3950043,43.2560005,17.0130997,149.6119995,54.6596985,17.4155006,11.3
208.6210022,3399.4599609,41.5038986,524.5510254,167.4340057,8.3747797,212.3399963,3266.7199707,51.2369003,440.723999,154.0619965,5.7739,167.2389984,58.2234001,19.8055992,154.9230042,69.8925018,21.1919994,11.3
495.1719971,2426.9099121,94.4205017,343.7520142,219.4369965,28.7882004,491.1499939,2546.4599609,97.1184998,265.678009,191.1990051,13.5577002,185.2570038,34.2014008,16.9018002,141.3959961,46.5466995,15.8622999,22.5
