Ols_Al_0_2,Ols_Ca_0_2,Ols_Fe_0_2,Ols_K_0_2,Ols_Mg_0_2,Ols_P_0_2,Ols_Al_2_6,Ols_Ca_2_6,Ols_Fe_2_6,Ols_K_2_6,Ols_Mg_2_6,Ols_P_2_6,TOC_0_2,IC_0_2,TN_0_2,TOC_2_6,IC_2_6,TN_2_6
1.17026,108.9079971,1.6771899,225.8939972,43.1418991,5.9878101,1.03676,122.7839966,1.34447,201.4609985,51.1631012,3.86256,177.0950012,45.2761002,18.1893997,149.2720032,55.9886017,18.7155991
0.539033,126.1429977,1.31319,250.1069946,54.9121017,5.3333101,0.719207,90.1468964,1.51342,181.0789948,47.4379997,3.3731699,180.3639984,43.1095009,17.0648003,146.3840027,54.7979012,17.1590996
0.730637,104.6340027,1.50498,222.572998,41.1636009,4.2255802,0.647341,97.3182983,1.41027,203.6100006,41.841301,3.2112601,163.5939941,51.0317993,18.3722992,147.2870026,62.3815002,18.4652004
0.641578,104.7139969,1.53066,238.6199951,40.8815994,4.10709,0.700021,95.5697021,1.31303,208.9049988,39.0884018,3.1761601,171.326004,57.0073013,19.7992992,158.6529999,66.4981995,21.0723991
0.62582,139.8690033,1.32743,249.3580017,66.5345001,7.45678,0.748152,104.1110001,1.5199701,173.1360016,54.6763992,3.6388299,186.2149963,35.9715996,16.8540001,143.5850067,47.5046997,15.9805002
0.91237,180.0529938,1.3556,248.348999,83.7547989,9.5719299,1.0395499,134.076004,1.51209,170.826004,65.3748016,4.2068701,193.9299927,30.5405006,17.0028,142.5950012,43.2916985,16.5251007
0.761774,101.9349976,1.54544,264.7820129,38.655201,4.5415401,0.800283,94.0143967,1.26982,205.9519958,38.3195992,3.14447,158.7850037,57.8291016,19.9722004,148.6829987,69.3822021,18.3752995
0.554065,133.7380066,1.3140301,249.7059937,61.5248985,6.3824501,0.712767,93.9740982,1.51126,177.302002,50.903801,3.4809,183.6660004,39.3422012,17.0723991,144.3950043,51.4539986,16.8435993
0.790122,100.5319977,1.627,241.2089996,38.4263,3.90535,0.709352,87.0314026,1.3223799,206.8639984,38.1743011,3.0817599,150.401001,58.0589981,20.2660999,148.3049927,70.2457962,18.7805996
0.999759,113.3809967,1.67641,239.0780029,43.4982986,5.3506498,0.963844,92.9397964,1.3418,206.8600006,33.0782013,3.1517,161.8569946,64.8800964,20.0667992,146.4450073,81.089798,18.0373001
1.18966,52.8535004,1.7408299,231.0800018,9.3992901,2.5715201,0.903789,100.4309998,1.32728,228.4779968,36.0904007,3.4439499,171.3000031,58.4855995,20.4613991,153.2330017,71.8815994,21.1114998
0.917227,76.5888977,1.70974,232.3789978,29.3145008,3.23155,0.704814,88.0943985,1.32488,216.7409973,36.0093002,3.28616,156.8289948,59.0004005,20.3071995,149.0140076,71.0936966,20.2903996
0.593426,139.6089935,1.32951,249.6719971,65.297699,7.02671,0.558834,105.2160034,1.4963599,176.9669952,56.9664001,3.45,161.8910065,33.7435989,16.7192001,136.9349976,48.4682007,14.2103004
1.21617,41.1814003,1.73922,229.4459991,7.83744,2.48212,0.8944,100.3590012,1.32753,232.5169983,36.2583008,3.4839599,171.1130066,57.8530998,20.4291,153.7660065,70.703598,21.3953991
0.854595,107.3619995,1.64685,239.1380005,42.6418991,4.9500499,0.826264,89.4542999,1.34076,204.3300018,35.1842995,3.12028,155.9869995,61.4807014,19.9328003,145.8009949,75.6829987,17.5904999
0.53765,126.098999,1.31264,250.2890015,53.3925018,5.23247,0.725836,91.5230026,1.51292,181.1679993,47.0670013,3.32128,180.2079926,42.5419998,17.0238991,147.0019989,54.1968994,17.0443993
1.2345999,129.3390045,1.50445,216.7619934,57.1306,7.0262399,1.1686701,143.003006,1.5705,198.9579926,59.803299,4.2197099,187.0919952,38.3102989,17.7497005,149.8009949,47.4889984,18.3111992
1.0343,61.6259003,1.72067,231.3139954,19.5814991,2.7959199,0.776005,93.9205017,1.3259799,223.451004,36.3143005,3.37308,164.6119995,58.1302986,20.3827991,151.9680023,70.3539963,20.9391994
0.672634,104.7809982,1.51424,238.5590057,43.5275002,4.7627201,0.762843,94.3863983,1.3116601,207.0379944,38.9417,3.17432,163.4790039,57.7681007,19.5704002,154.4620056,67.1111984,19.7205009
1.25626,190.977005,1.38458,248.8730011,83.4745026,10.3910999,1.55044,161.5370026,1.51237,170.1300049,68.6283035,4.7151699,200.4429932,32.1608009,17.0310993,146.7969971,41.0603981,16.6693993
1.10598,54.7893982,1.7291,230.9420013,14.0696001,2.61375,0.827792,97.0991974,1.32663,226.6100006,36.3690987,3.41593,168.1119995,57.9413986,20.4190006,152.9279938,70.4813004,21.1382008
0.565473,117.6340027,1.32135,250.2160034,50.4486008,4.6368799,0.713436,93.8873978,1.51933,189.5809937,47.1473999,3.30037,167.2149963,44.7333984,17.2047997,147.8029938,56.7826996,17.7975006
0.986499,70.7461014,1.71401,232.3650055,22.0767994,2.82319,0.764604,94.5861969,1.32532,220.2160034,36.7486,3.3287201,167.647995,57.8923988,20.4255009,153.276001,69.9412994,21.0195999
1.26552,45.2524986,1.7460001,230.0829926,7.0570402,2.6372499,0.959482,102.0920029,1.3276,231.9949951,35.8591003,3.4795599,172.9620056,58.7508011,20.4591007,153.5,72.4182968,21.1898003
0.774509,103.1729965,1.59741,242.0559998,40.9804993,4.5911999,0.743698,88.2061005,1.3204499,204.0370026,36.7974014,3.0975499,151.2339935,59.1987,20.1413002,147.2050018,72.0063019,17.5503006
0.632206,141.8840027,1.32987,248.9720001,70.4279022,7.9590702,0.70188,105.9000015,1.51882,171.6029968,57.7504997,3.70488,184.451004,34.4679985,16.8824005,141.3399963,46.9034004,15.7833996
0.959894,112.7659988,1.66731,239.1730042,43.9748001,5.31394,0.933217,92.194603,1.3414201,206.098999,33.6012993,3.14275,160.7819977,64.1155014,20.0361004,146.4499969,79.7830963,17.9673004
1.22097,110.9660034,1.72668,236.4149933,36.4687004,5.1265502,1.1447901,95.3548965,1.32323,209.0050049,32.2212982,3.2186601,167.3639984,66.2349014,20.3565006,146.6360016,83.5419998,18.0760994
0.89949,181.9429932,1.34821,248.5610046,78.463501,8.4576502,1.02046,134.128006,1.51179,175.5899963,63.3772011,3.88446,181.3040009,31.4172993,16.6968994,141.2220001,45.0311012,15.3648005
0.545153,130.2830048,1.31332,249.8549957,58.8515015,5.9221301,0.717209,91.4125977,1.51244,178.9620056,49.162899,3.4486301,182.5690002,41.4178009,17.0827999,145.2830048,53.1767998,17.0541992
0.75566,104.9570007,1.59044,242.2949982,41.6044998,4.6068602,0.746062,89.6043015,1.32022,204.4290009,37.3238983,3.09378,153.095993,58.8172989,20.1658001,148.6529999,71.0307007,17.9627991
0.775445,104.4749985,1.53327,237.3410034,39.0778008,4.0806799,0.709216,89.8583984,1.31207,206.6009979,38.5758018,3.0587599,151.0549927,57.6939011,19.4496994,151.2039948,69.7774963,18.5757999
0.560195,135.8609924,1.31468,249.5930023,63.4530983,6.6730599,0.711447,95.3756027,1.5106601,176.3930054,52.0508003,3.51315,184.3480072,38.2369003,17.0755997,143.8639984,50.5764008,16.7721004
0.549207,130.4559937,1.31101,250.5279999,52.9108009,5.37468,0.721358,95.4966965,1.51061,179.5269928,47.5195007,3.2140801,180.7220001,40.1543007,16.8652,146.2960052,51.5658989,16.1264
0.696741,107.0839996,1.5502,237.9839935,39.6427002,3.8526399,0.642956,93.4633026,1.31348,207.1959991,38.0545998,3.1292601,173.2230072,57.8092003,19.8934994,159.9149933,69.3026962,21.1832008
0.604049,134.2079926,1.3294801,250.6950073,60.0143013,6.2399902,0.64157,97.1042023,1.50131,175.9450073,52.5708008,3.24876,172.7400055,36.7038994,16.8206005,139.2610016,50.3471985,14.4198999
1.04087,113.512001,1.62036,222.2100067,47.3574982,5.7234101,0.9548,119.288002,1.48455,201.0749969,50.6064987,3.7771101,174.9340057,44.6194,18.7247009,150.4779968,55.3470001,18.7787991
1.07689,108.9909973,1.69315,236.151001,39.5469017,5.1500802,0.999519,91.6589966,1.32149,205.3849945,32.6799011,3.1691899,162.6000061,65.1468964,20.1847,146.4299927,81.4923019,17.5825005
0.623254,141.5,1.32955,248.8500061,70.7331009,7.9667702,0.679201,105.2300034,1.5189101,171.2409973,58.0539017,3.68802,182.8589935,34.230999,16.8805008,140.4400024,47.0769005,15.6632004
1.28531,44.4724007,1.7472301,229.9100037,6.9625101,2.6881001,0.977826,102.4950027,1.3276401,232.5529938,35.762001,3.48472,173.5650024,58.924099,20.4598007,153.5720062,72.7053986,21.1800995
0.715552,134.1069946,1.35308,249.7510071,56.274601,5.9621902,0.778474,110.4759979,1.50125,183.7290039,52.7430992,3.4219,163.3659973,39.3436012,16.9592991,142.2200012,50.7597008,15.8046999
0.643751,128.6640015,1.3327399,249.2819977,53.4682999,4.9969401,0.767427,101.6320038,1.51577,187.5370026,49.4275017,3.3445101,164.927002,42.9804001,17.0813999,144.1080017,55.6862984,17.0480995
1.19918,102.4420013,1.77054,232.1929932,36.4133987,4.74331,1.0940599,109.3030014,1.3687299,208.9230042,44.0293007,3.67206,179.3639984,48.2476997,20.5438995,151.1300049,63.2396011,20.816
0.786197,100.2470016,1.60998,241.2640076,38.4318008,3.9630699,0.701899,87.0152969,1.32139,206.9210052,38.3582993,3.07691,146.9790039,57.7128983,20.1716003,147.4880066,70.0906982,18.2553005
0.724621,133.2920074,1.35785,252.5039978,56.4280014,5.9341202,0.807893,110.1839981,1.53962,185.1349945,52.4669991,3.4786699,165.4049988,40.6302986,16.4740009,143.7519989,51.5248985,16.2275009
1.08351,115.9860001,1.63019,217.8359985,47.4572983,5.9426899,1.00234,126.2320023,1.32626,200.9109955,52.7140007,3.8870101,176.9609985,43.8041,19.0205002,149.4340057,54.0892982,18.8337002
0.543453,129.3070068,1.31268,250.0740051,56.1236992,5.6615601,0.714116,92.6797028,1.51209,179.3070068,48.4179001,3.35745,181.3999939,41.0560989,17.0188999,145.6470032,52.8536987,16.7761002
0.611997,112.6589966,1.4414999,255.4259949,46.3737984,4.3171501,0.638821,92.9269028,1.38257,196.2409973,43.8423004,3.2272201,164.0789948,51.2252998,17.7903004,149.1900024,63.5792007,18.5505009
0.71477,104.4179993,1.51965,238.0630035,42.332901,4.7558198,0.752164,92.7848969,1.3116699,205.3800049,38.0686989,3.1428199,159.3470001,58.3387985,19.4799004,152.4980011,68.7778015,18.9659004
0.858184,89.596199,1.68323,239.5930023,34.7444992,3.50472,0.720764,86.4816971,1.32626,211.7689972,36.5769997,3.1965401,156.4640045,59.2575989,20.4624996,148.9299927,71.1453018,20.2383003
0.56337,137.1589966,1.31479,249.4779968,64.2967987,6.8505001,0.688803,97.1933975,1.51008,175.201004,53.1766014,3.4890399,183.1360016,36.9068985,17.0352001,142.4900055,49.6573982,16.3304005
0.653831,131.3320007,1.3342,249.0910034,54.2696991,5.21346,0.771269,103.6110001,1.51449,186.4980011,50.0741997,3.3380401,164.5690002,41.6048012,17.0403004,143.2339935,54.3600998,16.7658997
0.631008,103.875,1.5128599,239.0820007,42.4303017,4.5415401,0.752906,95.2985001,1.31209,208.6719971,39.3841019,3.19122,165.9669952,57.1379013,19.6595993,156.1009979,65.8705978,20.3656006
1.32254,61.733799,1.7474999,231.5720062,14.4775,3.4702699,1.07959,101.5510025,1.3266701,227.0720062,34.5545998,3.4303801,173.6790009,61.4199982,20.4417,151.7120056,76.4819031,20.3209
0.866811,154.2570038,1.3734699,246.6439972,64.6160965,7.2705102,0.973009,130.2890015,1.51649,180.9519958,57.8311996,3.81601,172.9519958,37.2999992,17.0834999,141.9850006,47.4707985,16.0277004
0.744802,151.1860046,1.33903,248.9830017,77.2080002,9.2932196,0.8509,120.3809967,1.51606,170.9019928,63.1679001,4.0833802,192.6069946,33.2229004,16.9764004,143.904007,43.4639015,16.3889999
0.597726,120.8560028,1.32989,249.3179932,48.5349007,4.7722902,0.728277,99.5342026,1.51859,187.5639954,46.7033005,3.17628,162.8439941,43.2223015,17.0748005,144.677002,53.8033981,16.6947994
0.679559,146.0099945,1.33366,249.0189972,73.2939987,8.5225201,0.771779,111.8809967,1.51764,171.4389954,59.6660995,3.87865,189.1909943,34.0551987,16.9347992,143.0050049,45.3661995,16.1721001
1.03491,62.9427986,1.72097,231.5690002,19.1968002,2.76492,0.783262,94.6575012,1.32595,223.1159973,36.4420013,3.36888,166.0619965,58.0393982,20.4036007,152.4730072,70.2790985,20.9995995
0.58358,114.8970032,1.32548,250.2039948,53.3161011,4.5450101,0.689371,89.7461014,1.51811,192.3500061,49.1509018,3.4074299,164.9750061,46.0054016,17.2735004,147.197998,60.0248985,18.4398994
0.781889,166.3439941,1.33803,248.5549927,72.4300003,7.7209702,0.828808,125.4140015,1.51293,178.0549927,60.8932991,3.67488,171.923996,32.8041992,16.5755997,139.8939972,46.1763992,14.7959995
0.617997,115.1880035,1.43786,255.0639954,47.4552002,4.3947601,0.661962,94.5127029,1.5185601,194.7220001,44.5834999,3.2316201,165.3320007,49.8240013,17.7045994,148.5820007,61.7834015,18.2882996
0.803598,102.2360001,1.55389,264.8890076,38.0031013,4.6494498,0.83369,94.1716003,1.26986,205.9320068,37.7652016,3.15062,159.1900024,58.6520004,19.9759998,147.9960022,70.9661026,18.2078991
0.621602,105.4550018,1.5245,238.6159973,40.0129013,4.16326,0.671652,95.774498,1.3126,205.5160065,38.4869995,3.1194999,168.7720032,57.1833,19.7206993,157.7769928,66.501297,20.4272003
0.795272,101.8570023,1.55268,264.8280029,38.0147018,4.6119599,0.822146,93.7404022,1.26982,205.7480011,37.7807999,3.14607,158.5449982,58.524601,19.9666996,147.901001,70.7805023,18.1588001
0.963012,112.1050034,1.66851,239.1529999,43.5024986,5.2738099,0.932252,91.8554993,1.3415101,205.9349976,33.6025009,3.14429,160.5220032,64.0475006,20.0284996,146.2559967,79.7210999,17.8929996
0.685712,106.8880005,1.54567,229.4779968,42.6230011,4.1445899,0.694417,95.2827988,1.49366,204.2779999,39.425499,3.1438999,168.4060059,54.6635017,20.0890007,155.6920013,64.8386993,20.1210003
0.636567,104.4850006,1.51542,238.7310028,41.1489983,4.4463601,0.716083,95.0622025,1.31203,206.1699982,38.7192001,3.1409199,164.4609985,57.3019981,19.6182003,155.6089935,66.4661026,19.9055996
1.1475199,55.5820999,1.71055,230.9100037,19.0646,3.43612,0.887989,93.9000015,1.32505,222.9980011,34.8993988,3.39782,166.4409943,60.2277985,20.1853008,150.6529999,73.9810028,19.6714993
0.587384,117.288002,1.3251801,250.0299988,52.2406998,4.5735202,0.709994,93.0802994,1.5193,191.2050018,48.4163017,3.3656299,165.0249939,45.7389984,17.2364006,146.9600067,58.7713013,18.0314007
0.596153,105.3359985,1.51805,238.6840057,39.9239998,4.2376199,0.659168,96.4515991,1.31231,203.798996,38.3375015,3.10394,168.625,57.1589012,19.6832008,157.720993,66.0371017,20.1821003
0.752214,97.4178009,1.57144,236.8300018,36.5005989,3.5337501,0.69091,94.4432983,1.31528,211.9450073,38.2933998,3.2144101,173.6430054,57.3209,19.8773003,158.7330017,68.2916031,21.5210991
1.19573,189.029007,1.3781101,248.8059998,82.5255966,10.1429005,1.46035,159.3939972,1.51246,171.3650055,68.4197006,4.60184,196.677002,32.2952003,16.9703999,145.8869934,41.4044991,16.4514999
0.821531,147.4680023,1.36294,252.4429932,64.0562973,7.0331702,0.908531,122.6220016,1.53671,182.4329987,57.5036011,3.7297101,170.4940033,37.8680992,16.4347,143.4850006,48.574501,16.0352001
1.31037,109.4219971,1.7576801,236.9279938,32.4149017,4.8913898,1.2419699,97.6976013,1.32461,212.4360046,32.5157013,3.2448201,170.1569977,65.884697,20.5991001,146.5789948,83.5001984,18.4680996
0.613669,109.7210007,1.4804699,254.1959991,43.7705994,4.2912898,0.655375,93.7657013,1.44051,200.1040039,41.591301,3.22505,165.8359985,53.0069008,19.2381992,152.4680023,64.1384964,19.5963993
0.709394,100.8580017,1.55699,237.4470062,38.5514984,3.70292,0.68758,95.0610962,1.31444,210.9279938,38.7252998,3.2016301,174.1470032,57.0616989,19.8724003,159.2799988,67.5681992,21.4892998
0.555622,134.154007,1.31352,249.7369995,60.7067986,6.3566298,0.694219,95.4704971,1.5107599,176.6300049,51.1899986,3.4132299,182.1560059,38.3799019,17.0065994,143.4589996,50.7360992,16.3423996
0.873871,86.2421036,1.67768,239.3619995,32.7182999,3.3726299,0.721646,88.3050995,1.32623,213.7879944,36.6054001,3.2278099,159.878006,58.9403,20.4796009,150.7409973,70.8135986,20.5741997
1.13638,55.3456001,1.73411,231.2389984,11.8952999,2.56197,0.859905,98.8315964,1.3269,226.9149933,36.3395996,3.4237599,170.102005,58.0909004,20.4482002,153.279007,70.9940033,21.1420002
0.657248,142.7449951,1.32986,249.3190002,69.1582031,7.9608202,0.796622,108.2969971,1.51916,172.7019958,56.3852997,3.7783999,189.1150055,35.4944,16.8990993,144.4170074,46.3130989,16.2318993
0.697812,106.6969986,1.54913,237.9120026,39.6422997,3.9193201,0.659348,93.106102,1.31339,206.5720062,38.1857986,3.1100099,168.9080048,57.7333984,19.809,157.8580017,68.9440994,20.655899
0.866785,81.5121994,1.67354,238.5709991,32.5471992,3.41679,0.674869,85.4673996,1.32631,214.4299927,35.6875992,3.26068,152.1920013,59.4500008,20.3374004,147.7050018,71.6444016,19.9790001
0.611974,138.5469971,1.32665,249.2799988,66.0134964,7.2953501,0.705738,102.1719971,1.52011,172.9349976,54.8422012,3.5593901,182.9029999,35.7400017,16.8139,141.9949951,48.1002007,15.6194
0.879385,113.2890015,1.61076,223.1829987,46.4779015,4.9656,0.815028,105.2799988,1.48742,199.7960052,45.1917,3.4433601,169.401001,47.9105988,18.7765007,150.3049927,59.1580009,18.7268009
0.60825,122.0920029,1.33127,249.2310028,49.3801003,4.8341298,0.731177,99.9949036,1.51767,187.5319977,47.2938004,3.20171,162.5390015,43.0292015,17.0636997,144.2039948,53.9849014,16.6926994
0.562,135.4609985,1.31346,249.5639954,62.0395012,6.5573001,0.66577,96.879303,1.5104001,175.302002,52.6507988,3.3807399,179.5039978,37.0069008,16.9440002,141.1840057,49.9682999,15.6819
0.61799,123.6760025,1.33211,249.1809998,50.3669014,4.90837,0.735957,100.5289993,1.51679,187.3959961,47.9173012,3.23138,162.6340027,42.778801,17.0543003,143.8619995,54.1451988,16.7021008
0.561373,136.3410034,1.31425,249.526001,63.2766991,6.7207098,0.682115,96.9427032,1.5102299,175.3350067,52.8193016,3.45138,182.0980072,37.0750999,17.0088997,142.2510071,49.8336983,16.1597004
1.02405,111.9339981,1.68293,239.0420074,42.0737991,5.2628899,0.977836,92.3769989,1.34218,206.6629944,32.9687004,3.1614299,161.8450012,64.9218979,20.0590992,145.970993,81.2558975,17.8817997
0.738656,136.7310028,1.35882,252.3399963,58.3981018,6.2533698,0.804074,112.3410034,1.53784,183.7660065,53.8031998,3.50225,165.2749939,39.0217018,16.4053001,142.6929932,50.1860008,15.8731003
0.7289,103.2109985,1.5651,237.3899994,38.3026009,3.6826799,0.655315,93.5024033,1.31452,209.326004,37.9007988,3.16941,174.7769928,57.8560982,19.9258995,159.9190063,69.4330978,21.5279007
0.828955,103.262001,1.61092,242.0090027,41.0387001,4.74792,0.787819,87.5930023,1.32102,203.871994,35.6152,3.11601,153.2619934,60.7356987,20.1441994,146.7230072,74.4686966,17.3918991
0.595357,140.0339966,1.3277,248.4960022,70.9445038,7.8941398,0.628995,103.2649994,1.51982,170.2149963,58.6016006,3.6171501,176.6790009,33.7540016,16.8519993,137.6360016,47.8078995,15.2145004
0.556979,118.0879974,1.3199199,250.326004,50.5214005,4.6506901,0.719654,92.3621979,1.51682,188.0549927,47.0695992,3.2951601,170.0240021,44.4874001,17.1378994,148.0879974,56.6972008,17.7367001
1.18787,125.6299973,1.50126,216.7570038,54.5569992,6.5068402,1.1098,137.1589966,1.5715801,199.9880066,57.4981995,4.07581,184.0039978,38.8003006,17.7145004,149.3009949,48.6366005,18.1994991
0.560633,133.5480042,1.31251,249.9459991,58.2598,6.04181,0.682025,95.8759995,1.51059,177.1750031,50.4547997,3.3032,179.8339996,38.4081001,16.9050999,142.8589935,50.7625999,15.757
0.540046,127.25,1.31315,250.0119934,56.1472015,5.4979801,0.717775,90.1328964,1.51326,180.4609985,47.8639984,3.4007101,181.052002,42.8254013,17.0755997,145.996994,54.4827003,17.1452999
0.66642,104.3079987,1.54091,238.1730042,40.3470001,3.9467599,0.686411,95.3347015,1.31349,209.3800049,38.9259987,3.17998,173.1589966,57.0587006,19.8426991,159.2890015,67.103302,21.2859001
1.0568399,107.4940033,1.67545,232.7619934,38.9597015,4.8102102,0.944769,109.5999985,1.3096499,207.3009949,45.8704987,3.53249,175.3860016,47.1436996,19.632,147.8580017,61.9215012,19.3850994
0.771231,152.0209961,1.35023,249.6560059,65.8457031,7.1374202,0.81925,120.5650024,1.49648,180.3009949,58.0784988,3.6356499,167.9400024,35.2173996,16.8859997,141.0480042,47.7874985,15.3206997
0.858731,108.7030029,1.64686,239.2120056,43.2766991,5.0205302,0.838373,90.0768967,1.34074,204.5570068,35.1394005,3.1210799,156.8789978,61.6776009,19.9498005,146.1549988,75.8962021,17.7189007
0.756457,152.8630066,1.34068,248.8760071,78.5663986,9.4749699,0.850054,122.1719971,1.5155801,170.5599976,64.0690002,4.1298199,193.0850067,32.8540001,16.9955997,143.6269989,43.1111984,16.4251003
0.540559,128.3840027,1.31204,250.2689972,54.1677017,5.4349499,0.72174,93.0062027,1.51204,179.901001,47.6036987,3.30689,180.9810028,41.3074989,16.9862995,146.404007,52.9471016,16.7360001
0.548672,131.3739929,1.3125499,250.0130005,57.2145004,5.8740201,0.704995,94.1830978,1.51135,178.1929932,49.2803993,3.3468599,181.4700012,39.8101997,16.9841003,144.7489929,51.7761002,16.4431
0.867539,109.7949982,1.64807,239.2579956,43.7747993,5.08991,0.852138,90.5708008,1.34075,204.779007,34.9986992,3.12323,157.7079926,61.9785995,19.9654007,146.3860016,76.3050003,17.8115997
0.645737,129.7929993,1.3354599,248.8079987,53.4972992,5.3305101,0.743072,103.4059982,1.51306,185.4160004,50.1125984,3.2737401,162.3890076,40.4598007,16.9601994,141.8540039,52.7755013,16.2532997
0.746262,98.7559967,1.56358,228.2359924,38.8526001,3.8040099,0.703416,94.3668976,1.49551,206.4830017,39.3995018,3.1580999,165.822998,54.1505013,20.0576,154.1399994,64.6606979,19.9643993
0.681477,145.3009949,1.33277,249.1759949,72.0263977,8.4033098,0.801036,111.6849976,1.51806,171.9550018,58.774601,3.8687301,189.8910065,34.5847015,16.9234009,143.9279938,45.4430008,16.2411995
0.680124,103.4940033,1.54632,237.9360046,39.875,3.86325,0.684022,95.2361984,1.31378,209.8269958,38.8507004,3.1859601,173.7969971,57.0696983,19.8588009,159.4389954,67.3209991,21.3813
0.852173,146.1430054,1.37282,244.5410004,62.4905014,7.2778201,0.937453,122.6190033,1.50065,184.6230011,54.7979012,3.83499,167.970993,42.0718002,16.8069992,138.9080048,53.0326996,16.2210999
1.03602,111.1940002,1.68571,239.0390015,41.4490013,5.2358398,0.985743,92.1757965,1.34233,206.5769958,32.9095993,3.1673801,161.9839935,64.9721985,20.0545006,145.7899933,81.3551025,17.8229008
0.685869,106.9990005,1.54528,229.3619995,42.8911018,4.1518998,0.698583,95.6020966,1.4956501,203.8059998,39.7164993,3.14147,167.8070068,54.0677986,20.0613995,155.2969971,64.1154022,19.9689999
0.558116,135.2030029,1.31434,249.6340027,62.5205002,6.5678101,0.70484,95.398201,1.51071,176.4609985,51.7612,3.48124,183.647995,38.2947998,17.0555,143.7440033,50.6416016,16.6431999
0.509745,124.776001,1.30814,251.0720062,48.906601,4.8689198,0.787031,94.4354019,1.51165,181.1069946,45.3204002,3.20487,181.6970062,42.1879997,16.9384003,151.4129944,52.9506989,17.2824993
0.657104,147.3419952,1.33408,248.5850067,75.8174973,8.7604904,0.69398,111.3880005,1.51685,170.3769989,61.0163002,3.90095,187.897995,33.0017014,16.9902992,141.1439972,45.2332001,16.1653004
0.916286,110.3580017,1.65876,239.1889954,43.3835983,5.1629701,0.889495,90.7863998,1.34115,205.1159973,34.2578011,3.1344099,158.8079987,63.0031013,19.9866009,146.1130066,78.0376968,17.7661991
0.553459,117.4909973,1.31888,250.4129944,51.8190994,4.5981898,0.717909,89.4653015,1.51589,187.9689941,47.5783997,3.34359,171.8529968,45.2921982,17.1420002,148.2879944,58.2196999,17.9694004
0.783974,98.3314972,1.58953,236.5429993,36.4915009,3.56054,0.685972,91.7926025,1.3158799,210.5339966,37.5783005,3.18156,170.4680023,58.2449989,19.8955002,157.0859985,69.9666977,21.2786007
0.611412,110.1460037,1.47894,254.121994,44.1715012,4.31915,0.655978,93.7903976,1.44172,199.496994,41.9794998,3.2296801,165.246994,52.4356003,19.2063007,152.0559998,63.6006012,19.4596996
0.897229,79.9941025,1.60645,234.7660065,27.6576996,3.0869901,0.741761,94.1669998,1.31774,217.3150024,37.3092003,3.3038001,170.0130005,57.7104988,19.8001995,156.0679932,69.2284012,21.4155006
0.956238,113.177002,1.66608,239.1900024,44.3298988,5.3429999,0.932811,92.4089966,1.3413399,206.1880035,33.6161995,3.1415701,160.9409943,64.142601,20.0400009,146.5899963,79.7860031,18.0182991
0.913457,109.0999985,1.65882,239.1430054,42.7835007,5.10217,0.880448,90.1990967,1.34119,204.8549957,34.300499,3.1350701,158.1829987,62.8311996,19.9699001,145.8300018,77.8286972,17.6532993
1.2582901,35.2775993,1.7423,228.5659943,5.9776301,2.42869,0.916277,101.5569992,1.32789,235.1809998,36.2840004,3.5107,172.6809998,57.717701,20.4335003,154.4440002,70.5440979,21.5757999
0.709215,147.7879944,1.3353699,249.1069946,74.2946014,8.8055296,0.826107,115.4520035,1.51719,171.5090027,60.7041016,3.9651599,191.2120056,33.9929008,16.9466,144.0169983,44.5382996,16.3166008
0.82031,100.8720016,1.6766599,241.0939941,38.1193008,3.7908101,0.75332,86.9518967,1.32497,206.8309937,37.8440018,3.08973,156.4570007,58.8055992,20.4937992,148.8209991,70.5979004,19.7942009
0.928759,69.9518967,1.65449,238.0870056,28.0210991,3.5546999,0.721208,86.5111008,1.32498,215.0679932,35.2444,3.2759399,155.0469971,59.6220016,20.1732006,147.8699951,72.8404007,18.7807999
1.00313,112.9700012,1.6775399,239.0720062,43.1456985,5.3211498,0.964892,92.7127991,1.34188,206.7429962,33.0876007,3.15323,161.7319946,64.8283005,20.0625,146.3059998,81.0351028,17.9857998
0.686576,147.6589966,1.34035,249.5850067,65.8253021,7.0913701,0.677527,114.348999,1.49492,179.7899933,57.7556992,3.5522201,163.8760071,34.1311989,16.7646999,139.1719971,47.757,14.7468996
0.927148,176.4019928,1.3533601,248.621994,76.0521011,8.4285097,1.05961,137.0610046,1.51332,176.154007,63.1548996,3.95526,180.4250031,32.5553017,16.7269001,142.0820007,44.8418999,15.5003996
0.58907,140.8350067,1.3266,248.3320007,71.2133026,7.8519201,0.617154,103.4309998,1.52005,170.048996,59.0043983,3.5827,173.1779938,33.4494019,16.8143005,136.3300018,48.0704994,14.9378004
1.04919,121.5569992,1.64864,214.0639954,50.8721008,6.0127602,0.98354,123.072998,1.47096,198.5090027,52.6893005,3.8077099,172.7720032,43.2151985,18.2483006,142.6289978,53.6724014,17.9990997
0.732782,150.2740021,1.34583,249.6119995,65.8442001,7.1023402,0.754948,117.6169968,1.49572,180.1000061,57.8951988,3.5892899,166.0619965,34.6839981,16.8295002,140.1699982,47.7723999,15.0509005
1.11023,111.7210007,1.70301,236.022995,39.6081009,5.15974,1.02934,93.2841034,1.32198,206.8509979,32.3675003,3.1649899,163.7579956,65.7277985,20.2598,146.7779999,82.5339966,17.8223
1.09059,183.2440033,1.37038,248.6130066,84.7450027,10.3973999,1.29479,150.7140045,1.51212,169.7120056,68.3414001,4.59094,199.8560028,31.5410995,17.0680008,145.2810059,41.1251984,16.7625999
0.759718,153.5299988,1.34126,248.826004,79.0779037,9.5368004,0.84768,122.7429962,1.5154001,170.4259949,64.3518982,4.1463399,193.2769928,32.7122002,17.0046997,143.503006,42.9985008,16.4454002
0.653959,132.0480042,1.3352799,248.852005,54.536499,5.4039001,0.756364,104.4150009,1.5129499,185.3560028,50.5710983,3.3074601,163.3009949,40.2523994,16.9748993,142.0299988,52.8922005,16.3504009
0.933763,75.3363037,1.61376,234.1900024,25.6084995,3.0334899,0.752046,93.8720016,1.31824,218.6179962,36.9492989,3.3253901,168.4609985,57.9436989,19.7684002,155.1959991,69.6225967,21.3295002
1.08742,59.4547997,1.72785,231.5339966,14.8724003,2.6113701,0.825368,97.3721008,1.32646,224.9830017,36.4939995,3.3975,169.1100006,57.9290009,20.4386997,153.2550049,70.4946976,21.1196995
0.533046,127.2630005,1.3108799,250.5679932,51.7700996,5.1742301,0.741899,93.6179962,1.51185,180.5359955,46.5461006,3.2534699,181.1000061,41.6226997,16.9522991,147.9810028,52.9342995,16.8216
0.537557,124.2649994,1.31339,250.2720032,53.0670013,5.0724301,0.725153,90.1657028,1.51372,182.2720032,46.8204994,3.33658,179.2230072,43.6334,17.0545006,147.2019958,55.3801003,17.2560005
0.545894,130.3930054,1.3131599,249.9279938,57.9367981,5.8804302,0.712219,92.5942001,1.51202,178.7539978,49.1469994,3.4054999,182.0919952,40.7691002,17.0468998,145.1999969,52.6472015,16.8456993
0.759308,103.7679977,1.58495,237.2030029,38.387001,3.71824,0.675971,90.9915009,1.3151799,207.9450073,37.718399,3.1320901,169.723999,58.4085999,19.9253998,157.1360016,70.3265991,21.0793991
0.631313,140.2929993,1.32759,249.3880005,66.6595993,7.51477,0.767338,104.836998,1.52001,173.2250061,54.5480995,3.66903,187.298996,36.1036987,16.8670006,144.1580048,47.2937012,16.1021996
1.32365,76.2468033,1.74761,233.1679993,20.1539993,3.9682,1.13267,100.3840027,1.32594,222.2089996,33.8320007,3.3812301,172.826004,62.9807014,20.4433002,150.1600037,78.8358002,19.7203999
0.616716,103.4199982,1.5116,239.4279938,42.134201,4.4886398,0.758987,95.5546036,1.3123,209.8070068,39.5169983,3.2069199,167.0540009,56.9992981,19.6994991,156.7539978,65.5399017,20.6921005
0.610459,117.1409988,1.31645,254.6130066,47.6819992,4.46877,0.686888,95.5752029,1.50975,193.1759949,45.1183014,3.27124,168.8869934,49.0222015,17.3638,151.7089996,60.8666,18.4500008
1.03443,64.1031036,1.72087,231.776001,18.8775005,2.7363701,0.788076,95.2851028,1.32591,222.8119965,36.5457001,3.36555,167.2409973,57.9542999,20.4188995,152.8910065,70.2082977,21.0417004
0.564189,130.0209961,1.32753,249.7230072,63.5668983,6.7533302,0.634172,96.0277023,1.50612,170.6820068,55.4325981,3.28739,161.6660004,35.3821983,16.8418999,133.9629974,50.7851982,13.8783998
1.33251,32.1236,1.74605,227.6580048,5.8605099,2.6047201,0.979496,103.0019989,1.32815,237.2169952,35.9416008,3.5328801,175.6450043,58.3354988,20.4272003,155.1710052,71.5,21.5788994
0.713189,95.7300034,1.59612,241.1119995,37.7490005,4.0355201,0.639766,86.6784973,1.32052,204.9750061,37.9435997,3.0938301,142.029007,56.9215012,20.1287994,144.0670013,68.8499985,17.1686993
0.716421,101.25,1.56154,222.6820068,40.0055008,4.1305799,0.652927,95.1081009,1.47218,202.6459961,40.0741997,3.2133999,164.5850067,52.6491013,19.2751007,151.2050018,63.5493011,19.1734009
0.541237,128.348999,1.31313,249.9349976,57.3223991,5.65798,0.717969,90.2375031,1.51308,179.9120026,48.2938004,3.4266701,181.7169952,42.5031013,17.0851002,145.7070007,54.1385002,17.1427994
0.674301,145.9349976,1.33358,248.9589996,73.4981003,8.5211897,0.75659,111.4380035,1.5176001,171.2870026,59.7639999,3.87045,188.6959991,33.9216003,16.9375,142.6159973,45.4491005,16.1373997
0.786839,142.0099945,1.36113,252.4940033,61.155899,6.6070399,0.874369,118.0599976,1.53792,183.6360016,55.6263008,3.6465399,168.7440033,39.1403999,16.4594994,143.7480011,49.8698997,16.1665001
1.27205,24.6453991,1.73901,225.5460052,7.3232899,2.3025401,0.871422,100.4100037,1.32862,239.9909973,36.4099007,3.5434201,172.4369965,57.0560989,20.3952007,155.9369965,69.1200027,22.0051994
0.694893,106.2389984,1.54252,237.8589935,39.412899,3.9934599,0.666204,93.0037003,1.31301,205.5330048,38.236599,3.0852201,164.5700073,57.6240005,19.7063007,156.1029968,68.5559998,20.0396996
1.09557,57.3928986,1.7284499,231.276001,14.5530005,2.6164999,0.826484,97.203598,1.32653,225.6909943,36.4308014,3.4054799,168.598999,57.9476013,20.4295998,153.0780029,70.5048981,21.1245995
0.681361,145.5099945,1.33307,249.1329956,72.3914032,8.4368696,0.792775,111.7659988,1.51794,171.8079987,59.0475998,3.8712101,189.6880035,34.4295998,16.9258003,143.6609955,45.4211006,16.2178993
0.866965,85.6011963,1.60739,235.0820007,31.1541004,3.2704401,0.722296,91.9552994,1.31743,214.947998,37.1463013,3.25739,167.5119934,58.2106018,19.8127995,155.0850067,69.8675995,21.2029991
0.711804,104.9759979,1.51682,238.2339935,43.7450981,4.9233198,0.775313,93.5409012,1.31154,206.0480042,38.2710991,3.16732,161.5980072,58.5219002,19.5009995,153.1840057,68.5578003,19.2542
0.54304,128.9989929,1.3131599,249.9559937,57.2668991,5.7217798,0.715689,91.3511963,1.51261,179.5200043,48.5714989,3.4098201,181.7700043,41.7429008,17.0652008,145.5899963,53.5008011,17.0133991
0.599886,128.6529999,1.33478,250.7369995,54.0614014,5.5940599,0.647362,97.2061005,1.50038,180.4060059,49.7257996,3.19348,169.7579956,38.3866997,16.7917004,141.9680023,50.7979012,14.9504004
1.16488,104.8539963,1.70381,236.3809967,36.7431984,5.2326698,1.08126,92.8289032,1.32219,206.1399994,32.4313011,3.2370801,165.973999,65.7117996,20.1553001,146.4889984,82.2086029,17.7103004
0.651829,123.637001,1.3547601,249.3419952,52.8466988,5.5915799,0.675657,101.473999,1.5001,183.147995,50.8255005,3.2371199,158.3999939,39.1181984,16.8278999,140.0130005,50.8536987,15.2335997
0.542217,128.8500061,1.3124,250.1620026,55.1934013,5.5527902,0.716909,92.813797,1.51208,179.5890045,48.0368004,3.33285,181.1499939,41.1755981,17.0032997,145.9609985,52.9094009,16.7483997
0.7561,99.1335983,1.50517,220.9989929,38.4161987,4.1367202,0.63176,97.5600967,1.2401201,205.3090057,43.0381012,3.2244699,162.102005,50.0707016,17.6805,144.3730011,61.9514999,18.1285992
0.956025,167.6419983,1.35882,248.7389984,72.0311966,8.3518801,1.1005599,142.6040039,1.51616,177.3789978,62.9398994,4.03971,179.6809998,34.9347992,16.7873001,143.6269989,44.4729004,15.7779999
0.789335,82.8808975,1.61839,240.4429932,34.2794991,4.0211701,0.654248,80.8612976,1.32207,205.1060028,34.5292015,3.1554,152.5650024,60.9441986,19.9512005,145.8809967,75.3358002,16.9106998
0.577059,114.1740036,1.3247,250.3139954,53.6237984,4.53862,0.684458,87.8824005,1.5168101,192.0350037,49.2867012,3.41629,166.2420044,46.0009995,17.2598991,147.4320068,60.3653984,18.5436001
0.681251,145.1109924,1.3324701,249.2109985,71.7059021,8.3742905,0.808175,111.5889969,1.51818,172.0829926,58.521801,3.86674,190.0650024,34.722599,16.9216995,144.1600037,45.4630013,16.2633991
0.770794,127.3840027,1.52669,249.4859924,51.3773994,5.6505098,0.791361,104.6299973,1.4312,190.7949982,46.3787003,3.4351399,165.8399963,46.5049019,18.3663998,145.8659973,58.1054993,17.7212009
0.703616,164.0399933,1.33518,248.1690063,79.7352982,8.8568602,0.717496,118.8700027,1.5132101,171.6880035,63.0205002,3.8892801,184.9810028,31.1749001,16.9228001,139.6849976,44.8992996,15.8572998
0.977293,71.5024033,1.7134,232.3549957,23.1807003,2.88218,0.757107,93.7399979,1.32524,219.8000031,36.6772995,3.3219299,166.5010071,58.0290985,20.4150009,152.8670044,70.0576019,20.9622002
0.677248,134.8139954,1.34808,249.5500031,59.1363983,6.41119,0.685453,108.7679977,1.49777,181.5559998,54.3662987,3.45104,161.0570068,36.6151009,16.8160992,139.9279938,49.2621002,15.1056004
0.772552,100.9690018,1.58832,236.8410034,37.4453011,3.6330299,0.680272,91.3570023,1.3156,209.3170013,37.607399,3.1590099,170.3119965,58.3633003,19.9151001,157.1580048,70.1947021,21.2171001
0.637761,144.0189972,1.33473,249.5859985,65.7078018,7.10814,0.598263,110.8199997,1.49437,179.2050018,57.5881996,3.5320301,161.7290039,33.6473007,16.7049007,138.1450043,47.7921982,14.4596004
0.759772,101.3300018,1.59576,241.8820038,40.1931992,4.4723601,0.717684,87.6008987,1.32038,203.9570007,37.0057983,3.0941701,149.0890045,58.6906013,20.1221008,146.477005,71.402298,17.3666
1.0150501,59.7773018,1.71534,230.7180023,21.4563007,2.91328,0.74081,91.4877014,1.32586,223.5780029,35.8931999,3.3787601,159.8829956,58.4360008,20.3015003,150.3580017,70.6587982,20.6548004
0.540204,127.3099976,1.3128901,250.128006,55.0662994,5.44067,0.718743,91.3457031,1.51281,180.4199982,47.7170982,3.3582399,180.7920074,42.2172012,17.0412006,146.2480011,53.9361992,17.0032005
0.785702,93.8740005,1.63743,240.4839935,37.2321014,3.8522699,0.682464,84.9938965,1.32309,207.1959991,37.3418999,3.1178999,147.1300049,58.2713013,20.2373009,145.7799988,70.4754028,18.343399
0.833349,89.0690002,1.59583,235.6470032,32.3945007,3.30528,0.713636,93.2319031,1.31679,214.2680054,37.5713997,3.2486701,170.5379944,57.8105011,19.8428001,156.7059937,69.2650986,21.3941002
0.906609,79.7167969,1.61553,234.3560028,28.8073997,3.18575,0.733181,91.5270004,1.31806,216.6840057,36.7747993,3.28722,165.2250061,58.3814011,19.7672997,153.8690033,70.1399002,21.0792007
1.2155401,188.3200073,1.381,248.8079987,84.2502975,10.5108004,1.4836,158.8079987,1.51221,169.5700073,68.7539978,4.71945,201.4600067,31.9724998,17.0627995,146.5769958,40.8476982,16.7450008
0.737918,134.9049988,1.35832,252.552002,57.3578987,6.0402699,0.82641,111.7310028,1.5395499,185.0910034,53.0516014,3.52437,166.4019928,40.6553001,16.4871998,144.0249939,51.4968987,16.3085003
0.853041,153.8970032,1.37227,246.6089935,64.5998993,7.2251701,0.952449,128.5859985,1.51623,180.8619995,57.6357002,3.78128,172.1849976,36.9812012,17.0625,141.6119995,47.5139008,15.9188995
0.751072,94.9459991,1.60252,241.3789978,38.3191986,4.3157802,0.676828,84.8462982,1.32077,203.4259949,36.1495018,3.11076,147.3529968,59.0839005,20.0676003,144.6699982,72.2641983,16.8283997
0.662709,109.4499969,1.53778,229.8500061,44.0998993,4.28269,0.695938,95.9802017,1.49405,203.4160004,39.6534004,3.1417899,168.8820038,54.4522018,20.0806999,155.996994,64.3266983,20.0860996
0.541156,127.8560028,1.31299,250.0630035,55.8286018,5.5356498,0.716992,91.2937012,1.51276,180.1089935,48.0079994,3.3762801,181.1029968,42.0772018,17.0501003,145.9869995,53.8130989,17.0041008
1.1851,46.1124992,1.73711,230.1049957,9.401,2.52298,0.879528,99.5548019,1.32727,230.4470062,36.2536011,3.46223,170.2640076,57.9642982,20.4307003,153.3959961,70.8319016,21.2780991
0.875147,111.5029984,1.64845,239.3339996,44.7224998,5.2030201,0.869718,91.4072037,1.3407,205.1679993,34.8539009,3.1256101,158.9380035,62.3698997,19.9890003,146.8079987,76.7862015,17.9808006
0.549112,131.701004,1.3128999,249.9329987,58.1151009,5.9798002,0.704903,94.0462036,1.51139,177.9900055,49.6273003,3.3764501,181.8560028,39.7421989,17.0065002,144.628006,51.7597008,16.5361996
0.756933,104.8379974,1.58296,237.3029938,38.8790016,3.7934301,0.685322,90.4187012,1.3149199,207.0570068,37.9075012,3.10795,166.3699951,58.3535004,19.8736,155.6790009,70.2304993,20.6522007
0.54902,130.7039948,1.31137,250.3639984,54.1388016,5.5117502,0.714313,94.9792023,1.5109299,179.1009979,48.0133018,3.25002,180.8309937,40.0699005,16.9009991,145.6849976,51.6917,16.1912994
0.911864,160.8179932,1.37549,246.6300049,68.0725021,7.7937899,1.02999,136.1360016,1.51508,179.5420074,60.0926018,3.9352701,175.9470062,36.1192017,17.0891991,142.1320038,46.0797997,16.0060997
0.702594,104.3570023,1.51977,238.0769958,41.6579018,4.6276798,0.734849,92.8276978,1.31173,205.2330017,38.1894989,3.1287799,159.0010071,58.0164986,19.4939995,152.6959991,68.3967972,18.9885006
1.22867,136.4819946,1.4991699,217.3789978,60.5349007,7.3973999,1.19248,145.0130005,1.56962,196.102005,61.0551987,4.26085,187.8829956,37.5330009,17.7220001,149.3450012,46.7140999,18.1019993
0.841492,94.8363037,1.61976,241.5169983,38.0806999,4.5421801,0.755218,83.9235992,1.32162,203.2949982,34.4233017,3.14025,153.779007,61.7364998,20.0366001,145.7359924,76.3488998,16.8927002
0.818775,91.8274994,1.5946,235.8769989,33.7546005,3.38571,0.704993,92.6399994,1.31656,213.1609955,37.5410004,3.2283199,170.2319946,57.9808006,19.8553009,156.6660004,69.5147018,21.3451004
0.645932,142.5099945,1.3302701,249.1349945,70.031601,7.9725199,0.741719,107.1650009,1.5188,172.0890045,57.3151016,3.7392199,186.7810059,34.8465004,16.8892002,142.7299957,46.5956993,15.9846001
1.20588,33.6819,1.73413,227.6840057,9.0212498,2.4047899,0.847315,98.8756027,1.32777,235.2640076,36.3625984,3.5044601,169.4530029,57.3036995,20.3826008,154.2059937,69.5162964,21.6214008
1.09076,112.1600037,1.699,235.9620056,40.2532997,5.1718102,1.0093499,93.1325989,1.32173,206.5140076,32.407299,3.15258,163.2149963,65.6192017,20.2504005,146.8899994,82.3211975,17.8097992
0.61554,104.8089981,1.51588,238.7579956,40.4542007,4.3449001,0.689642,95.7524033,1.31215,205.0829926,38.5256004,3.12251,166.2230072,57.2108002,19.6462994,156.5540009,66.197998,20.0261993
0.597032,121.0619965,1.32681,249.6759949,50.2649994,4.7163501,0.732172,98.4834976,1.51983,189.2920074,47.3185997,3.2802601,164.1519928,44.3774986,17.1700001,146.0059967,55.8697014,17.3309002
0.549713,131.1069946,1.31183,250.2070007,55.4430008,5.6679401,0.707452,94.7226028,1.51109,178.6329956,48.6063995,3.28439,180.8880005,39.8605003,16.9291,145.0780029,51.6711006,16.2264996
0.813703,85.2307968,1.66187,238.9140015,34.990799,3.5911601,0.626809,82.8721008,1.3256299,211.904007,35.3286018,3.2434299,146.7369995,59.8622017,20.2311001,145.5,72.2498016,19.4277992
0.553103,133.3760071,1.31388,249.7359924,60.9804001,6.3208098,0.71028,94.0078964,1.5112799,177.3800049,50.7228012,3.4638801,183.3390045,39.3824997,17.0622005,144.3930054,51.4944,16.7880993
1.27274,110.9789963,1.7401201,236.7160034,34.8927994,5.08394,1.20169,96.5755005,1.32383,210.2079926,32.2757988,3.23649,169.0180054,66.268898,20.4405003,146.5910034,83.7646027,18.2381001
0.539547,126.711998,1.3131599,250.0570068,55.5433998,5.4179502,0.718229,90.1367035,1.51334,180.7519989,47.6557007,3.3870699,180.7160034,42.9616013,17.0701008,146.1730042,54.6344986,17.1487007
0.871096,76.3871002,1.63824,239.2720032,30.9827995,3.8034799,0.700365,84.1102982,1.32359,210.2449951,34.9328003,3.2189801,154.0160065,60.2378006,20.0781002,146.8809967,74.009201,17.8810997
0.754574,173.6239929,1.33402,248.3419952,79.9187012,8.5945101,0.794921,123.5080032,1.51166,173.5919952,63.2839012,3.8000901,181.8959961,30.8889999,16.7558994,139.4620056,45.1635017,15.3060999
1.01301,174.4609985,1.36255,248.7290039,75.7156982,8.9332705,1.17825,148.2339935,1.51464,175.848999,65.2872009,4.1933699,183.7149963,33.8979988,16.8202991,143.9400024,43.3610001,15.8741999
0.567001,138.1049957,1.31549,249.4609985,65.4833984,6.97751,0.707222,97.0599976,1.51003,175.3990021,53.3540993,3.54439,184.8370056,37.0113983,17.0760994,143.1869965,49.6478004,16.6627007
0.544915,129.947998,1.31296,249.9859924,57.1786003,5.7908201,0.712339,92.6514969,1.51204,178.9609985,48.8555984,3.38448,181.7749939,40.8648987,17.0344009,145.3529968,52.7181015,16.8059998
1.00218,102.0879974,1.67626,236.0390015,38.5716019,4.9684,0.915346,88.4558029,1.3207999,203.875,33.2125015,3.1705301,159.9880066,63.9996986,20.0561008,145.9600067,79.6688995,17.2180004
0.770051,155.753006,1.3430099,248.677002,80.5839005,9.7240696,0.843126,124.5749969,1.51482,170.0690002,65.1378021,4.1995702,194.0870056,32.3022995,17.0366993,143.2429962,42.6330986,16.5366001
0.629613,161.3549957,1.32157,249.5019989,73.7278976,7.6676302,0.59656,115.0469971,1.49287,176.5659943,60.9161987,3.487,168.852005,32.0463982,16.7367001,137.2359924,46.7719002,14.1742001
0.673496,127.5830002,1.35364,249.4909973,54.1044998,5.7330499,0.709734,104.7990036,1.50052,183.4140015,51.5349998,3.3024199,159.9579926,39.1212006,16.8764,140.7819977,50.7585983,15.4314003
0.566566,133.5599976,1.31235,250.0870056,57.1469002,5.8835902,0.679743,96.1270981,1.51036,177.7819977,50.0271988,3.25808,179.2559967,38.5369987,16.8574009,142.8480072,50.7909012,15.5365
0.56427,115.8470001,1.3214999,250.3569946,52.6064987,4.5655298,0.70302,88.9048004,1.5165499,189.875,48.3809013,3.3733101,169.076004,45.6245995,17.1940994,147.9019928,59.1781006,18.2075005
0.829054,94.8393021,1.61538,235.8560028,35.6491013,3.5364599,0.718611,89.1836014,1.31716,210.7279968,37.2533989,3.1766901,163.9019928,58.7823982,19.8560009,153.197998,70.5558014,20.8080997
0.521212,126.0690002,1.30944,250.8359985,50.1099014,4.9987102,0.765833,94.0074005,1.5117199,180.845993,45.7823982,3.2260001,181.621994,41.9412994,16.9419994,149.7700043,52.9513016,17.0513992
1.15054,52.7652016,1.7351201,230.9409943,11.1913004,2.55792,0.866123,98.9814987,1.327,227.8840027,36.293499,3.43455,170.0140076,58.0866013,20.4424992,153.2350006,70.9992981,21.1681004
0.595904,119.2710037,1.32637,249.8560028,51.7663002,4.6107502,0.72355,95.1636963,1.51914,190.3630066,48.1530991,3.3434701,164.8890076,45.4276009,17.1991997,146.4409943,58.0073013,17.7527008
0.694431,102.4349976,1.5517,237.6999969,39.2798996,3.7838399,0.683559,95.115097,1.3141,210.2839966,38.7596016,3.19204,174.1210022,57.0920982,19.8689995,159.4459991,67.5192032,21.4459
0.65977,104.5419998,1.51397,238.6799927,43.1318016,4.6835599,0.756754,94.6443024,1.31177,207.3809967,39.0840988,3.1758599,164.0500031,57.5377007,19.5944996,154.9019928,66.7004013,19.8789005
0.641457,156.3990021,1.33382,247.9629974,79.5655975,9.0571899,0.618811,114.4690018,1.51386,170.4060059,62.6822014,3.94838,188.2409973,31.4034004,17.0832005,139.9940033,44.6124001,16.3969994
0.656147,104.4850006,1.51581,238.5820007,41.7089996,4.5390902,0.730039,94.4821014,1.31189,206.2980042,38.7195015,3.1461101,163.0339966,57.4798012,19.5846004,154.7749939,66.8889008,19.6945
0.850622,86.0789032,1.59767,235.4080048,30.8024998,3.2164099,0.723887,93.8796997,1.31706,215.4129944,37.6021004,3.27001,170.871994,57.6343002,19.8309994,156.7359924,69.0240021,21.4409008
0.533759,124.3970032,1.31257,250.4759979,51.6553993,5.0011301,0.737941,91.6378021,1.51316,182.2299957,46.4034996,3.2915001,179.4810028,43.0460014,17.0181999,148.128006,54.6313019,17.2094994
0.580735,134.2460022,1.31274,250.2429962,56.3639984,5.75315,0.670906,96.7548981,1.50978,178.621994,49.8536987,3.2100899,178.5910034,38.4902992,16.7886009,142.4830017,50.6706009,15.1772003
1.1829,106.7839966,1.71385,234.4160004,38.7858009,5.57128,1.04763,122.4199982,1.34101,205.951004,49.3586998,3.8077199,178.2290039,47.0401993,19.5217991,150.8880005,58.4034996,19.1133995
0.767732,95.1160965,1.5755301,236.5800018,35.4514999,3.4560201,0.699915,94.5804977,1.3156101,212.7980042,38.3078995,3.22858,173.3509979,57.2262001,19.8691998,158.4290009,68.1585007,21.5303001
0.682225,104.9840012,1.5142699,238.4859924,43.9421997,4.8364601,0.76969,94.2524033,1.31157,206.8659973,38.8451004,3.1757801,163.276001,57.9679985,19.5548992,154.2030029,67.4191971,19.6334
1.29291,101.4420013,1.77557,234.2160034,36.0348015,5.4946299,1.16968,121.7149963,1.38837,207.4940033,47.0681,3.9231999,181.7859955,49.2780991,20.5356998,152.8699951,60.7766991,20.1546001
0.887728,102.7180023,1.65646,238.8760071,40.4126015,4.8446002,0.827987,87.460701,1.34122,203.9069977,34.4306984,3.1387701,155.6060028,62.1576996,19.8868999,144.7259979,76.9634018,17.1994991
0.556264,134.5070038,1.3138,249.6970062,61.3356018,6.4331999,0.696913,95.4842987,1.51073,176.5330048,51.4103012,3.43608,182.6399994,38.3190994,17.0233002,143.5240021,50.6829987,16.4379005
0.613215,118.6429977,1.34071,248.5059967,48.3236008,4.8320398,0.701647,96.9713974,1.51293,185.1369934,47.5607986,3.0583501,159.9600067,41.7694016,16.8584995,141.1349945,52.5667992,15.7645998
1.0229599,92.1743011,1.67716,235.6849976,34.8403015,4.7850599,0.907688,87.2043991,1.32128,205.0410004,33.0458984,3.2242501,161.9129944,64.0518036,19.9584999,146.3040009,79.7235031,17.25
0.656482,142.7669983,1.33003,249.2949982,69.3158035,7.9665999,0.789058,108.2229996,1.51908,172.6139984,56.5614014,3.77389,188.8450012,35.3895988,16.8976002,144.1940002,46.3381004,16.1991005
0.750196,94.2518997,1.61489,240.7700043,37.3342018,3.9366701,0.658027,85.6682968,1.32172,206.1450043,37.6329002,3.10636,144.4450073,57.5640984,20.1669006,144.970993,69.710701,17.6956997
0.882363,97.1093979,1.59672,232.9570007,35.9603004,4.1172199,0.691654,103.2529984,1.25793,212.1999969,44.4807014,3.28093,166.098999,49.8563004,19.0569992,146.4629974,63.013401,18.6140003
1.09199,122.7139969,1.6468199,213.996994,51.5085983,6.3294401,1.02968,128.7649994,1.47096,198.5599976,54.5021019,3.9330101,175.8370056,42.3456993,18.2707996,143.4450073,52.344799,18.1352005
0.597369,125.8700027,1.3413399,249.6080017,58.6528015,6.58847,0.54844,102.4940033,1.49619,180.0240021,53.9552002,3.5118599,157.0420074,35.3807983,16.6888008,138.2579956,49.0157013,14.6807003
0.746488,96.1138,1.56893,222.1309967,38.2057991,4.0430102,0.657166,94.7598038,1.47164,204.7079926,40.4388008,3.2555799,163.5740051,52.2313004,19.2728996,150.6519928,63.4844017,19.2259998
0.972836,102.3820038,1.58507,228.5850067,38.9262009,4.9428802,0.856332,105.7470016,1.28429,204.7630005,45.2524986,3.56949,171.822998,47.2094994,18.2686005,146.8800049,61.2794991,19.0942993
0.625442,120.012001,1.34228,248.3789978,48.9541016,4.8863902,0.709539,98.3377991,1.5131,185.5420074,48.0415993,3.0809801,158.904007,41.656601,16.8777008,140.8040009,52.6235008,15.8164997
0.74273,101.2050018,1.57139,227.375,40.1940994,3.82377,0.688191,93.5503998,1.3206199,205.8809967,40.3342018,3.09513,165.6439972,54.0661011,19.4587994,152.2140045,64.6912994,19.8237
0.566951,119.9850006,1.32303,249.8869934,48.5684013,4.7568698,0.722267,96.1595993,1.51656,186.2160034,46.289299,3.1886799,167.9550018,43.1403999,17.0373993,146.3639984,54.0299988,16.8766994
0.716672,102.1809998,1.53678,264.7109985,39.3984985,4.4363799,0.768758,94.2923965,1.26989,206.1670074,38.8418999,3.1410201,159.3419952,57.1111984,19.9815998,149.8699951,67.7740021,18.7066002
0.655314,142.7810059,1.33017,249.2669983,69.4938965,7.97335,0.780366,108.1100006,1.51899,172.5110016,56.7500992,3.7687199,188.5189972,35.2719994,16.8962002,143.9320068,46.3694,16.1609993
0.599729,136.8569946,1.32579,249.1490021,65.5529022,7.1575198,0.669898,100.3560028,1.52065,172.5130005,55.1557999,3.4807301,178.2449951,35.5031013,16.7628002,139.8880005,48.7639999,15.1457996
0.545304,119.4469986,1.3171901,250.4730072,50.2513008,4.6825399,0.733585,91.9585037,1.51529,186.276001,46.618,3.28304,173.326004,44.1655998,17.0858002,148.7169952,56.1598015,17.6445007
0.627424,122.737999,1.3386101,248.5919952,50.1598015,5.0282998,0.715412,99.9658966,1.51343,185.6139984,48.5680008,3.14833,159.9179993,41.3431015,16.9137993,141.3099976,52.6530991,15.9806995
0.595792,134.7929993,1.32969,250.6670074,61.3096008,6.4846201,0.67432,97.5179977,1.50123,175.3009949,52.5367012,3.3624401,177.9980011,36.9095993,16.9563007,141.6130066,50.0363007,15.2798004
0.655151,108.0839996,1.4876699,234.4700012,42.9110985,4.2358999,0.693379,97.6280975,1.47154,205.9049988,39.5889015,3.1986001,171.4279938,54.9179993,20.2437992,159.048996,64.7115021,20.7240009
1.17759,111.1490021,1.71733,236.2220001,37.6747017,5.1359401,1.09848,94.4498978,1.32277,208.1990051,32.2378998,3.1991501,165.9210052,66.0968018,20.3132992,146.6679993,83.2445984,17.9655991
0.644754,105.6949997,1.53146,238.4570007,40.1474991,4.08671,0.675822,95.1751022,1.31288,206.7180023,38.5740013,3.13166,169.5209961,57.2450981,19.7609005,158.0670013,67.0543976,20.6583004
1.0685101,112.6449966,1.69364,238.9309998,41.3247986,5.26966,1.01388,93.5020981,1.34267,207.8059998,32.5266991,3.1717801,163.1900024,65.6084976,20.1040001,146.0780029,82.4572983,18.0214005
0.645894,104.2539978,1.5135601,238.8430023,42.7533989,4.60849,0.752693,94.9586029,1.31191,207.875,39.2262001,3.18065,164.8739929,57.3269005,19.6236,155.4459991,66.2853012,20.0865002
0.759308,101.3880005,1.58848,241.6560059,39.0742989,4.1588202,0.69615,88.0490036,1.32015,205.8090057,38.3679008,3.07128,145.8379974,57.4272995,20.0988998,147.1970062,69.7338028,17.7171001
0.708745,147.595993,1.33512,249.1340027,74.0488968,8.7837801,0.830712,115.336998,1.51727,171.598999,60.5414009,3.96205,191.2810059,34.0834999,16.9444008,144.1660004,44.5574989,16.3255997
1.03181,113.7229996,1.68389,238.973999,42.9930992,5.36904,0.98726,93.7059021,1.3421201,207.6660004,32.6673012,3.1592901,162.7570038,65.479599,20.0946999,146.5070038,82.1292038,18.1275997
0.945685,73.6169968,1.614,234.1170044,24.3204994,2.9770501,0.760535,94.6707993,1.31836,219.3000031,36.9967995,3.3398399,169.3840027,57.8060989,19.7660999,155.5209961,69.4653015,21.3943005
0.555454,134.2510071,1.3142,249.673996,62.1497002,6.4598899,0.715052,94.0718994,1.5111901,177.1560059,51.1523018,3.4976599,184.0059967,39.2066994,17.0806007,144.3549957,51.3352013,16.882
0.743685,150.8320007,1.33867,249.0209961,76.8710022,9.26264,0.855598,120.1529999,1.51617,171.0130005,62.9930992,4.0763102,192.6000061,33.3260002,16.9715996,144.0630035,43.4998016,16.3885002
0.688442,107.1539993,1.5649199,230.8919983,44.5,4.2074299,0.686431,93.060997,1.51159,203.7749939,41.2765007,3.19347,166.9810028,53.2450981,20.1292,156.1690063,64.5597992,20.2675991
0.764326,165.9649963,1.3452899,248.0630035,83.6638031,9.8295803,0.78772,126.0110016,1.51229,169.9120026,65.2938995,4.2337999,196.2160034,30.8719006,17.1634007,142.4329987,42.5840988,16.9720993
0.691071,104.4540024,1.52002,238.0910034,41.0327988,4.5104399,0.718018,93.0305023,1.31179,205.0039978,38.263401,3.1143999,159.0890045,57.7635994,19.5109005,153.0650024,68.0643997,19.0461998
0.717567,101.9079971,1.56028,237.4089966,38.406601,3.69366,0.672833,94.4804001,1.3144799,210.2409973,38.3283997,3.1875601,174.4640045,57.4145012,19.8904991,159.5549927,68.3940964,21.5000992
0.876683,112.0780029,1.64827,239.3600006,45.0960007,5.2455001,0.875117,91.7045975,1.34066,205.3110046,34.8120995,3.1263599,159.3540039,62.5007019,19.9967995,146.9609985,76.9373016,18.0433006
0.667928,105.3040009,1.52273,237.9920044,39.6427994,4.2607298,0.671191,93.8771973,1.31198,203.4850006,38.1268005,3.0713899,160.7980042,57.4740982,19.5533009,154.423996,67.6473007,19.1973991
1.21419,38.2154007,1.72566,228.1239929,12.2797003,2.8103099,0.879269,97.5195007,1.32691,232.2369995,35.7616005,3.47788,169.5,58.4337997,20.2975998,153.3800049,71.2612,20.9151993
0.673175,104.5680008,1.516,238.4660034,42.3614998,4.6483898,0.744215,94.0720978,1.3117599,206.3309937,38.6679993,3.1530499,162.2279968,57.7187004,19.5568008,154.154007,67.3218994,19.5352993
0.727508,102.2060013,1.53843,264.7709961,39.3442001,4.4783401,0.781435,94.4886017,1.2698801,206.2899933,38.8230019,3.1464901,159.6439972,57.2238998,19.9857006,149.7109985,68.0127029,18.6797009
0.986241,107.5690002,1.67474,239.0410004,40.9431992,5.1162901,0.932758,90.1379013,1.34191,205.1840057,33.4295998,3.1623199,159.9149933,63.9934998,19.9766998,145.3470001,79.7600021,17.5382004
0.850454,88.8205032,1.60781,235.3399963,32.8218994,3.3599999,0.715832,91.0820999,1.31725,213.6049957,37.1553993,3.2323599,166.6130066,58.3959007,19.8255997,154.6999969,70.0970993,21.1049004
0.552024,121.1589966,1.31891,250.2220001,48.8922997,4.7923498,0.73281,94.9893036,1.5147001,184.8309937,46.1573982,3.20262,171.9459991,42.8656006,17.0006008,147.5119934,53.9476013,16.9748993
0.70994,97.308197,1.58959,241.4100037,38.4084015,4.1701498,0.649352,87.1055984,1.3200901,204.2169952,37.8027,3.08937,142.8800049,57.1008987,20.1086006,144.3190002,69.1565018,17.0046005
0.747172,103.8440018,1.58856,242.1620026,40.8524017,4.4857898,0.726033,89.2726974,1.32015,204.4720001,37.5987015,3.08653,151.3849945,58.3429985,20.1481991,148.3300018,70.4869003,17.8729
0.917962,111.3610001,1.6585,239.2250061,43.9197998,5.2178102,0.896519,91.2801971,1.3411,205.348999,34.2159996,3.1340699,159.3480072,63.1593018,20.0000992,146.3589935,78.223999,17.8645
0.602021,145.5370026,1.32529,248.3280029,71.6231003,7.7672701,0.616303,106.0210037,1.51828,171.5429993,59.4763985,3.55024,170.8029938,33.0135994,16.7259007,136.0899963,47.9397011,14.6542997
0.573906,132.5500031,1.3282501,249.7619934,63.5682983,6.7561302,0.611578,98.1958008,1.50307,172.6840057,55.6257019,3.30987,161.8630066,35.0164986,16.8048,134.9230042,50.2649994,13.9462996
0.881545,99.5273972,1.6558599,235.8150024,39.1791992,4.6944098,0.793867,85.9480972,1.31977,202.6300049,34.2741013,3.1247699,154.7929993,62.0595016,19.9976006,145.3930054,76.8208008,16.9053001
0.807901,94.1921997,1.59434,236.0780029,34.8432007,3.4544201,0.69867,92.0780029,1.31638,212.1450043,37.5112,3.2095799,169.8580017,58.1431007,19.8675995,156.5639954,69.7640991,21.2898006
0.699825,104.8300018,1.51657,238.2969971,43.3168983,4.8333201,0.765195,93.6369019,1.3116,206.1340027,38.419899,3.1623499,161.6130066,58.2402,19.5165997,153.4149933,68.1524963,19.3218002
0.805386,112.4950027,1.6004699,223.4210052,45.5017014,4.5637798,0.751267,98.6727982,1.4773901,201.1490021,43.2421989,3.31879,167.6549988,49.1580009,19.0256996,149.8560028,61.4584007,19.2681007
0.673288,120.0039978,1.49447,251.8500061,49.228199,4.8684101,0.707319,96.5617981,1.42504,193.6199951,45.5339012,3.2653699,163.75,48.471199,18.3397007,147.5339966,61.1058006,18.3055992
1.16865,49.5868988,1.73634,230.5610046,10.2579002,2.5450001,0.874292,99.2835007,1.32713,229.1150055,36.2575989,3.4481299,170.1119995,58.0554008,20.4370995,153.2709961,70.9729004,21.2119007
0.834763,110.9639969,1.63963,239.4190063,44.9528999,5.1353598,0.842144,91.4300995,1.34042,205.0110016,35.543499,3.11974,158.4459991,61.4692001,19.9747009,147.1880035,75.1858978,18.0764008
0.792524,145.6759949,1.36078,252.345993,63.1533012,6.8835602,0.862278,119.3850021,1.53626,182.2640076,56.7027016,3.6505401,168.5440063,37.4057999,16.3882008,142.6660004,48.6268005,15.7967997
0.548101,131.4049988,1.31348,249.8320007,59.3550987,6.0551,0.713532,92.6509018,1.5118999,178.3370056,49.7058983,3.44279,182.7590027,40.5060005,17.0664997,144.9600067,52.4205017,16.9087009
0.971914,63.3674011,1.69696,231.1439972,25.2738991,3.2848401,0.719183,88.2246017,1.32449,219.6970062,35.4388008,3.3350101,155.5440063,59.1162987,20.1534996,148.1959991,71.8300018,19.5678005
0.925426,115.8649979,1.6088901,223.0330048,48.0742989,5.3280201,0.859972,110.185997,1.48629,198.9730072,47.5746002,3.5525899,170.9579926,46.0098991,18.7082996,149.8829956,57.2453003,18.5382996
0.753022,136.7819977,1.3591,252.5720062,58.4123001,6.17981,0.844772,113.5550003,1.53929,184.8760071,53.7615013,3.5694001,167.3300018,40.4998016,16.4918003,144.1589966,51.2723999,16.3405991
1.0396399,183.0890045,1.36415,248.6809998,79.1076965,9.1342297,1.2312,146.7960052,1.51307,174.2749939,65.4651031,4.2154498,187.2200012,32.3160019,16.8323002,143.6439972,43.4541016,15.9561996
1.05532,113.0199966,1.69028,238.9369965,41.892601,5.29954,1.0037301,93.5494003,1.3424799,207.7579956,32.5737991,3.16698,162.9859924,65.5571976,20.1005001,146.2169952,82.3417969,18.0541992
0.535922,125.2310028,1.31262,250.3760071,52.5266991,5.1125202,0.731107,91.5017014,1.51306,181.7100067,46.7224998,3.30669,179.8320007,42.8306007,17.0212994,147.5180054,54.4560013,17.1212997
0.714179,102.5849991,1.53493,264.8779907,39.9333992,4.4959002,0.787517,95.3531036,1.26996,206.904007,39.2579994,3.1603899,161.2960052,56.9006996,20.0097008,150.503006,67.1697006,18.9626007
0.538316,121.2850037,1.31463,250.4499969,51.4109993,4.7744298,0.733162,90.0917969,1.51441,184.427002,46.5166016,3.3146501,176.9450073,44.424099,17.0685997,148.3390045,56.4337006,17.5482998
0.805672,146.326004,1.36182,252.397995,63.4387016,6.93437,0.884607,120.7860031,1.53657,182.4190063,56.9861984,3.6855299,169.4559937,37.7070007,16.4139996,143.1060028,48.6665001,15.9280996
0.608308,140.5460052,1.32864,248.6860046,70.7440033,7.9181099,0.650804,104.0,1.51933,170.7539978,58.2597008,3.6493101,179.9210052,34.0141983,16.8677998,139.0679932,47.4693985,15.4448004
0.649361,142.5859985,1.33024,249.1900024,69.782402,7.9633899,0.755779,107.4779968,1.51887,172.2649994,57.0778008,3.74808,187.4440002,35.0153008,16.8908005,143.1940002,46.5259018,16.0494995
0.70034,103.9059982,1.55378,237.7089996,39.1775017,3.77514,0.664594,94.5589981,1.3140399,209.3760071,38.3494987,3.17395,174.6569977,57.4401016,19.8908997,159.9160004,68.3937988,21.4566002
0.7955,92.0458984,1.58486,226.1970062,35.5633011,3.5141001,0.698369,93.0805969,1.32174,208.4490051,39.9550018,3.1287601,163.4609985,53.7980003,19.4181995,150.9290009,64.6744003,19.7035007
0.97543,110.4759979,1.67206,239.1029968,42.3959999,5.2009802,0.934644,91.1669006,1.34172,205.6439972,33.5177002,3.1507699,160.1970062,64.0347977,20.0118999,145.8289948,79.7845993,17.7362995
0.883571,86.6425018,1.64362,225.4380035,32.3238983,3.4006,0.732027,93.5854034,1.32002,208.9450073,39.8297005,3.15501,163.496994,53.6251984,18.9113998,149.5180054,64.7501984,19.4503994
0.747867,103.9889984,1.5284899,237.4519958,39.3765984,4.1987801,0.701578,90.3951035,1.31188,205.576004,38.4208984,3.0677199,151.8419952,57.6190987,19.4452991,151.0200043,69.3226013,18.4484005
0.704187,105.3539963,1.51457,238.3430023,44.675499,4.99577,0.784654,94.0074997,1.31141,206.4880066,38.5402985,3.17906,162.9369965,58.4790001,19.5214996,153.6869965,68.1978989,19.4561996
0.557108,134.8580017,1.31409,249.6620026,61.9603996,6.5049601,0.70091,95.4399033,1.51072,176.4900055,51.5968018,3.46032,183.1820068,38.3060989,17.0410004,143.6439972,50.6615982,16.5498009
0.711144,148.2030029,1.33585,249.0619965,74.7711029,8.8588696,0.82068,115.8069992,1.51703,171.3549957,61.0321999,3.97505,191.1860046,33.8312988,16.9515991,143.8070068,44.4617004,16.3097992
0.747485,102.038002,1.58706,241.8359985,39.5511017,4.257,0.699159,88.5296021,1.3200901,205.1410065,38.1484985,3.07447,147.5709991,57.6011009,20.1138992,147.5540009,69.7820969,17.7322998
0.715521,131.3410034,1.35638,252.6950073,55.6990013,5.7186999,0.814988,108.6090012,1.54096,186.2680054,51.7887993,3.4918101,166.1300049,42.0107994,16.5345993,144.7680054,52.9123001,16.5769005
0.752116,100.1819992,1.574,236.9649963,37.2421989,3.5997,0.672522,93.3267975,1.31514,210.4660034,37.8751984,3.1865599,173.4579926,57.8380013,19.9037991,158.8679962,69.3264008,21.4764996
0.665244,146.6950073,1.33399,248.7409973,74.8879013,8.6611996,0.719777,111.3850021,1.51718,170.7149963,60.5544014,3.8862,188.0460052,33.3622017,16.9643993,141.6569977,45.3452988,16.1264
0.824689,165.4779968,1.34473,248.5870056,71.6056976,7.7652798,0.900802,128.1640015,1.51413,178.0050049,60.7476006,3.74667,173.3990021,33.4042015,16.6343002,140.8540039,46.0471992,15.0944004
0.812777,94.1568985,1.66245,240.2839966,37.2844009,3.7857001,0.707414,84.5432968,1.32451,207.8119965,37.0942993,3.1265099,149.2440033,58.8777008,20.3274002,146.0209961,70.9729004,18.9344997
1.01083,112.4319992,1.67966,239.0599976,42.6461983,5.2884998,0.96895,92.4838028,1.342,206.651001,33.0572014,3.15639,161.6869965,64.8274002,20.0589008,146.1320038,81.069603,17.9263992
1.0980099,197.2030029,1.3791699,248.4850006,84.0726013,9.3331203,1.37354,140.2220001,1.51258,170.8099976,64.6520996,4.21667,196.5090027,29.7548008,17.0002995,143.7550049,44.3294983,16.9836998
0.806341,106.8280029,1.6364501,239.1809998,42.6697006,4.8310099,0.788028,89.6324997,1.34044,204.2769928,36.0737991,3.1080699,154.7660065,60.2817993,19.9176006,146.1829987,73.6837997,17.6965008
0.670704,146.2610016,1.33381,248.8630066,74.1297989,8.5835505,0.740102,111.4140015,1.51741,171.0209961,60.1394997,3.87673,188.3529968,33.6640015,16.9480991,142.1580048,45.4093018,16.1231003
0.842141,154.1560059,1.37105,246.5720062,64.9542007,7.2301602,0.934281,127.3860016,1.51579,180.6380005,57.6815987,3.75704,171.6349945,36.5354996,17.0394993,141.2149963,47.4323997,15.7969999
0.978068,176.3059998,1.36099,248.4669952,84.9501038,10.3673,1.11637,143.6170044,1.51217,169.7100067,68.0856018,4.5068798,198.9080048,31.3733997,17.0916004,144.4140015,41.1414986,16.8043003
0.639207,123.2269974,1.31874,254.3910065,49.6209984,4.8694301,0.704127,99.8968964,1.5072,191.826004,46.2447014,3.2848201,169.8190002,46.9575005,17.3234997,150.9179993,59.1828003,18.1886997
1.20768,50.6973991,1.74212,230.8280029,8.6981897,2.5815699,0.91597,100.7910004,1.32736,229.3999939,36.0321007,3.4536099,171.5469971,58.5359001,20.4594994,153.2460022,71.9938965,21.1306992
0.597382,131.4420013,1.33178,250.3820038,58.7829018,6.1795802,0.608193,97.9822998,1.50026,177.3560028,52.7108994,3.2564099,166.4810028,36.3978996,16.7542,138.447998,50.2244987,14.2702999
0.618248,139.2480011,1.32715,249.2960052,66.460701,7.3920102,0.720771,103.0910034,1.51995,172.9429932,54.9478989,3.5969999,184.3289948,35.7481003,16.8332996,142.5879974,47.8054008,15.7707996
0.589392,120.3740005,1.33078,249.1529999,48.9748993,4.9641199,0.693267,96.7180023,1.51284,184.1990051,47.4309006,3.1184399,164.0829926,41.3880997,16.8682995,142.6499939,52.3786011,15.8879004
0.986866,71.0790024,1.71356,232.4459991,21.6809998,2.7911,0.76696,95.1164017,1.3253,220.1690063,36.825901,3.3288,168.4940033,57.7825012,20.4330997,153.6009979,69.8199997,21.0515003
0.548969,131.8110046,1.31359,249.7980042,59.9309006,6.1227298,0.715002,92.6292038,1.51187,178.201004,49.9096985,3.4588599,183.0570068,40.4360008,17.0751991,144.901001,52.3520012,16.9452991
0.797088,181.3910065,1.33384,248.4400024,80.239502,8.4547396,0.858529,127.6729965,1.51029,175.0330048,63.5317993,3.75754,180.7590027,30.6905994,16.656601,139.6139984,45.1954994,15.0354996
0.945404,169.9889984,1.35716,248.6940002,73.155899,8.3550301,1.0856301,140.3329926,1.51524,177.0059967,62.8774986,4.0089402,179.598999,34.1328011,16.7639999,143.0690002,44.6492996,15.6688995
0.821968,153.5469971,1.36912,246.5269928,65.0014038,7.18189,0.901785,125.2279968,1.51538,180.5249939,57.5233002,3.7146001,170.5330048,36.1291008,17.0081005,140.6750031,47.4836006,15.6389999
1.07154,127.9169998,1.48719,215.3070068,54.3979988,6.5626402,1.02895,130.8580017,1.56937,197.5050049,55.6815987,3.9853001,177.0279999,41.2131996,17.8805008,145.9909973,51.2897987,17.9603004
0.711681,138.7539978,1.35027,249.6119995,59.8880997,6.4577498,0.743332,112.1240005,1.49834,181.8670044,54.8263016,3.4825001,163.1679993,36.9838982,16.8701,140.7640076,49.270401,15.3304996
0.823356,84.3986969,1.65892,238.9409943,34.8959007,3.6414199,0.644329,83.0559006,1.32524,211.4459991,35.5251007,3.22645,147.0740051,59.6651001,20.2203999,145.4929962,72.1315002,19.1035995
0.790229,104.8310013,1.59981,242.1950073,41.7491989,4.7131901,0.769566,88.7629013,1.32054,204.1589966,36.5382004,3.1027801,153.1300049,59.7453003,20.1618996,147.7220001,72.6769028,17.6989002
0.919235,77.5999985,1.61422,234.2779999,27.2745991,3.1106601,0.74172,92.7205963,1.31813,217.6580048,36.8666992,3.3059299,166.9689941,58.1559982,19.7693005,154.6130066,69.8728027,21.2173996
0.67975,104.7470016,1.52084,238.0740051,40.3507004,4.38797,0.697684,93.3750992,1.31187,204.4900055,38.2523003,3.0957699,159.6139984,57.5764999,19.5301991,153.621994,67.8057022,19.1177998
1.03608,64.9319992,1.72098,231.9450073,18.3593998,2.69908,0.793427,95.9759979,1.32591,222.6399994,36.6376991,3.36448,168.3699951,57.8614998,20.4321995,153.2810059,70.1408005,21.0771999
0.737458,149.9369965,1.3376499,249.0879974,76.0512009,9.16469,0.859657,119.2160034,1.51644,171.2460022,62.4332008,4.0533099,192.4680023,33.5634003,16.9626999,144.322998,43.6693001,16.3868999
0.587778,126.6439972,1.3376,249.8110046,58.5483017,6.4643798,0.554452,100.5149994,1.49738,179.1589966,53.5292015,3.4306901,159.3119965,35.5666008,16.7064991,138.2380066,49.3732986,14.5472002
0.849488,93.1070023,1.69275,239.9459991,36.3634987,3.62729,0.735648,85.1747971,1.32638,209.6170044,36.7607994,3.1577799,153.7929993,59.4243011,20.4682007,147.1849976,71.2839966,19.9101009
0.557024,133.6119995,1.3128,249.8580017,59.1260986,6.1595998,0.686421,95.6667023,1.5107,176.8939972,50.7083015,3.34499,180.6840057,38.4067001,16.9473991,143.1049957,50.7687988,15.9951
0.724314,99.0764999,1.56187,237.1999969,37.7257004,3.6235001,0.693134,95.0507965,1.31477,211.6089935,38.7066994,3.2120399,174.0240021,57.0112991,19.8717995,159.0540009,67.5587997,21.5158997
0.585372,136.6880035,1.3290499,249.7380066,64.536499,6.8983002,0.582815,101.8600006,1.49924,175.0350037,56.3041992,3.38064,162.6759949,34.3319016,16.7703991,136.2259979,49.2745018,14.1341
0.817424,83.7826004,1.64112,239.4859924,34.2394981,3.74875,0.666854,84.0942001,1.32374,209.5890045,36.0889015,3.18433,148.447998,58.9788017,20.1748009,145.7400055,71.6531982,18.2665997
0.603109,102.788002,1.50925,240.0460052,42.0427017,4.4499998,0.780424,95.6781006,1.31262,212.1179962,39.7537994,3.2392299,168.4149933,56.8606987,19.7607002,157.5399933,65.2210999,21.2145996
0.646417,147.8439941,1.33386,248.4409943,76.5011978,8.8268404,0.667237,111.1709976,1.5165499,170.1329956,61.3023987,3.9089301,187.7940063,32.7111015,17.0163994,140.7259979,45.1671982,16.2154007
0.769837,97.1054001,1.57873,236.6269989,36.0742989,3.5142801,0.68687,93.5702972,1.31558,211.7030029,37.9244995,3.2072501,172.8430023,57.6958008,19.8834991,158.3029938,69.0345001,21.4729004
0.655553,104.7099991,1.53646,238.3650055,40.6166992,4.0168099,0.690288,95.4104996,1.31326,209.0449982,38.9780006,3.1756499,172.3800049,57.0512009,19.8244991,159.0420074,66.8902969,21.1837997
0.579507,119.8410034,1.3227,249.9519958,49.7695007,4.6670198,0.728714,98.2092972,1.52241,189.9320068,46.7560997,3.2799699,164.8509979,44.7061005,17.2378998,147.2819977,55.8875008,17.5370998
1.09655,70.2416992,1.69664,233.0559998,25.2903004,4.0018802,0.897609,90.7322006,1.32347,215.1660004,34.0572014,3.3306301,164.6289978,61.9294014,20.0729008,148.673996,76.5329971,18.6040001
0.643804,123.7409973,1.3184299,254.4219971,49.6473007,4.8882599,0.705818,100.2360001,1.50642,192.0399933,46.1226006,3.2901299,170.6349945,47.1749001,17.3470001,151.3040009,59.5209999,18.2929001
0.599758,125.0299988,1.3398,250.2669983,53.3544998,5.6115398,0.636585,97.4893036,1.50035,181.0410004,49.9421005,3.2176299,164.9190063,38.4463005,16.7975006,141.1699982,50.8297997,15.0375004
1.1576999,42.2140999,1.73094,229.1100006,11.3666,2.52163,0.832519,97.5662003,1.3272001,231.4380035,36.2793999,3.4677999,167.6999969,57.6332016,20.3810005,153.173996,69.9868011,21.3374996
0.56806,138.3529968,1.3156199,249.4570007,65.802002,7.00948,0.712213,96.9862976,1.51002,175.4539948,53.4029007,3.5578401,185.2050018,37.0441017,17.0851994,143.3370056,49.6561012,16.7383995
0.609758,113.0780029,1.44473,248.246994,43.8488007,4.3392801,0.615791,94.0980988,1.37356,196.3090057,41.2639999,3.1778901,164.0579987,51.8558998,18.1837006,148.7669983,63.2952995,18.4542007
0.542232,128.5070038,1.31308,250.0050049,56.5974007,5.63901,0.715884,91.3746033,1.51265,179.7610016,48.3235016,3.3931201,181.4579926,41.8578987,17.0569,145.7519989,53.6111984,16.9979992
0.537139,123.4789963,1.31357,250.3370056,52.4337997,4.9769402,0.728298,90.1917038,1.51386,182.8110046,46.6386986,3.32569,178.7180023,43.8414001,17.0538006,147.5740051,55.6277008,17.3216991
0.730608,101.5039978,1.54039,264.5190125,38.7653008,4.3934498,0.755805,92.9411011,1.26975,205.4089966,38.4366989,3.1224799,156.6419983,57.3707008,19.9454002,148.6840057,68.6641998,18.3050003
0.693509,105.1790009,1.51443,238.4080048,44.3177986,4.9165401,0.777045,94.1055984,1.31148,206.654007,38.6936989,3.177,163.0460052,58.2206001,19.5370998,153.9160004,67.8136978,19.5340004
1.30901,29.8246994,1.7461801,227.5639954,4.4727101,2.40346,0.946679,102.935997,1.32832,237.9539948,36.266201,3.5373399,174.852005,57.6935005,20.4428997,155.3339996,70.5376968,21.7742996
0.977843,115.7020035,1.61325,222.6929932,48.2593994,5.5499802,0.904308,114.473999,1.48536,199.6150055,49.1489983,3.6577799,172.7640076,45.1655006,18.7049999,150.0299988,56.243,18.6026993
0.846668,109.4300003,1.5872,221.5529938,43.3820992,4.5717702,0.779763,100.9550018,1.46492,201.9819946,43.2705002,3.3506401,168.3930054,48.6797981,18.6254005,148.9660034,60.7817001,19.0153999
0.868884,110.7180023,1.64767,239.3070068,44.3086014,5.14643,0.859851,91.0304031,1.34071,204.9730072,34.969799,3.12396,158.3439941,62.1253014,19.9773998,146.6459961,76.4516983,17.9104996
0.67924,106.1119995,1.53451,237.8789978,39.2136002,4.0551801,0.658385,93.6057968,1.31259,204.2460022,38.1498985,3.06774,163.2799988,57.5181999,19.6453991,155.677002,68.0936966,19.6954994
0.752063,105.0879974,1.5733401,237.3419952,39.0964012,3.8582499,0.688321,90.2503967,1.31437,206.6340027,38.0988998,3.0922301,162.9129944,58.1668015,19.7882004,154.5079956,69.9804993,20.1833
0.626035,120.0599976,1.31747,254.5079956,48.3312988,4.6581502,0.69412,97.8479004,1.50809,192.6629944,45.4584999,3.2739501,169.5740051,48.1921997,17.3558006,151.4980011,60.1828995,18.3589001
0.611411,122.4589996,1.34632,249.7980042,52.7755013,5.6052399,0.634555,98.1937027,1.5000401,181.8619995,50.2010002,3.22786,160.8760071,38.605999,16.7943001,140.3480072,50.8156013,15.0761995
0.79474,152.1329956,1.3531899,249.7019958,65.410202,7.1253901,0.859713,122.3420029,1.49722,180.5950012,58.0465012,3.6673801,168.9830017,35.8115005,16.9279995,141.720993,47.9239998,15.5303001
0.97932,103.3949966,1.60859,221.6080017,39.6581001,5.0833402,0.879487,112.5289993,1.32038,202.9640045,47.5732002,3.63042,171.4589996,46.8471985,18.1278,148.5050049,57.7929001,18.6597996
0.587826,120.223999,1.32784,249.4629974,48.1321983,4.73839,0.727007,99.1016998,1.5193,187.5599976,46.3185997,3.16944,163.6499939,43.3658981,17.0890999,145.2819977,53.766201,16.7523994
0.609116,113.8170013,1.4403501,255.3179932,46.9283981,4.44592,0.630603,93.7305984,1.38142,195.779007,44.3362007,3.2147999,162.7400055,50.3513985,17.7385006,148.2870026,62.6563988,18.2903996
0.789376,159.1690063,1.34553,248.5130005,82.3478012,9.9617996,0.851075,127.5019989,1.51399,169.7519989,66.0617981,4.2754102,195.5690002,31.8500996,17.0799999,143.2109985,42.1074982,16.6928005
1.1374201,111.4430008,1.70882,236.0890045,38.8162003,5.1480598,1.05674,93.7130966,1.32232,207.4149933,32.2983017,3.1792901,164.6060028,65.9008026,20.2798996,146.7200012,82.8619995,17.8750992
0.680781,145.7440033,1.33337,249.0820007,72.8099976,8.4761105,0.783136,111.8310013,1.5178,171.6380005,59.3436012,3.8744099,189.4539948,34.2545013,16.9293995,143.3549957,45.3961983,16.1942997
0.916486,179.1349945,1.35127,248.5950012,77.2263031,8.4478302,1.04482,135.7440033,1.5125901,175.8589935,63.2661018,3.92557,180.871994,31.9864006,16.7133999,141.6909943,44.9286003,15.4406996
0.908738,107.4950027,1.6585701,239.0820007,42.1030006,5.0326099,0.868408,89.486702,1.34122,204.5650024,34.3440018,3.1361001,157.4559937,62.6383018,19.9487,145.5050049,77.5878983,17.5233002
0.60621,121.1190033,1.32793,249.7050018,51.7733002,4.6588101,0.734111,96.5970001,1.51846,189.6909943,48.2179985,3.33547,164.7949982,45.084301,17.1660004,145.875,57.5409012,17.5569
0.574726,122.7389984,1.3240401,249.6130066,49.838501,5.0831099,0.691857,96.5199966,1.51205,183.0249939,47.4777985,3.1514699,168.0720062,40.8788986,16.8504009,143.6580048,52.0727997,15.8894997
0.531565,122.1669998,1.31332,250.621994,50.263401,4.7961702,0.748922,91.8912964,1.5137,183.7070007,46.0560989,3.2730401,177.8580017,43.5637016,17.0310001,149.2440033,55.1674995,17.4631996
1.07055,192.6860046,1.37064,248.5839996,82.3787003,9.23139,1.3083301,142.8650055,1.51235,172.3419952,64.9442978,4.2014899,192.322998,30.6324997,16.9034996,143.5429993,44.0257988,16.4295998
0.952929,168.9779968,1.35817,248.7160034,72.6864014,8.3715096,1.09624,141.6640015,1.51566,177.147995,62.9772987,4.0299902,179.7559967,34.5080986,16.7770004,143.3650055,44.5253983,15.7275
0.627415,104.288002,1.52447,238.9360046,41.2028999,4.2049699,0.716919,95.7549973,1.31285,209.3040009,39.2790985,3.1873701,170.4589996,56.9351006,19.7796993,158.3110046,66.0174026,21.0396004
0.835179,148.3679962,1.36394,252.4799957,64.5960007,7.1233902,0.928578,124.2549973,1.5368201,182.4409943,57.9934998,3.7692599,171.3630066,38.0180016,16.4517002,143.8009949,48.4878006,16.1238995
0.838191,111.5550003,1.63984,239.4470062,45.3432007,5.1844001,0.849486,91.7058029,1.34039,205.1470032,35.4706993,3.1213,158.9290009,61.6469994,19.9829998,147.3209991,75.4080963,18.1334991
0.545527,118.9769974,1.31686,250.4550018,51.3811989,4.6462898,0.727543,89.7833023,1.51525,186.4429932,46.9978981,3.3258801,174.1459961,44.9744987,17.1060009,148.4989929,57.4580002,17.7973995
0.890454,81.2699966,1.60684,234.8130035,28.5557995,3.1354699,0.736043,93.5285034,1.31767,216.7599945,37.2355003,3.29234,169.2660065,57.8647003,19.8017006,155.7799988,69.4309006,21.3584003
0.637786,127.7369995,1.33341,249.1060028,52.5152016,5.08601,0.751943,102.125,1.51526,186.8650055,49.1722984,3.2895401,163.4190063,42.0744019,17.0386009,143.345993,54.2271004,16.7042007
0.900871,105.4219971,1.65786,238.996994,41.3210983,4.9494901,0.851788,88.600502,1.34123,204.246994,34.3880005,3.13746,156.6060028,62.4168015,19.9216995,145.1360016,77.3035965,17.3731995
0.934521,108.9189987,1.62243,222.522995,44.8000984,4.9781599,0.844628,107.6449966,1.48648,202.3269958,45.7172012,3.52543,170.3480072,48.0920982,18.8290997,150.6459961,59.2517014,19.0007992
1.0557899,82.1442032,1.6843801,234.6940002,30.5366993,4.4707799,0.904437,88.2499008,1.32217,208.8849945,33.3536987,3.2750499,163.4779968,63.3457985,19.9741001,147.2610016,78.6556015,17.7441006
0.736986,99.3114014,1.59268,241.6649933,39.303299,4.3232598,0.684394,87.209198,1.32024,204.0279999,37.3889008,3.09041,146.2100067,57.9277992,20.1081009,145.5500031,70.3753967,17.1840992
1.0196199,176.7550049,1.36274,248.7149963,76.6745987,8.9967203,1.19075,147.904007,1.51414,175.4230042,65.3860016,4.2014799,184.5540009,33.4430008,16.8199005,143.8240051,43.3577003,15.8723001
0.810063,162.0059967,1.3476599,248.427002,83.3961029,10.1121998,0.870691,130.0440063,1.51341,169.6239929,66.6503983,4.3303299,196.697998,31.6009007,17.1056995,143.3430023,41.7487984,16.7975006
0.734934,99.643898,1.5661401,237.1109924,37.4930992,3.61221,0.682512,94.4573975,1.3149,211.1329956,38.3241997,3.2015901,174.048996,57.3599014,19.8841,159.1170044,68.3231964,21.5147991
0.713634,160.2400055,1.34198,248.0249939,83.0498962,9.8348999,0.710814,122.25,1.5127701,169.5930023,64.9028015,4.2197099,196.677002,31.1243992,17.2068996,142.3999939,42.5769997,17.1000996
0.841466,99.8908997,1.69883,240.9340057,37.5495987,3.71627,0.774398,87.0252991,1.32616,207.3910065,37.6646996,3.10184,158.5440063,59.0632019,20.5830002,148.8529968,70.7362976,20.1940994
0.899644,170.7669983,1.355,248.3789978,84.8284988,10.3191004,0.994349,137.9600067,1.51238,169.6269989,67.6685028,4.4443998,198.4450073,31.3071003,17.1161995,143.9069977,41.2480011,16.8710995
1.11165,52.3973999,1.72895,230.5829926,13.8905001,2.6134801,0.824483,96.8367996,1.3267,227.4199982,36.3196983,3.42465,167.4799957,57.9096985,20.4053001,152.7819977,70.3909988,21.1504993
0.970086,71.8967972,1.71345,232.2960052,24.2173996,2.9435899,0.749781,92.7322998,1.32521,219.4830017,36.5621986,3.31707,164.8930054,58.2055016,20.3997002,152.2460022,70.2331009,20.8749008
0.630179,149.477005,1.33364,248.1920013,77.8749008,8.9867697,0.623769,111.4599991,1.5156699,169.8529968,61.8684998,3.94154,188.6620026,32.1926994,17.0788994,140.404007,44.8568001,16.4057007
0.822748,109.2819977,1.63832,239.3350067,43.9603996,5.0040598,0.819924,90.6884995,1.34044,204.6670074,35.7757988,3.1149199,157.0200043,60.9524002,19.9510002,146.8200073,74.5190964,17.9249001
0.875578,83.7861023,1.60624,234.9869995,30.0384007,3.2088799,0.727647,92.773201,1.3175,215.772995,37.2111015,3.2733901,168.5599976,58.0229988,19.8094997,155.5399933,69.6250992,21.2931995
0.622377,139.602005,1.32732,249.3309937,66.5078964,7.4274201,0.735348,103.651001,1.51994,173.0500031,54.8068008,3.6198001,185.3970032,35.8647995,16.8449001,143.1439972,47.6380997,15.8882999
0.613104,113.2890015,1.44576,255.3300018,46.4201012,4.4078102,0.628129,93.4543991,1.38096,196.3760071,43.8490982,3.21088,163.1119995,51.0331001,17.7852001,148.5279999,63.3785019,18.4270992
0.738426,150.1959991,1.33796,249.0590057,76.3105011,9.1855698,0.855552,119.3880005,1.5163701,171.1560059,62.5760994,4.0578599,192.4450073,33.4827995,16.9655991,144.1840057,43.6497993,16.3824997
0.550307,132.2489929,1.31323,249.8600006,59.0611992,6.0973701,0.704911,94.0910034,1.51134,177.7250061,50.0280991,3.4033301,182.2630005,39.5658989,17.0233994,144.470993,51.6376991,16.5965996
0.532357,122.8639984,1.31382,250.6230011,48.9168015,4.8234401,0.756484,94.4506989,1.5131299,183.0919952,45.7406998,3.2080801,176.7599945,42.577301,16.9696007,149.2779999,53.5798988,17.1236992
0.564589,137.5130005,1.31507,249.470993,64.7363968,6.8992901,0.695579,97.1675034,1.5100501,175.2720032,53.2402,3.51057,183.8339996,36.9429016,17.0517998,142.7769928,49.6450005,16.4636993
0.82945,84.1281967,1.6530499,239.1990051,34.5167007,3.6850901,0.66749,83.8423996,1.3246,210.6670074,35.9476013,3.2007999,148.348999,59.2476006,20.218399,145.8339996,71.7640991,18.7471008
0.78565,98.3776016,1.60602,241.6679993,39.4189987,4.4972801,0.723833,85.7950974,1.32087,203.4499969,35.9031982,3.1117899,149.8390045,59.7999001,20.0916004,145.5330048,73.2754974,17.0277996
0.785748,101.5429993,1.55111,264.7669983,38.0648003,4.57341,0.810062,93.3751984,1.2697901,205.5950012,37.8339005,3.14151,157.9329987,58.3625984,19.9582005,147.8509979,70.5279007,18.1252003
0.625399,124.5970001,1.3303601,249.5130005,52.5307007,4.7599602,0.752696,98.6085968,1.51717,188.7449951,48.7252998,3.34532,165.0670013,44.4860001,17.1247005,145.0769958,57.1217995,17.3504009
0.537509,120.6009979,1.31515,250.5670013,50.2108002,4.7193499,0.742544,91.731102,1.51446,185.0559998,46.3151016,3.2797501,175.6820068,43.9650993,17.0590992,149.1100006,55.7985992,17.5907993
0.772545,95.8526001,1.5046,220.5339966,37.2056999,4.0883198,0.632527,99.0838013,1.24015,206.9400024,43.8979988,3.2607501,162.1829987,49.1901016,17.6508007,144.1609955,61.2663002,18.0874996
1.33004,94.6931,1.75117,235.2799988,27.0979004,4.5624199,1.20638,99.1094971,1.32514,216.3659973,33.0195007,3.3173299,171.878006,64.7907028,20.4831009,148.2180023,81.6163025,19.0163994
0.660598,105.8850021,1.53748,238.298996,40.1800003,4.0092702,0.672282,94.8628006,1.31314,207.4750061,38.5649986,3.14166,171.0339966,57.3126984,19.8047009,158.6790009,67.5382004,20.9067001
0.867579,163.022995,1.35113,248.654007,69.8886032,7.7597499,0.974369,131.8919983,1.51594,178.3029938,60.4267998,3.8206999,174.7299957,34.6050987,16.7005005,142.1130066,45.9025002,15.4222002
1.00348,97.5690994,1.67521,235.9309998,37.0299988,4.8836098,0.90484,87.4625015,1.32093,204.0659943,33.1385002,3.1921899,160.5039978,63.9972992,20.0016994,145.9720001,79.6603012,17.1623001
0.544167,129.7189941,1.31326,249.8919983,58.2226982,5.8382902,0.716473,91.3096008,1.51254,179.2039948,48.910099,3.4342301,182.2429962,41.5965996,17.0771999,145.4029999,53.3488007,17.0449009
0.77687,102.4410019,1.54752,264.8919983,38.6431007,4.6112499,0.821277,94.707901,1.26986,206.2599945,38.3168983,3.1535299,159.8580017,58.0259018,19.9869995,148.7709961,69.6854019,18.4379997
1.2266001,111.512001,1.7131701,234.576004,40.8389015,5.9850202,1.1080101,127.4570007,1.341,204.3789978,50.9749985,3.90469,180.2940063,46.362999,19.4953995,150.8339996,57.3847008,18.9468994
0.567484,118.4779968,1.3201801,250.1950073,50.0368004,4.63692,0.720772,96.526001,1.52292,190.3860016,46.800499,3.2963901,165.7929993,44.9059982,17.2749996,148.1170044,56.3773003,17.7838001
0.852518,183.8500061,1.34061,248.5079956,79.706398,8.42593,0.946947,131.1230011,1.51064,175.4909973,63.4808998,3.8016801,180.9830017,30.8595009,16.6578999,140.3419952,45.1735001,15.1513996
0.891553,82.375,1.61775,234.4810028,30.5949993,3.2767301,0.724966,90.086998,1.318,215.4089966,36.6834984,3.2641599,162.9629974,58.6474991,19.7637997,152.8410034,70.4485016,20.8880997
0.993195,59.2058983,1.70397,230.4369965,23.2504005,3.0957501,0.714149,89.3881989,1.32528,222.5890045,35.5055008,3.3721199,156.2149963,58.8069,20.1940994,148.901001,71.256897,20.1082001
0.806938,101.163002,1.6078399,241.8710022,40.3280983,4.6285501,0.757201,86.8199997,1.32091,203.654007,35.8292999,3.11238,151.5650024,60.2088013,20.1198006,146.2180023,73.7764969,17.2324009
0.758056,139.0670013,1.3595999,252.4069977,59.5677986,6.3984799,0.832535,114.6620026,1.53787,183.7129974,54.5318985,3.56039,166.7169952,39.0304985,16.4277992,143.1289978,50.0489998,15.9934998
1.03148,60.2000008,1.71951,231.0079956,20.0751991,2.8322001,0.764905,93.0438004,1.326,223.7890015,36.1525002,3.37819,162.8280029,58.2331009,20.3537998,151.3609924,70.4456024,20.8512993
0.551671,132.8269958,1.31366,249.7799988,60.2422981,6.22926,0.708524,93.9123993,1.51136,177.5630035,50.4225998,3.4435799,182.9539948,39.5345001,17.0513,144.4620056,51.6208992,16.7415009
0.559718,135.7259979,1.31459,249.6009979,63.1925011,6.6494098,0.708181,95.5006027,1.51064,176.3500061,52.0169983,3.5016999,184.0859985,38.1755981,17.0671997,143.7649994,50.5386009,16.7098007
0.590881,129.2709961,1.33429,250.0809937,58.6119995,6.29424,0.584579,99.1392975,1.49902,178.2129974,53.0875015,3.3269,162.9190063,36.0187988,16.7392006,138.3769989,49.858799,14.4183998
1.12958,48.1399002,1.72966,229.9889984,12.9081001,2.5836101,0.826661,96.9973984,1.32689,229.0339966,36.2775993,3.44256,167.2749939,57.8185997,20.3917007,152.8150024,70.2521973,21.2078991
0.661101,127.9769974,1.3196599,254.322998,51.5992012,5.1497402,0.722075,102.6429977,1.50534,191.1109924,47.1804008,3.31529,171.4609985,45.7883987,17.3188992,150.8139954,58.5756989,18.1632004
0.997304,105.2429962,1.6763901,236.0630035,39.7020988,5.0159202,0.91753,89.2108002,1.32068,203.8289948,33.2767982,3.15189,159.6799927,63.9720001,20.0944004,146.0879974,79.6320038,17.2852993
0.623215,114.9820023,1.4443099,255.0800018,47.0271988,4.3688402,0.659959,94.4701996,1.51788,195.1750031,44.1703987,3.2248499,165.7590027,50.3791008,17.7513008,148.8079987,62.3482018,18.3896008
0.878274,154.5110016,1.37446,246.6750031,64.637001,7.31183,0.989335,131.7929993,1.5167,181.0350037,58.0265999,3.84674,173.5859985,37.5858002,17.1007004,142.2940063,47.4325981,16.1184006
0.756554,100.5159988,1.54651,264.4869995,38.1208,4.4285002,0.764517,91.8779984,1.26963,204.9759979,37.9631996,3.1207399,154.9859924,57.8614998,19.9218006,147.3580017,69.8761978,17.9221992
0.687051,104.6900024,1.5163,238.3730011,42.8549995,4.7413101,0.754835,93.8069,1.3116699,206.2330017,38.5555992,3.1575501,161.7949982,57.9695015,19.5349007,153.7279968,67.7393036,19.4130001
0.801863,100.8249969,1.65213,241.147995,38.3484993,3.84232,0.727963,87.0053024,1.32373,206.798996,37.962101,3.08722,154.1340027,58.487999,20.3903999,148.8450012,70.4413986,19.3771
0.837351,94.4673004,1.6883,240.154007,37.1604996,3.7206299,0.734512,84.4097977,1.32592,208.2839966,36.9230003,3.1337099,151.1309967,59.3269997,20.4253998,146.0050049,71.256897,19.4599991
0.607791,133.628006,1.33023,250.6820068,59.1855011,6.1346898,0.625915,97.3944016,1.50079,176.8639984,52.457901,3.22243,170.4100037,36.6646996,16.7649002,138.7680054,50.3568993,14.1949997
0.733036,103.5459976,1.5237499,237.7169952,41.1735001,4.6237001,0.733379,91.3504028,1.3117501,204.7339935,37.8241005,3.11919,155.6820068,58.2999001,19.4339008,151.0579987,69.4425964,18.4792995
0.628873,140.1230011,1.32757,249.3699951,66.6577988,7.49368,0.757178,104.5189972,1.51996,173.1609955,54.6664009,3.6550601,186.7619934,36.0129013,16.8609009,143.8509979,47.3858986,16.0401001
0.673489,105.9339981,1.5427001,238.1419983,40.0365982,3.9326899,0.664785,94.6619034,1.31337,207.9329987,38.4674988,3.1486101,172.6329956,57.3986015,19.8444004,159.3509979,68.0031967,21.1245995
0.624497,109.3550034,1.47035,254.4819946,44.0443001,4.2505999,0.672158,93.4392014,1.43729,201.5319977,41.5414009,3.1979301,166.6109924,53.8950005,19.7896996,153.0269928,65.358902,19.8754005
0.761832,154.2980042,1.34184,248.7610016,79.6501007,9.5988703,0.842324,123.2409973,1.51519,170.2700043,64.6113968,4.16326,193.503006,32.5457993,17.0172997,143.3410034,42.8945007,16.4757996
0.685372,105.3099976,1.5477099,237.9629974,39.7336006,3.8550601,0.661365,94.6264038,1.31366,208.6009979,38.3975983,3.1609199,174.1239929,57.4342003,19.8771,159.8999939,68.273201,21.3390999
0.741078,101.564003,1.54215,264.6229858,38.730999,4.4479399,0.771879,93.2985001,1.26977,205.6029968,38.3933983,3.1312699,157.4360046,57.5265999,19.9549999,148.673996,68.901001,18.3276997
0.565828,137.826004,1.31531,249.4660034,65.1298981,6.9411502,0.701697,97.1214981,1.51003,175.3379974,53.2997017,3.5288,184.3890076,36.9776993,17.0652008,143.0039978,49.6431999,16.5725994
1.02309,106.0719986,1.60612,221.526001,41.2126007,5.44871,0.930721,118.0599976,1.32039,202.1549988,49.7478981,3.7491801,173.7420044,45.3810005,18.0872993,148.5879974,56.0461006,18.5419006
0.763662,114.4769974,1.5876,224.0630035,46.2405014,4.5682502,0.730903,97.4204025,1.4783601,199.2070007,43.2557983,3.2825301,166.970993,49.2170982,18.9761009,149.7380066,61.2416,19.0564995
0.776489,86.5406036,1.62449,240.0919952,35.2489014,3.8705299,0.650652,84.0439987,1.32252,207.2610016,36.3540001,3.1519301,146.8809967,58.5788002,20.1264992,145.0099945,71.278801,17.6336994
0.877291,84.088501,1.6224999,225.6199951,32.2700996,3.9738801,0.70096,95.3252029,1.30836,208.3659973,41.1875992,3.3422699,162.0440063,51.3409004,18.2640991,146.2339935,63.3627014,18.9825993
0.594187,110.2109985,1.46637,258.1099854,46.178299,4.36971,0.659874,93.4188004,1.4536999,198.5809937,44.1403008,3.2388899,164.8220062,51.6226006,19.2091999,153.9250031,63.4742012,19.4354
0.64024,139.5950012,1.34655,249.0059967,67.165802,7.54743,0.761798,104.3310013,1.37841,174.3379974,54.3306007,3.7162299,186.8959961,36.4149017,16.8323002,143.5829926,47.6374016,16.4705009
0.980502,109.2229996,1.67343,239.076004,41.729599,5.1595702,0.933917,90.6904984,1.34181,205.423996,33.4828987,3.15552,160.0160065,64.0048981,19.9969997,145.5879974,79.7645035,17.6406994
0.914931,112.0579987,1.6572599,239.2590027,44.4045982,5.25951,0.898782,91.6356964,1.34102,205.4989929,34.2360001,3.1331501,159.6970062,63.212101,20.0081005,146.5740051,78.2429962,17.9449005
0.827672,110.064003,1.6388,239.378006,44.4160004,5.0629101,0.829916,91.038002,1.34043,204.8209991,35.6817017,3.11712,157.6970062,61.1734009,19.9619999,147.0070038,74.7940979,17.9986992
0.561722,136.3419952,1.31487,249.5670013,64.026001,6.7423301,0.714759,95.4679031,1.5106,176.3009949,52.2668991,3.5297599,184.7079926,38.1278992,17.0841999,143.8800049,50.4803009,16.8227997
0.765503,97.3832016,1.57752,226.9519958,38.1239014,3.6910701,0.690924,93.093399,1.32104,207.1580048,39.9135017,3.1134901,164.8650055,54.3422012,19.4624996,151.8329926,65.1572037,19.8528004
0.821546,171.3849945,1.34867,248.1909943,83.6227036,9.7048302,0.884466,129.2489929,1.5122499,170.3600006,65.353302,4.2134099,194.6519928,30.7670994,17.0813999,142.3450012,42.9007988,16.7061005
0.984956,111.1340027,1.62049,222.3650055,46.0630989,5.3404698,0.896119,113.1849976,1.48552,201.6300049,48.1441994,3.6449101,172.4029999,46.2237015,18.7663002,150.4400024,57.2313004,18.8509998
0.79651,114.1999969,1.5943201,223.6119995,46.2294006,4.6433501,0.75174,99.1424026,1.4774899,200.0269928,43.7434998,3.31862,167.5180054,48.4286003,18.9768009,149.5059967,60.7186012,19.0883007
1.24186,46.4196014,1.74419,230.276001,7.4815898,2.5950601,0.938546,101.5279999,1.32752,231.2440033,35.9628983,3.4723799,172.2839966,58.5721016,20.4566002,153.427002,72.0916977,21.1933994
0.7434,88.5073013,1.61084,240.5650024,36.0648003,3.9940901,0.636566,83.9204025,1.32154,205.326004,36.3358002,3.1317799,145.8430023,58.4738998,20.0804996,144.3309937,71.2750015,17.0842991
0.549335,129.6529999,1.31134,250.6170044,51.7500992,5.2541099,0.726488,95.9983978,1.51039,180.0579987,47.1385002,3.1849699,179.8939972,40.2598,16.8367996,146.7700043,51.4777985,16.0921993
0.621738,116.586998,1.4431601,254.9700012,47.7350006,4.4955502,0.65538,95.5559998,1.5174,194.5500031,44.9207001,3.20907,164.7279968,49.3450012,17.6987991,147.947998,61.267601,18.1263008
0.943908,74.1725998,1.71234,232.2890015,27.0575008,3.1021199,0.727347,90.1647034,1.32507,218.1329956,36.2722015,3.3002,160.5839996,58.644001,20.3542995,150.5330048,70.6847992,20.5856991
0.651876,142.625,1.33016,249.2339935,69.5622025,7.9556699,0.767791,107.7180023,1.51895,172.4100037,56.8597984,3.7556801,187.9700012,35.1647987,16.8925991,143.5780029,46.4707985,16.1044006
1.0266401,100.4769974,1.61093,221.2120056,38.339901,5.1999402,0.918356,116.5189972,1.32099,204.3650055,48.6567001,3.73072,173.1889954,46.3959007,18.1380005,148.9570007,57.0245018,18.7695007
1.11102,182.7510071,1.36981,248.7590027,80.1591034,9.7664003,1.32169,156.7140045,1.51307,173.4230042,68.1090012,4.4508801,190.697998,32.9636002,16.8943996,144.9140015,41.7812004,16.1287994
0.845097,163.6670074,1.34822,248.6179962,70.4834976,7.73455,0.936643,129.6790009,1.51515,178.2079926,60.4393997,3.7794299,173.8509979,34.0569992,16.6676998,141.4850006,46.0349998,15.2650003
0.635018,126.5080032,1.3314101,249.4389954,53.0862007,4.8238101,0.762696,99.6728973,1.51661,188.3190002,49.0535011,3.3552899,165.3430023,44.1290016,17.1105995,144.7700043,56.9169006,17.2793007
1.33347,93.1025009,1.71613,236.2489929,30.7432995,5.3346801,1.21445,96.7475967,1.32327,208.6889954,32.4917984,3.3754301,172.6309967,65.858902,20.0422001,147.727005,81.9829025,18.3183002
0.802683,138.8659973,1.3703901,244.5249939,58.4780006,6.7049799,0.872499,116.060997,1.50186,186.3240051,51.8227997,3.6986499,164.3049927,43.6528015,16.7882996,138.522995,54.7703018,16.2136002
