M3_Al_0_2,M3_Ca_0_2,M3_Fe_0_2,M3_K_0_2,M3_Mg_0_2,M3_P_0_2,M3_Al_2_6,M3_Ca_2_6,M3_Fe_2_6,M3_K_2_6,M3_Mg_2_6,M3_P_2_6,TOC_0_2,IC_0_2,TN_0_2,TOC_2_6,IC_2_6,TN_2_6
86.1083984,4258.2900391,30.4027004,390.0039978,125.0,15.1917,116.8190002,4304.3398438,41.4686012,351.0390015,117.6080017,9.4614897,220.4909973,104.7979965,136.3220062,209.3789978,116.9710007,48.7201004
87.3862,4137.0498047,30.4727993,397.2569885,126.7669983,14.2434998,127.4349976,4097.6601562,42.0084991,353.6140137,119.1969986,8.7650299,227.1459961,98.7182007,41.0158997,231.3359985,115.3610001,41.5928001
138.720993,4238.5,30.8857002,390.4249878,123.1399994,13.0128002,180.0789948,4255.7202148,42.7647018,347.8089905,110.038002,8.6688204,210.0570068,100.3089981,136.6340027,196.0010071,108.677002,40.0887985
132.404007,4253.0,30.9645996,390.5109863,124.2109985,12.9710999,173.6589966,4254.3901367,42.7635002,348.144989,111.2770004,8.6480598,209.3300018,100.0780029,132.8170013,197.6690063,109.5510025,39.8376999
134.5540009,4249.0498047,30.9549007,390.4949951,123.9810028,12.9823999,175.8399963,4256.0600586,42.7643013,348.0339966,110.8899994,8.6513901,209.6009979,100.064003,133.9389954,197.3379974,109.2490005,39.9161987
78.9300995,4217.5297852,31.6625996,398.9530029,125.1600037,14.3741999,113.6190033,4191.0498047,42.0850983,347.8200073,116.5619965,8.8250399,233.0059967,96.7494965,43.2271004,223.9290009,113.737999,41.6757011
181.1920013,4157.8999023,32.4908981,405.9060059,132.9900055,15.2461004,214.3509979,4149.3999023,41.5889015,351.7120056,118.2659988,7.87538,246.2120056,93.0651016,41.493,213.0590057,106.0479965,38.2360992
174.5469971,4212.0297852,32.4150009,397.2600098,133.1349945,14.8427,214.5930023,4243.6601562,42.1114998,347.1279907,118.4540024,7.81674,237.6860046,96.2661972,36.7594986,209.427002,108.6699982,31.1685009
136.9210052,4242.3598633,30.9213009,390.4719849,123.6380005,12.9944,178.5149994,4253.1401367,42.7644997,347.9869995,110.5569992,8.6565304,209.8359985,99.9328995,135.022995,197.0070038,108.9250031,39.9917984
159.2960052,4193.25,31.0604992,393.0769958,128.927002,13.1659002,204.1600037,4218.7998047,42.4571991,350.7950134,112.8820038,8.5127096,215.371994,97.6064987,136.6549988,198.177002,107.2600021,40.6531982
112.7529984,4303.5400391,31.9857998,402.2139893,130.6119995,15.6043997,144.9539948,4329.3300781,42.3005981,344.776001,118.7770004,8.5486898,238.0679932,101.6520004,39.0652008,215.7940063,115.4749985,36.0625992
151.1000061,4168.8999023,31.1331997,391.4440002,124.1449966,13.7153997,200.5740051,4151.0498047,43.3305016,348.598999,112.5820007,8.5717402,220.1829987,90.2940979,137.3370056,208.4920044,104.5820007,43.993
148.3329926,4076.0300293,31.7038994,403.6759949,133.7870026,14.6227999,177.7669983,4036.0600586,41.7210999,358.7739868,119.8519974,7.67342,245.5500031,94.4148026,43.2182007,220.9680023,105.9960022,37.8727989
170.9859924,4053.1799316,29.7845001,400.9320068,127.2160034,13.3498001,231.1329956,3997.6398926,42.0438004,357.4819946,121.237999,8.4772301,222.1970062,86.9656982,131.7070007,210.4640045,103.1110001,48.5536995
176.6820068,4188.6298828,32.3973999,397.2890015,134.1210022,14.7936001,217.2640076,4222.1499023,42.1063995,348.9299927,118.9680023,7.8045602,238.1040039,96.4593964,36.8011017,209.878006,108.6090012,31.2175999
140.7369995,4144.1699219,32.2108994,406.4630127,130.9530029,15.2663002,174.1329956,4125.2099609,41.5597,350.9129944,117.336998,8.0385799,246.7949982,92.2798996,41.7130013,215.8710022,107.4179993,38.7587013
101.322998,4206.4702148,31.8726006,398.605011,125.8059998,14.2384005,131.6399994,4193.6601562,42.0898018,347.5939941,115.8730011,8.6473904,233.9380035,94.5723038,43.4860001,223.2879944,109.6650009,41.6251984
78.3043976,4272.4301758,32.0145988,395.868988,120.7570038,14.4076996,116.0940018,4251.9101562,41.7454987,346.2929993,114.5029984,9.1216097,225.7189941,99.7057037,40.3153992,212.9799957,116.8270035,40.6313019
72.8757019,4082.7399902,29.9839001,399.4670105,129.8970032,14.2109003,112.1750031,4030.1201172,41.6792984,356.1069946,121.3430023,8.8281097,228.7799988,99.1215973,41.8540001,226.1390076,114.0719986,41.763401
153.4570007,4165.9799805,30.9587994,391.4020081,122.9290009,13.7009001,204.1430054,4149.7099609,43.3235016,348.5299988,112.0459976,8.5809698,219.9609985,89.7577972,137.5919952,209.4120026,104.5650024,43.9935989
149.1589966,4212.8100586,33.1240997,397.7200012,129.2740021,15.4652996,183.9559937,4201.75,42.6879005,345.2730103,116.2269974,7.8407202,244.7120056,90.7470016,42.2969017,215.7539978,106.1920013,35.2372017
139.4179993,4191.2299805,31.6674995,391.5299988,126.2969971,13.7832003,185.5370026,4168.2900391,43.3518982,347.3630066,113.2229996,8.5783796,221.1860046,90.2633972,135.8930054,208.9790039,104.8980026,43.9734993
112.2750015,4273.3999023,31.6874008,402.8320007,130.6289978,15.5149002,143.173996,4287.8300781,42.1273994,345.9819946,118.8909988,8.6172705,237.2160034,100.2870026,40.2909012,217.2879944,113.5250015,37.6228981
107.2440033,4274.7998047,31.0291996,407.7449951,131.3329926,16.2143993,139.4199982,4289.6201172,41.9000015,347.9460144,120.9349976,8.9650698,236.1360016,103.5309982,38.2633018,216.1439972,118.0289993,37.5428009
82.7417984,4261.0600586,31.4333992,395.881012,124.0179977,14.3586998,117.4469986,4245.3598633,41.7078018,348.9599915,117.2570038,9.1036901,226.8150024,99.6832962,40.5653992,217.9629974,115.5979996,40.7521019
175.7630005,4197.7202148,32.3160019,399.6539917,135.8919983,14.9885998,220.3650055,4219.5600586,41.7923012,349.8599854,120.5199966,7.7382998,241.9320068,97.5770035,37.2995987,210.6109924,109.4489975,31.5799999
89.8349991,4290.7099609,31.0445995,401.6839905,126.9700012,15.8203001,116.0670013,4308.9902344,41.0735016,346.0249939,118.3479996,9.0313101,229.9360046,103.8270035,38.5494003,214.0319977,117.4059982,38.7415009
171.1170044,4122.6201172,31.0062008,391.571991,126.8840027,13.6485004,222.9720001,4106.1499023,43.3190002,351.052002,113.2539978,8.5374804,218.9129944,91.8942032,139.1289978,204.378006,103.9769974,44.0269012
146.4190063,4145.4199219,32.3255005,406.3469849,130.4850006,15.2503996,179.2980042,4128.0898438,41.5647011,350.7149963,117.0009995,8.0052299,246.6950073,91.7818985,41.6931,215.3190002,106.9499969,38.6971016
77.3732986,4314.1499023,30.8591003,401.4609985,121.9260025,15.6185999,108.2210007,4314.2900391,41.1057014,344.9400024,116.211998,9.0927496,227.8600006,109.7470016,38.2682991,209.7839966,120.6920013,38.6533012
168.9869995,4124.5498047,30.9321995,391.4129944,120.8089981,13.6054001,222.4170074,4087.5400391,43.3218002,350.17099,112.2269974,8.4503002,219.6730042,86.6622009,134.2079926,219.6950073,104.2210007,43.8610001
131.1710052,4042.6499023,31.1590004,403.8640137,135.2940063,14.6175003,159.5039978,3990.4699707,41.7109985,360.5950012,121.2139969,7.7253699,245.6199951,96.8806,43.3787003,224.7339935,106.9380035,38.0273018
172.3470001,4017.9599609,30.1728001,401.8349915,133.6889954,13.4429998,229.003006,3942.4799805,42.0374985,361.1690063,120.4660034,8.5698404,223.9470062,87.4431992,132.2160034,211.2460022,104.2539978,48.7598
181.0240021,4123.8598633,32.0578995,403.5130005,134.6629944,14.7159996,210.2299957,4092.8999023,41.7378006,356.2829895,119.7160034,7.64779,245.4190063,93.2113037,42.8950996,216.451004,105.572998,37.5307999
83.847702,4301.8500977,31.1683006,401.6440125,126.0889969,15.7652998,111.401001,4314.8701172,41.0908012,346.1130066,118.1800003,9.0439997,229.4629974,104.8010025,38.5050011,213.2779999,118.2799988,38.7396011
203.9120026,3992.9099121,30.4328995,398.1409912,143.098999,12.9194002,265.696991,3895.8100586,42.4248009,365.506012,124.1350021,8.29879,220.0800018,81.6807022,131.6340027,206.0010071,99.3608017,46.1820984
165.6009979,4016.8898926,30.1516991,401.9330139,133.4409943,13.4729004,221.4880066,3942.5600586,42.0298004,361.0499878,120.0169983,8.6100702,224.4570007,88.7184982,132.5749969,212.6119995,105.1050034,48.8446999
195.5670013,4053.0,30.4155998,401.4320068,133.595993,13.427,255.6920013,3975.1499023,42.0602989,359.2749939,118.8639984,8.5631104,222.1009979,86.8454971,134.5780029,207.8130035,103.3470001,48.584301
150.2279968,4233.7202148,33.0624008,395.2579956,128.9230042,15.6244001,187.2359924,4230.2797852,42.9439011,346.1319885,116.7570038,7.9302301,237.8399963,93.7726974,39.4761009,211.4420013,107.2610016,33.4724998
99.6339035,4036.9099121,30.7931004,403.2369995,132.4550018,14.2955999,132.8730011,3969.8400879,41.4816017,361.4060059,120.6780014,8.6996098,235.0480042,98.6937027,43.3432999,227.8049927,112.1429977,43.6879005
176.5630035,4093.8701172,30.9078007,391.6359863,127.4540024,13.6195002,231.1589966,4057.8400879,43.3174019,352.3179932,114.5469971,8.4986401,218.9389954,89.5363007,137.2030029,206.522995,103.3180008,43.9589996
98.5095978,4009.8999023,30.1009998,409.92099,136.2839966,14.2110996,140.7460022,3925.5400391,42.1547012,362.1010132,123.5179977,8.7846203,228.3919983,96.3503036,42.8618011,222.9290009,110.1159973,41.3336983
123.8550034,4301.1499023,32.8389015,393.9500122,130.3329926,15.4988003,159.0019989,4316.3999023,43.3745995,341.6629944,117.4820023,8.1547098,236.9149933,99.5867996,37.3423004,211.6900024,113.4339981,30.7420006
129.7350006,4259.9199219,30.9789009,390.5150146,124.3199997,12.9635,170.5939941,4258.0698242,42.7627983,348.1119995,111.4990005,8.6489697,209.072998,100.387001,131.9929962,197.723999,109.913002,39.7719002
176.746994,4186.8798828,32.8009987,395.7269897,132.6410065,15.5689001,214.8119965,4202.9199219,42.8964996,348.3179932,118.1470032,7.8196402,240.6399994,94.5843964,39.5349007,211.1640015,106.6269989,33.4707985
147.4400024,4267.2900391,32.2299995,396.947998,130.0460052,14.7388,186.5119934,4268.2597656,42.1122017,346.1390076,117.2470016,7.9126601,233.4440002,98.9809036,36.3386002,207.5099945,111.0540009,30.9624996
78.1267014,4277.0097656,31.6018009,402.6229858,121.3219986,14.8366003,115.7969971,4256.4799805,41.5592003,346.0580139,114.7139969,9.5010204,227.8930054,100.5449982,38.9977989,213.6580048,117.6869965,40.2995987
140.2839966,4222.9199219,33.1523018,397.7000122,129.526001,15.4902,175.8939972,4207.4101562,42.6988983,344.7739868,116.435997,7.8794398,244.6820068,90.7415009,42.3805008,217.1049957,106.6539993,35.280201
91.2847977,4310.1298828,31.4013996,398.5480042,127.3880005,14.7953997,117.413002,4349.5600586,42.3008003,349.0979919,116.302002,9.0669403,224.8569946,106.9140015,140.6159973,206.7149963,117.2139969,48.844101
146.3099976,4194.4399414,30.2476006,388.7279968,120.2320023,13.8632002,198.0410004,4206.0698242,43.5388985,348.1650085,109.9319992,8.8023596,213.9199982,95.6752014,140.0619965,199.3139954,106.0169983,42.5136986
63.906601,4012.7800293,29.7360001,406.0620117,134.4380035,14.4164,98.0114975,3936.5,41.0275993,362.8009949,123.473999,8.91675,231.871994,101.6350021,41.8227997,233.5279999,113.7310028,42.4081993
178.3289948,4166.7299805,32.9632988,397.8800049,130.25,15.4047003,212.3190002,4170.5400391,42.6531982,347.6470032,116.5540009,7.7343302,244.9100037,91.8339996,42.0214996,212.279007,105.2210007,35.0810013
164.7839966,4224.4301758,32.9073982,395.3370056,126.4049988,15.6033001,199.75,4233.4799805,42.9127998,344.3009949,115.2129974,7.8745298,238.9219971,91.9822998,39.4746017,208.9669952,106.0449982,33.4431992
202.9550018,3995.8898926,30.3556995,397.9410095,140.401001,12.934,264.8070068,3897.6699219,42.4225998,363.7799988,122.8119965,8.3120003,220.0850067,83.0792999,132.4389954,207.0010071,100.2529984,46.2024002
110.177002,4301.2001953,31.6616993,384.776001,124.8310013,14.0424004,143.7259979,4324.25,42.966301,343.631012,112.9950027,8.8477001,217.1260071,101.0039978,122.4420013,205.7850037,113.5759964,39.5355988
180.4609985,4122.2797852,32.1043015,403.4989929,134.3410034,14.7061996,209.5910034,4091.5100098,41.7373009,356.2900085,119.5080032,7.6421399,245.4069977,92.8759003,42.9040985,216.2910004,105.4329987,37.5433998
163.7680054,4127.0600586,30.9081993,391.4819946,123.348999,13.6365004,217.1940002,4089.6799316,43.3222008,350.3919983,113.5960007,8.4903402,219.8150024,87.2639008,134.8560028,213.8339996,103.8349991,43.8942986
104.572998,4039.2600098,31.5000992,400.1300049,131.0879974,14.0671997,135.8739929,3979.75,42.0453987,358.4020081,118.8970032,8.2948704,239.5240021,94.8370972,46.3529015,227.2920074,106.8919983,44.4407997
141.7339935,4048.9899902,31.4116001,403.7650146,135.1690063,14.6084995,169.2749939,3997.0300293,41.7118988,360.5299988,120.848999,7.6922598,245.4600067,95.4623032,43.2860985,222.4250031,106.2669983,37.9431
145.0110016,4193.8398438,29.2644997,390.0899963,119.9319992,13.1322002,201.3899994,4208.7597656,42.7261009,348.8609924,109.7070007,8.88554,210.5899963,98.7489014,136.4730072,195.6840057,108.2990036,40.1181984
162.0110016,4083.7099609,32.1722984,403.4989929,133.1410065,14.5791998,193.4309998,4043.8400879,41.7232018,359.3649902,119.5749969,7.6105299,245.2899933,92.4916992,43.1100006,217.8860016,105.1019974,37.7765999
64.0441971,4170.9399414,31.4044991,397.9869995,126.4079971,14.3498001,104.0240021,4121.6298828,42.0060005,345.95401,114.0599976,8.8974504,229.6719971,90.4545975,41.3694992,229.5910034,116.0970001,41.7616005
170.7079926,4117.1298828,32.9311981,407.303009,129.121994,15.0665998,203.4559937,4094.0100098,41.3866005,354.302002,116.0820007,7.7881799,248.397995,90.8216019,42.4793015,217.1929932,106.0289993,40.1050987
47.0864983,4090.3000488,29.5317993,400.2720032,130.3990021,14.3835001,82.2363968,4032.25,41.6447983,359.2990112,121.7600021,9.0483398,230.9669952,101.0510025,42.1481018,234.3930054,116.2399979,42.1758995
71.7677994,4349.1401367,31.2068005,410.9460144,131.2460022,16.2451992,93.1399994,4374.9599609,42.0830002,349.7049866,122.8949966,8.9653997,235.2230072,111.2350006,39.2663002,211.7089996,122.1119995,38.8843994
88.5957031,4047.3999023,30.1399994,409.7980042,134.75,14.2468996,128.802002,3974.5200195,42.1492996,360.7569885,122.8349991,8.8240995,228.6329956,97.5783997,42.8172989,224.5269928,111.3099976,41.3539009
175.7100067,4200.7700195,32.8300018,395.5979919,129.673996,15.5778999,211.7830048,4217.3300781,42.8964996,346.1669922,116.5699997,7.8231502,240.2599945,93.072403,39.5180016,209.8959961,106.0960007,33.4541016
191.3739929,4022.2600098,30.1564999,401.5249939,134.0019989,13.3509998,248.1829987,3944.8500977,42.0598984,361.4869995,121.7549973,8.4233704,222.5440063,85.3021011,131.2359924,204.0939941,102.0930023,48.5045013
111.3840027,4040.6298828,31.4659996,398.8469849,131.1869965,14.0825996,141.1909943,3980.7399902,41.549099,357.7149963,119.3619995,8.3418503,241.9369965,94.2046967,46.7010002,226.7369995,106.1230011,44.846199
138.3630066,4261.7001953,32.2192993,393.2099915,128.3939972,13.2138996,173.3049927,4302.0800781,42.4850998,344.8059998,106.5630035,8.55439,216.0950012,107.3320007,142.4700012,190.5460052,110.4209976,40.6852989
166.9669952,4256.3598633,32.0886002,399.9570007,138.4889984,15.2404003,210.9369965,4288.75,41.8149986,345.9110107,121.7679977,7.80691,241.9830017,101.6589966,37.0942993,210.4920044,111.737999,31.4165001
116.2799988,4086.75,30.0802002,394.7030029,130.072998,14.1119003,159.9380035,4038.5700684,41.9698982,356.9440002,119.5770035,8.8965502,221.2200012,95.7508011,104.677002,216.2380066,109.0240021,45.1311989
178.0050049,4094.6398926,31.9785004,403.5239868,135.2640076,14.6763,205.0149994,4050.5100098,41.7288017,357.9909973,120.112999,7.6401401,245.2449951,93.0920029,42.9462013,216.8079987,105.3190002,37.5892982
175.7890015,4182.0600586,33.3240013,397.5490112,124.0930023,15.3238001,208.5590057,4186.8901367,42.6575012,344.7850037,112.9000015,7.7116199,244.5500031,86.1964035,42.1041985,211.5090027,103.1159973,35.1090012
115.5159988,4001.0200195,30.1580009,402.2940063,132.8829956,13.6497002,161.4199982,3924.0300293,42.3072014,360.0339966,121.1309967,8.5408297,224.2640076,94.0770035,43.4854012,227.1199951,108.7839966,42.114399
162.7030029,4173.6401367,31.0097008,390.7409973,127.6389999,12.9771004,208.298996,4202.9199219,42.7719994,350.3399963,112.0199966,8.5871601,211.5659943,96.5094986,135.9720001,198.0549927,106.5530014,40.2766991
140.3249969,4275.1098633,32.1604004,396.8680115,129.4620056,14.6927996,179.3029938,4268.3598633,42.1104012,346.4389954,117.0660019,7.9380298,232.3670044,99.9128036,36.2265015,207.0429993,111.7590027,30.9188995
146.8439941,4050.4499512,31.5209999,403.7200012,135.3119965,14.599,173.9109955,3997.7700195,41.7108002,360.8190002,120.8089981,7.6743898,245.3540039,94.8044968,43.2414017,221.2680054,105.9140015,37.9039001
172.7879944,4118.0898438,31.0823002,391.6130066,127.7929993,13.6483002,224.5010071,4100.9199219,43.3208008,351.2640076,113.4779968,8.5326204,218.8600006,92.1379013,139.177002,203.7949982,103.9240036,44.028801
150.9980011,4185.5800781,30.3253994,388.7999878,120.8509979,13.8380003,202.177002,4198.9599609,43.5377007,348.5130005,110.0410004,8.7720098,214.0130005,95.5220032,140.5980072,199.2220001,105.7279968,42.5554008
180.095993,4103.2797852,31.9365005,403.5350037,135.4880066,14.7031002,207.7059937,4061.2900391,41.7327995,357.3850098,120.2570038,7.6512399,245.3090057,93.6151962,42.9193993,217.029007,105.5999985,37.5513
172.7200012,4225.1298828,32.3235016,399.6740112,135.5079956,15.0431004,217.0559998,4253.1401367,41.7986984,348.2489929,120.2480011,7.7547598,241.7319946,97.8566971,37.2458,210.3800049,109.7689972,31.5258999
85.7340012,4177.3999023,31.6086006,401.7780151,128.298996,14.6709995,116.5299988,4148.1201172,42.4641991,349.5,117.4380035,8.6261702,239.4730072,98.6276016,42.7013016,227.2929993,114.3219986,41.2071991
177.5850067,4107.5400391,32.2392006,403.4549866,133.6929932,14.6515999,206.4900055,4072.6599121,41.7319984,357.2860107,119.1589966,7.6163502,245.3040009,91.9300995,42.9553986,216.0399933,104.9229965,37.6054001
180.6000061,4106.5698242,30.6515007,399.6340027,128.723999,13.4863997,235.4179993,4069.7700195,42.2630005,353.9979858,115.0210037,8.6411505,220.2830048,89.953598,136.8959961,205.4250031,103.8059998,47.1179008
178.7709961,4153.1899414,32.8326988,398.0029907,132.8079987,15.4240999,214.1779938,4154.9101562,42.6514015,349.1069946,118.0479965,7.7461801,245.0130005,93.5375977,42.0057983,213.0160065,105.8769989,35.0703011
136.0540009,4196.8798828,31.7835007,391.5379944,126.4960022,13.8021002,181.5469971,4171.8500977,43.3568001,346.9129944,113.2959976,8.5829296,221.4649963,89.9866028,135.4019928,209.6130066,104.9980011,43.9650002
78.8191986,4311.6201172,31.1112995,401.5310059,123.6930008,15.6740999,108.7279968,4315.6201172,41.1068993,345.6170044,117.1340027,9.0673704,228.4530029,107.6760025,38.3544006,210.8280029,119.7630005,38.6851997
74.7872009,4010.9899902,30.0111008,406.0069885,134.1840057,14.3928003,108.4319992,3937.1599121,41.0209999,362.75,123.2529984,8.87356,231.4859924,100.5009995,41.6999016,230.3099976,113.447998,42.3210983
100.2699966,4172.5800781,30.0844002,389.0979919,124.6989975,14.5010996,138.8359985,4169.7998047,41.6977997,351.9249878,117.5059967,9.1700001,221.5,99.5800018,114.5339966,217.5549927,112.6839981,46.6255989
116.9810028,4278.4702148,32.2140999,400.6900024,129.9920044,15.5178003,151.4750061,4288.8598633,42.6375008,345.9440002,118.1719971,8.4081402,240.9219971,101.0319977,39.5471992,217.298996,115.1839981,36.3115997
89.9167023,4008.4599609,30.2651005,405.9679871,134.3419952,14.3542004,122.8550034,3940.1599121,41.0077019,363.4190063,123.3310013,8.8115797,231.0440063,99.373703,41.5741005,226.8309937,112.913002,42.2252998
175.5410004,4084.8701172,31.9929008,403.5209961,135.3480072,14.6440001,202.0509949,4037.9599609,41.7229004,359.0180054,120.1910019,7.6280298,245.1560059,92.7294998,42.9749985,216.6499939,105.0530014,37.6296005
175.2819977,4203.5800781,32.8412018,395.5050049,127.7139969,15.5692997,210.5149994,4219.2299805,42.8942986,345.2879944,115.6380005,7.8261299,240.0050049,91.9410019,39.5125008,209.0399933,105.6539993,33.4499016
201.5740051,4015.3300781,30.3332005,397.6520081,136.2839966,12.9717999,263.1010132,3920.2199707,42.4220009,360.6619873,120.0550003,8.3618402,219.9060059,86.0445023,134.6820068,208.2510071,101.7870026,46.2515984
179.173996,4146.5,32.7882996,398.053009,133.7619934,15.4324999,215.348999,4148.1098633,42.651001,349.5889893,118.5859985,7.7523699,245.0619965,94.1434021,41.9981003,213.352005,106.1299973,35.0614014
63.0463982,4009.8601074,29.4582996,409.8349915,135.9109955,14.283,100.7979965,3925.5200195,42.1231995,362.7789917,124.0130005,8.8963699,229.8699951,101.1110001,43.0535011,233.0370026,111.8820038,41.5966988
80.9990005,4266.9101562,31.5646,395.9079895,123.2799988,14.3795004,116.0960007,4250.8198242,41.7159996,348.0409851,116.7129974,9.1132498,226.6609955,99.8302994,40.5112991,217.1950073,116.1330032,40.7275009
166.1719971,4153.5498047,31.2017994,389.2579956,127.2470016,13.7623997,214.8789978,4157.6499023,43.5615997,350.7780151,112.5139999,8.6087503,214.3560028,94.4838028,138.0939941,200.7220001,104.7600021,42.5042992
166.2980042,4194.8100586,33.417099,397.2359924,118.8990021,15.2530003,206.6920013,4196.1899414,42.6623993,344.9719849,111.0080032,7.7349501,243.9309998,80.6361008,42.2210007,212.5140076,101.3010025,35.1601982
178.0440063,4172.5898438,33.0447006,397.803009,128.6959991,15.3912001,211.3890076,4177.4501953,42.6542015,346.776001,115.6350021,7.7290101,244.8379974,90.6760025,42.0326996,211.9049988,104.788002,35.0850983
78.7932968,4296.8300781,30.8911991,390.4580078,124.0289993,15.1371002,109.1449966,4315.5,41.4902992,348.6499939,117.3799973,9.4061499,221.0709991,106.4309998,128.7779999,209.6380005,118.9670029,48.2319984
177.352005,4160.6298828,33.6044998,405.5969849,125.8899994,15.1062002,200.2350006,4159.5,41.6086998,344.9750061,111.6289978,7.7767601,246.6959991,85.9645996,41.7322006,213.8329926,103.0800018,38.4129982
161.9120026,4226.0498047,32.9598999,395.3439941,127.4560013,15.6075001,197.348999,4232.7001953,42.9206009,344.8590088,115.7170029,7.8815699,238.7799988,92.5254974,39.4840012,209.8650055,106.3730011,33.4527016
158.3309937,4255.5200195,32.2741013,397.072998,130.4960022,14.8381004,196.4779968,4267.9799805,42.1138,344.973999,117.3119965,7.8830199,235.0859985,97.8098984,36.4874992,207.6029968,110.0270004,31.0170002
97.1380005,4184.8798828,31.8463001,401.6870117,128.6159973,14.6473999,125.0559998,4165.3198242,42.4766006,348.7709961,117.0159988,8.5489902,240.1450043,98.4998016,42.7028999,226.2259979,113.5839996,41.1399002
81.092598,4226.0800781,31.0681,402.947998,125.1849976,14.5153999,118.0910034,4184.9902344,42.2508011,349.3699951,116.7450027,9.0568504,231.0480042,97.5782013,40.8557014,229.2819977,116.1050034,41.493
181.595993,4159.1499023,32.4339981,405.9299927,133.6300049,15.2568998,215.2359924,4150.8198242,41.5886002,351.9400024,118.6470032,7.88304,246.2259979,93.5779037,41.4822998,213.1999969,106.2720032,38.2187996
114.6279984,4221.7001953,31.0582008,397.7319946,127.9420013,13.9439001,153.4940033,4216.8701172,42.4833984,351.3099976,115.8529968,8.77882,222.8739929,99.5886002,103.6959991,210.5130005,112.4209976,42.6750984
137.9349976,4110.4399414,30.6338997,400.4100037,128.9309998,13.5956001,186.3659973,4074.9099121,42.2212982,353.3559875,115.3300018,8.7628098,223.3699951,90.921402,134.1900024,209.2709961,105.8880005,47.4352989
103.3730011,4143.0800781,30.3383999,398.7279968,127.3590012,13.9045,144.197998,4096.5498047,42.1081009,352.8450012,118.7839966,8.64991,228.4609985,95.3594971,41.0980988,225.1439972,112.0080032,40.7753983
80.7444,4117.2998047,31.0620995,401.1340027,129.5010071,14.5880003,119.3899994,4056.7800293,42.2617989,356.2309875,120.1230011,8.79953,235.4600067,99.7951965,42.1632004,229.0339966,115.5500031,42.5628014
138.602005,4212.6098633,31.6033993,388.9259949,124.3690033,13.8913002,183.1640015,4204.6000977,43.5992012,348.526001,112.2450027,8.6721201,213.8390045,94.4077988,135.0310059,203.029007,105.9079971,42.3003998
83.6876984,4326.5200195,31.4111004,398.6600037,127.4329987,14.7978001,109.2139969,4357.8901367,42.2924995,348.9240112,117.4700012,9.0743504,225.102005,107.1669998,135.2749939,208.4210052,118.2529984,48.5437012
76.9098969,4228.1098633,31.9971008,402.7609863,122.663002,14.6350002,114.3430023,4193.0097656,42.2680016,345.6629944,115.4339981,9.1164999,230.8919983,92.1649017,40.9576988,227.5220032,115.6849976,41.5144997
117.2330017,4274.0297852,31.6282005,391.480011,126.9520035,13.7042999,153.6799927,4283.3100586,43.0886002,347.0360107,114.0660019,8.6188602,216.8880005,98.6542969,111.2610016,203.970993,110.9280014,38.8532982
158.6329956,4082.0300293,32.0407982,403.5499878,133.3269958,14.5951004,188.8470001,4042.4199219,41.7228012,358.9809875,119.4860001,7.62919,245.3829956,92.927002,43.1395988,218.7480011,105.2929993,37.7999992
142.0370026,4230.9399414,30.7581005,390.2070007,121.5270004,13.0684004,180.8110046,4264.1601562,42.7635002,347.7250061,108.9940033,8.7071104,210.1699982,102.6790009,141.7850037,190.9179993,108.2649994,40.3582993
125.3239975,4239.4599609,32.1980019,400.4339905,130.8809967,15.3612003,158.9199982,4239.2099609,42.1225014,348.625,118.8820038,8.3469496,236.9539948,97.8937988,38.6379013,213.2039948,111.9189987,35.6725998
177.6000061,4174.0297852,32.7703018,395.7890015,133.8379974,15.5608997,216.5160065,4189.1298828,42.8944016,349.4559937,118.8330002,7.8207402,240.8630066,95.1955032,39.5416985,211.5839996,106.8050003,33.4799004
91.5643005,4118.1000977,31.2863998,401.0020142,129.4649963,14.5632,131.0919952,4057.7399902,42.2728004,356.4909973,120.1029968,8.7421598,235.6450043,99.4861984,42.1245003,227.5019989,115.2200012,42.5185013
84.2722015,4266.3198242,30.4046001,402.9530029,126.1159973,14.8233004,122.9810028,4241.1201172,41.5051003,349.1640015,117.4020004,9.6076002,229.598999,99.9425964,39.1390991,219.8679962,115.8949966,40.3995018
131.0310059,4079.1799316,31.5510006,408.1669922,132.404007,15.2208996,162.8939972,4050.8100586,41.3364983,357.7550049,119.6460037,8.0264597,249.4019928,96.6938019,42.6108017,222.5709991,110.0940018,40.5438995
181.9680023,4161.4501953,32.3991013,405.9429932,134.0399933,15.2651997,216.0709991,4153.9799805,41.5889015,352.0329895,118.8850021,7.88836,246.2409973,93.9265976,41.4740982,213.3009949,106.4319992,38.2038994
80.6554031,4047.8601074,30.2646008,405.9299927,133.2160034,14.3898001,114.7009964,3985.6499023,41.0237999,361.7210083,122.7080002,8.8587704,231.1060028,99.9865036,41.5845985,228.0279999,113.7529984,42.2369995
178.9869995,4148.4599609,32.8073006,398.0289917,133.3500061,15.4271002,214.7140045,4149.4599609,42.6509018,349.4330139,118.3550034,7.74896,245.0319977,93.8588028,42.0029984,213.2070007,106.0029984,35.0667992
181.0050049,4147.0400391,32.4463997,407.321991,132.1569977,15.1489,211.9900055,4125.9702148,41.382,354.5859985,118.0500031,7.8232899,247.7169952,91.8391037,42.3027,215.2030029,106.2020035,39.8646011
84.4863968,4228.1401367,30.9694996,402.9509888,125.4290009,14.4941998,121.3990021,4185.6899414,42.2522011,349.7569885,116.8190002,9.0402603,231.0809937,97.7878036,40.8395996,230.1430054,115.8809967,41.4794006
75.2149963,4049.5500488,29.9745007,409.7640076,134.1779938,14.2810001,114.1539993,3975.9899902,42.1380005,360.6239929,122.6930008,8.8713398,229.2359924,99.1091995,42.8804016,228.2189941,112.1969986,41.453701
78.905899,4273.25,31.0589008,402.8240051,124.0619965,14.8416996,115.2799988,4253.3598633,41.5309982,347.4590149,116.6119995,9.54105,229.0169983,100.4029999,39.1385002,218.0659943,117.1969986,40.3871994
103.3310013,4279.1098633,31.0760994,396.4100037,125.6299973,14.5221004,137.0070038,4285.2202148,42.3661995,348.401001,114.2030029,9.10466,225.253006,102.185997,113.2590027,215.9629974,115.262001,44.7986984
164.9629974,4053.8400879,30.1518002,401.5419922,129.1580048,13.4533997,219.8110046,3998.8200684,42.0400009,358.4349976,118.2310028,8.5860701,223.7810059,88.5774002,133.348999,213.029007,105.0370026,48.7658997
150.0820007,4099.1401367,32.0695,407.7789917,131.1320038,15.1639004,181.0549927,4074.0400391,41.355999,356.0660095,118.2060013,7.9258199,248.7660065,93.6216965,42.5147018,219.2949982,108.0360031,40.3100014
183.7940063,4106.6401367,30.7462997,399.67099,130.1640015,13.4932003,238.4490051,4068.5800781,42.2644005,354.2099915,115.1399994,8.6489401,220.1199951,90.739502,137.3829956,204.1130066,103.8700027,47.1200981
72.870903,4072.1899414,30.7150993,401.2680054,130.7389984,14.5881996,111.3379974,3997.0200195,42.2514992,357.7829895,120.9489975,8.8190699,235.798996,100.4850006,42.3002014,231.8159943,115.2139969,42.6651001
135.0209961,4008.8798828,29.9741001,402.3710022,132.7510071,13.5705004,186.1990051,3942.1599121,41.9970016,361.42099,119.4160004,8.7293997,226.6289978,94.0924988,132.8639984,217.3939972,108.3160019,49.1645012
111.3949966,4249.7202148,31.8349991,401.3859863,129.9559937,15.4238005,145.4850006,4248.1401367,42.4487991,347.6650085,118.5100021,8.5068398,239.6430054,100.125,40.6837006,219.2850037,113.6360016,37.8107986
98.4280014,4245.7700195,31.2700996,395.4989929,123.947998,14.2656002,134.3220062,4229.3901367,41.6907005,350.7390137,117.5530014,9.0619497,226.5010071,97.6183014,40.6361008,217.4830017,112.9749985,40.7370987
180.772995,4157.7900391,32.9327011,405.7170105,129.0879974,15.1768999,211.6880035,4151.6801758,41.5959015,349.6870117,115.5920029,7.8265901,246.2189941,89.8022995,41.5719986,212.8099976,104.6819992,38.3021011
172.4490051,4233.4399414,32.1222992,397.2319946,130.8099976,14.9969997,206.177002,4260.7402344,42.1039009,342.8659973,116.9950027,7.8566098,237.048996,97.677597,36.6190987,206.1909943,108.9189987,31.0746002
122.1490021,4070.5,31.1842003,408.3240051,133.6809998,14.8532,153.427002,4028.4099121,41.3639984,357.0100098,119.8239975,8.1301603,246.8300018,95.2136002,44.0761986,224.2250061,108.3410034,41.5199013
168.8690033,4248.8398438,32.1837006,399.8169861,136.7220001,15.1668997,212.621994,4280.5297852,41.8083,346.3349915,120.8509979,7.7898998,241.7769928,100.0009995,37.1436996,210.0890045,110.8730011,31.4501991
175.822998,4198.5600586,32.4188004,397.269989,133.6519928,14.8100996,216.128006,4230.7299805,42.1086006,348.2109985,118.7129974,7.80758,237.897995,96.2409973,36.7881012,209.746994,108.5800018,31.1980991
175.1909943,4097.5600586,30.8300991,391.5920105,126.2210007,13.6115999,230.0720062,4061.0100098,43.3156013,352.1080017,114.3889999,8.4909801,219.0240021,88.8066025,136.6159973,208.4049988,103.3450012,43.9392014
168.9459991,4195.3598633,33.3927002,397.4580078,122.7600021,15.3250999,202.3220062,4197.5,42.6651001,343.9129944,112.2819977,7.73318,244.4210052,84.995697,42.1701012,212.0420074,102.9680023,35.1444016
188.822998,4074.8300781,30.7064991,399.7630005,131.3699951,13.4792995,245.5690002,4018.6699219,42.2631989,355.3880005,116.2409973,8.6289902,220.1459961,89.2416,136.2079926,204.7420044,103.3320007,47.0878983
85.9877014,4323.9702148,31.4099998,398.6270142,127.4769974,14.7974005,111.5899963,4358.7001953,42.2951012,348.9920044,117.1200027,9.0718403,225.0319977,107.0690002,136.9700012,207.9309998,117.9179993,48.6388016
144.4920044,4203.1801758,31.1749001,388.894989,122.7460022,13.8535995,190.4669952,4206.3100586,43.5755005,348.3970032,111.1029968,8.6883497,213.973999,94.950798,137.6589966,201.8970032,105.7990036,42.4248009
162.4909973,4163.4501953,31.0853996,389.1640015,125.6949997,13.7715998,210.7980042,4170.5097656,43.5586014,350.1579895,111.8420029,8.62883,214.3079987,94.7830963,138.6970062,200.7649994,104.9860001,42.5180016
154.9589996,4197.4399414,30.9477005,390.5759888,125.2679977,13.0098,198.6470032,4229.4199219,42.7700996,348.9970093,110.5199966,8.6284599,211.2870026,98.2371979,137.9309998,196.6519928,107.0800018,40.3065987
183.7200012,4170.4702148,32.1543007,407.4070129,134.352005,15.2156,216.3939972,4152.1801758,41.3829002,354.8850098,119.5130005,7.8635602,247.6640015,94.1798019,42.2378006,215.8829956,107.2689972,39.7630997
178.5630035,4125.6499023,33.3908997,407.1090088,128.0630035,15.0417004,215.8500061,4101.4599609,41.4085999,354.151001,115.0859985,7.7340999,248.6329956,91.1551971,42.4822998,217.673996,106.0410004,40.051899
76.3429031,4345.0898438,31.1711998,411.0390015,130.0350037,16.2943993,100.3970032,4369.8598633,42.0868988,348.7130127,121.4970016,8.9875298,235.6080017,109.6340027,39.3843994,213.2330017,121.4749985,38.9281006
153.0870056,4109.6499023,30.5305996,400.0069885,126.9150009,13.5379,204.5590057,4075.0800781,42.2383995,353.2739868,114.9540024,8.6983299,222.1799927,89.4940033,134.7380066,209.5749969,104.9290009,47.2860985
179.0910034,4112.5,31.0403004,399.269989,117.3980026,13.4232998,231.2400055,4074.4199219,42.2848015,351.9750061,109.8619995,8.4542704,220.9629974,87.8485031,132.4360046,231.0169983,106.026001,46.9733009
54.8838005,4010.6899414,29.1341991,409.8280029,136.4940033,14.2918997,91.3200989,3928.5100098,42.1125984,363.6560059,124.6569977,8.92066,230.2189941,102.6210022,43.1418991,236.3699951,111.9349976,41.6773987
76.3576965,4221.3701172,32.1053009,398.9500122,123.3679962,14.4618998,113.1660004,4189.9301758,42.0993004,345.6610107,115.572998,8.89326,232.7599945,93.0159988,43.2116013,224.7850037,114.1549988,41.6958008
69.5354004,4110.4799805,30.7959995,401.3059998,129.6499939,14.6154003,107.5690002,4048.1999512,42.2485008,356.2890015,120.1669998,8.8603096,235.4790039,99.9977036,42.2476997,231.3650055,115.8649979,42.641201
172.1660004,4236.8999023,31.8973999,397.2229919,129.977005,15.0836,201.5339966,4263.4501953,42.0905991,340.6159973,115.9199982,7.86656,236.8329926,98.8566971,36.5545998,204.2960052,108.9290009,31.0407009
178.8619995,4114.3500977,32.2015991,403.4670105,133.7890015,14.6745996,207.7680054,4081.75,41.7346992,356.7019958,119.1699982,7.62638,245.3529968,92.183403,42.9341011,216.0740051,105.0920029,37.5797997
178.5690002,4158.8300781,32.8582993,397.9779968,132.2389984,15.4236002,213.7769928,4161.9702148,42.6523018,348.6900024,117.7249985,7.7445798,245.0019989,93.2310028,42.0061989,212.8139954,105.7689972,35.0713005
86.4220963,4262.5600586,30.2854996,402.9630127,126.2210007,14.8198004,126.3349991,4233.8798828,41.5005989,349.3080139,117.314003,9.6259604,229.6719971,99.509201,39.1301994,220.0440063,115.5130005,40.3956985
184.2169952,4174.3901367,32.1265984,407.4110107,134.6029968,15.2222004,217.2200012,4156.7099609,41.3833008,354.9159851,119.677002,7.8674998,247.6529999,94.4643021,42.2308998,216.0090027,107.3929977,39.7472992
119.8799973,4112.5698242,31.6606007,403.4970093,131.5019989,15.1997004,152.8569946,4075.1101074,42.0912018,354.1159973,118.9680023,8.3102102,241.3329926,95.7871017,43.0493011,221.9199982,108.8740005,40.2867012
145.7929993,4200.0,30.9894009,388.8630066,122.0039978,13.8487997,192.6369934,4205.8500977,43.5670013,348.3059998,110.7269974,8.7051897,213.9869995,94.9672012,138.4830017,201.4989929,105.7699966,42.4626007
80.7316971,4269.0,30.677,402.9190063,125.538002,14.8318996,117.7969971,4247.1801758,41.5153999,348.6279907,117.3040009,9.5736599,229.4299927,100.3759995,39.1582985,219.427002,116.5719986,40.4076004
137.4689941,4085.2600098,31.7077007,408.0419922,132.0850067,15.2035999,168.9309998,4057.4799805,41.3424988,357.2609863,119.237999,7.9938402,249.1759949,95.7202988,42.5751991,221.4309998,109.4199982,40.463501
143.897995,4108.5800781,30.6035995,400.276001,128.4880066,13.5748997,193.4620056,4072.6899414,42.2276993,353.4530029,115.2949982,8.73948,222.927002,90.4583969,134.4389954,209.0269928,105.4980011,47.3827019
70.0020981,4007.2800293,29.6361008,409.8439941,135.8339996,14.2708998,108.7330017,3921.3300781,42.1306992,362.4200134,123.7770004,8.8748102,229.5610046,99.9247971,43.0023003,230.6629944,111.5599976,41.5385017
147.9889984,4176.0400391,31.2882004,391.4700012,124.9069977,13.7334995,196.25,4158.5,43.3363991,348.3280029,112.7649994,8.5730495,220.4210052,90.6669998,137.1840057,208.0310059,104.685997,43.9952011
180.6349945,4159.6801758,32.7701988,405.7829895,130.2230072,15.2042999,212.4629974,4153.6401367,41.5932999,350.2770081,116.4759979,7.8448801,246.2019958,90.8759003,41.5382004,212.7120056,105.1490021,38.2803001
149.1649933,4280.8398438,32.1273003,399.6090088,134.128006,15.0319004,187.8079987,4313.4301758,41.7890015,347.1659851,120.336998,7.8175998,239.9259949,100.8300018,36.9511986,209.3119965,112.0029984,31.3668003
88.354599,4230.5898438,30.9111996,402.9450073,125.4860001,14.4758997,125.3889999,4186.5800781,42.2546997,349.9360046,116.737999,9.02491,231.1089935,97.6195984,40.8263016,230.9700012,115.6070023,41.4654999
141.4900055,4251.9501953,31.6107998,392.9320068,126.4550018,13.2293997,177.2149963,4295.7299805,42.4687996,346.6140137,108.0660019,8.5770102,215.4980011,105.4639969,142.7050018,190.871994,109.3860016,40.7549019
91.4714966,4231.0,30.8784008,402.9400024,125.4489975,14.4631996,128.7749939,4185.0698242,42.257,350.0100098,116.6039963,9.0141602,231.1439972,97.3059998,40.8219986,231.6660004,115.3649979,41.4581985
139.7940063,4076.6699219,30.6063995,400.5700073,130.4149933,13.5951004,189.4440002,4021.1699219,42.2167015,354.526001,116.4499969,8.7588301,223.6000061,89.8442001,132.9589996,210.0220032,105.586998,47.4320984
164.3240051,4158.2797852,31.1406994,389.2099915,126.447998,13.7663002,212.8560028,4163.5600586,43.5601006,350.4769897,112.1869965,8.6178598,214.3320007,94.596199,138.3630066,200.8009949,104.8649979,42.5094986
153.2250061,4210.8198242,33.1212997,397.7229919,128.923996,15.4567003,187.7359924,4203.1801758,42.6836014,345.2470093,115.9990005,7.8243098,244.7319946,90.6462021,42.2561989,215.0670013,105.9609985,35.2145996
123.4580002,4242.1201172,31.5695,391.5150146,127.0889969,13.6904001,163.5870056,4230.7900391,43.0881004,347.6059875,114.3509979,8.60604,216.8829956,96.6143036,110.8600006,204.7920074,110.1920013,38.8624001
101.4100037,4043.3200684,30.2451992,409.8599854,135.4900055,14.2128,142.9019928,3971.2199707,42.1585007,361.2269897,123.0979996,8.7789497,228.1349945,96.2807007,42.7841988,221.5079956,110.435997,41.2751007
78.3852997,4224.5097656,31.2339993,402.9320068,124.7009964,14.5415001,115.677002,4184.7001953,42.2513008,348.6629944,116.4649963,9.07479,231.0140076,96.7528,40.8783989,228.4329987,116.223999,41.5063019
109.3030014,4096.7402344,30.1026993,401.9419861,131.0,13.9118004,155.0379944,4035.2399902,42.0298004,356.5320129,119.9680023,8.8807201,225.6329956,95.297699,40.4327011,222.1049957,110.1029968,39.3586998
121.2570038,4271.8398438,32.3890991,398.2529907,130.0670013,15.5602999,156.1950073,4284.7998047,42.7080994,345.9100037,118.7600021,8.4156103,237.3150024,99.1201019,38.6013985,213.1450043,113.2490005,35.6811981
108.5429993,4041.1999512,30.2933006,409.901001,135.9219971,14.1938,150.7579956,3969.8300781,42.1632996,361.5469971,123.2570038,8.7541704,227.8789978,95.5653992,42.7728996,219.9620056,109.9430008,41.2354012
152.2339935,4049.2600098,30.1247005,401.8519897,130.4920044,13.5124998,204.826004,3997.1101074,42.0242004,359.1459961,118.1119995,8.6636496,224.8569946,91.1719971,134.003006,213.7830048,106.4639969,48.9454994
96.9719009,4276.5800781,30.9209003,401.6919861,127.4039993,15.8697996,122.3010025,4297.75,41.0569992,345.6849976,118.276001,9.0180597,230.2489929,103.2279968,38.5517998,214.0249939,116.6429977,38.7188988
123.6589966,4286.0200195,30.9888,393.0769958,127.2490005,13.1969004,157.8059998,4325.2597656,42.4281998,349.4419861,113.6910019,8.5503702,215.3170013,102.9960022,133.4589996,198.4839935,111.0759964,40.2159996
157.723999,4206.3198242,33.1403008,397.7059937,128.2330017,15.4385996,191.6029968,4201.1601562,42.6783981,345.1889954,115.5500031,7.8032799,244.720993,90.205101,42.2195015,214.2969971,105.5680008,35.1938019
176.2079926,4195.0400391,32.830101,395.6520081,130.9689941,15.5724001,212.9949951,4211.1899414,42.8969002,347.07901,117.2259979,7.8192601,240.4230042,93.6722031,39.5293007,210.5240021,106.3069992,33.4627991
185.6799927,4160.9501953,34.2195015,405.5130005,126.9100037,15.0616999,197.0829926,4165.2402344,41.6236,339.7470093,109.1989975,7.6756802,247.2460022,84.6959991,41.8047981,213.5690002,101.5070038,38.3440018
66.8991013,4086.6799316,29.9757996,399.5969849,129.9069977,14.2390003,105.586998,4031.5100098,41.6769981,356.2179871,121.1050034,8.8629103,229.2100067,99.4082031,41.9175987,228.2830048,114.5039978,41.825901
128.9859924,4301.4902344,32.4444008,394.927002,131.0099945,14.9433002,165.2339935,4325.5600586,42.8704987,345.6610107,119.064003,7.9279099,233.5679932,101.8830032,34.9790993,206.8370056,114.3330002,29.7217007
153.0859985,4014.4799805,30.0888996,402.1069946,133.0559998,13.5176001,207.1450043,3943.2399902,42.0163002,361.0409851,119.5599976,8.66644,225.3509979,91.0382004,132.9120026,214.5829926,106.5049973,48.9832993
161.4649963,4152.6499023,30.6280994,391.4039917,121.5059967,13.6644001,215.2449951,4137.3901367,43.3074989,348.3359985,110.9580002,8.6120901,219.4570007,87.5963974,138.0090027,211.2839966,104.2259979,43.9897003
93.4600983,4325.1499023,31.0361996,411.6629944,132.7579956,16.5317993,123.5250015,4351.2299805,42.0951996,348.3320007,121.6100006,8.9724798,238.3849945,106.1070023,39.6607018,218.2949982,119.9840012,38.9687996
145.9680023,4045.3701172,30.0942993,401.9849854,130.9080048,13.5344,197.5169983,3993.9599609,42.0164986,359.5190125,118.2099991,8.6900902,225.3630066,92.344101,134.0220032,214.5149994,107.1159973,49.020401
169.5610046,4242.6699219,31.8967991,397.2109985,130.0189972,15.0733995,199.345993,4266.6699219,42.0928001,340.70401,116.0110016,7.8748202,236.5050049,99.1427994,36.5214996,204.4290009,109.2180023,31.0230999
144.6970062,4217.7900391,33.1333008,397.7139893,129.4799957,15.4785004,179.9389954,4204.4501953,42.6934013,345.0660095,116.3799973,7.8603902,244.6999969,90.8030014,42.3380013,216.4429932,106.4449997,35.2584991
108.2040024,4306.7998047,31.3810005,407.4419861,131.2189941,16.3724003,140.3679962,4336.2597656,42.0858994,346.4660034,120.6500015,8.9026804,237.1150055,104.7089996,36.6430016,214.4869995,120.2570038,35.6758003
70.8282013,4174.0297852,31.4971008,401.9259949,126.947998,14.7277002,106.3899994,4132.8100586,42.4482002,349.0490112,116.9830017,8.7573605,238.6089935,95.9241028,42.7375984,228.8600006,115.2770004,41.3289986
184.6430054,4070.0700684,30.2842007,401.2120056,129.2779999,13.4069004,242.503006,4010.8400879,42.0601997,357.6359863,118.060997,8.5303497,222.2480011,86.7931976,133.9530029,210.026001,103.5889969,48.5724983
91.4490967,4179.1899414,31.7168007,401.7340088,128.5370026,14.6578999,120.8239975,4154.1201172,42.4704018,349.2160034,117.2740021,8.5854998,239.8390045,98.6458969,42.7061996,226.8240051,113.9219971,41.1750984
114.973999,4197.5297852,31.8304996,400.696991,129.9730072,15.1973,150.6820068,4180.2998047,42.4108009,349.4949951,119.125,8.4152203,238.9120026,98.6348038,40.8955002,219.3800049,112.5879974,38.2556992
88.5362015,4253.0898438,30.2901993,389.8649902,124.9079971,15.1984997,119.2440033,4307.0498047,41.4642982,351.3760071,117.5049973,9.4728699,220.1690063,104.9339981,138.0650024,208.5119934,116.6699982,48.8077011
99.8492966,4310.2001953,31.2056999,397.3510132,126.3190002,14.7591,131.8820038,4336.6499023,42.1615982,346.4140015,114.2369995,9.3961897,225.8329926,103.3420029,125.9850006,207.6940002,116.4749985,45.0153999
205.1340027,3988.7600098,30.6769009,398.6229858,148.7510071,12.9082003,267.8460083,3891.3200684,42.4291992,368.8240051,126.3889999,8.3209,219.9400024,79.1212006,130.7059937,205.7980042,97.5719986,46.1711998
123.3560028,4131.1801758,30.4937,398.0029907,128.798996,13.8645,168.3240051,4090.5400391,42.335701,353.5660095,116.6190033,8.8952799,222.0639954,95.9488983,104.5579987,214.2960052,109.0569992,44.9174995
176.9949951,4185.4399414,32.3823013,397.3009949,134.3450012,14.7893,217.8430023,4220.4799805,42.1057014,349.1839905,119.0940018,7.80477,238.2149963,96.6392975,36.8033981,209.9089966,108.6640015,31.2245007
157.8439941,4174.3198242,30.8649006,389.019989,123.4860001,13.7919998,206.220993,4185.0097656,43.5526009,349.3370056,110.9369965,8.6711502,214.2140045,95.0561981,139.673996,200.5279999,105.2689972,42.5453987
177.473999,4179.3701172,32.3745995,397.3070068,134.4519958,14.7824001,218.2059937,4214.25,42.104599,349.4590149,119.151001,7.8029699,238.3119965,96.6635971,36.8112984,209.9279938,108.637001,31.2345009
101.0479965,4274.8598633,30.8796005,401.6789856,127.5490036,15.8940001,125.6169968,4299.6699219,41.0493011,345.3599854,118.2080002,9.0091105,230.322998,103.1309967,38.5253983,213.5639954,116.3440018,38.6887016
133.7949982,4220.3901367,31.8066006,388.8999939,124.7009964,13.9246998,177.6179962,4206.4399414,43.6123009,348.3309937,112.6689987,8.6792002,213.720993,94.1445007,133.7369995,203.6029968,106.0749969,42.2350998
114.0139999,4179.5498047,30.9838009,397.8580017,128.5370026,13.9461002,155.4160004,4151.8100586,42.4793015,352.321991,116.6309967,8.7765303,223.2890015,98.6023026,102.3730011,212.6049957,112.3560028,42.6771011
118.3659973,4299.9902344,32.406601,398.8359985,130.477005,15.8358002,152.5910034,4321.8701172,42.7775993,344.427002,118.4069977,8.4925098,238.3289948,100.4830017,38.2405014,213.1690063,113.9410019,34.9754982
178.3890076,4164.1000977,32.9006004,397.9370117,131.352005,15.4184999,213.125,4168.1801758,42.6529999,348.1530151,117.2129974,7.7410402,244.9689941,92.6716995,42.0099983,212.5370026,105.5569992,35.0742989
175.1589966,4214.5097656,32.6786003,395.223999,122.0940018,15.5529003,208.9830017,4229.6601562,42.8824997,343.3110046,113.9449997,7.8759599,238.9279938,90.6884995,39.3782997,204.1719971,105.1490021,33.4023018
137.1069946,4295.6401367,32.0372009,399.5299988,133.5249939,14.9545002,173.125,4328.5400391,41.7764015,348.2090149,120.5950012,7.8369699,238.9290009,102.1210022,36.8242989,209.0299988,113.0199966,31.3199997
186.1430054,4069.1699219,30.5811996,399.7550049,130.2319946,13.4574003,243.3150024,4012.1799316,42.2616005,355.7319946,116.7959976,8.5973597,220.3560028,87.7724991,134.8990021,206.5709991,102.9909973,47.0639992
201.4660034,4009.5700684,30.3243999,397.7139893,137.0870056,12.9604998,263.0830078,3913.8400879,42.4217987,361.4100037,120.7710037,8.3457603,219.9779968,85.167099,133.9889984,208.0890045,101.3970032,46.2369003
173.3119965,4223.1899414,32.362999,397.25,132.3480072,14.8908997,212.0970001,4253.0097656,42.1127014,345.7130127,118.0589981,7.8306599,237.4470062,96.4654999,36.7173996,208.6649933,108.7659988,31.1334991
79.4504013,4267.5400391,30.8442993,402.8930054,124.9649963,14.8382998,116.2460022,4245.4399414,41.5219002,348.177002,117.0390015,9.5590496,229.3300018,100.2030029,39.1735992,219.2089996,116.8199997,40.4138985
146.0630035,4199.7099609,30.7243996,388.7909851,121.0680008,13.8546,193.8249969,4210.9501953,43.5560989,348.1489868,110.2109985,8.7412996,213.9369965,95.6656036,139.871994,199.9689941,105.862999,42.5185013
97.4842987,4131.2597656,30.4430008,397.0499878,126.3359985,14.1993999,138.9120026,4095.6398926,42.0129013,353.79599,119.1620026,8.70786,226.6300049,98.2218018,40.9594002,231.5789948,114.9150009,41.5415001
78.5569992,4341.1000977,31.4015007,398.7130127,127.7549973,14.7909002,102.7229996,4368.3300781,42.2863998,348.8599854,118.6070023,9.0703497,225.1159973,108.4349976,131.5839996,208.5330048,119.3010025,48.2972984
152.4640045,4278.9399414,32.1236,399.6669922,134.7980042,15.0733004,192.2709961,4312.5097656,41.7942009,346.7569885,120.5289993,7.8170199,240.2940063,100.9430008,36.9752007,209.4290009,111.9290009,31.3726997
102.5449982,4242.5800781,31.2828007,395.3989868,123.5770035,14.2474003,139.1649933,4224.9599609,41.6888008,350.8250122,117.3779984,9.0540504,226.3710022,96.9076996,40.6394997,217.0850067,112.4120026,40.725399
175.2380066,4205.0,32.4244003,397.2609863,133.3359985,14.8241997,215.3470001,4236.6098633,42.1100006,347.6789856,118.5469971,7.8110199,237.7810059,96.1651001,36.7766991,209.6049957,108.586998,31.1844006
81.5127029,4213.8198242,31.6030006,398.9169922,125.7099991,14.3452997,115.1090012,4189.6098633,42.0830994,348.2789917,116.7929993,8.79282,233.201004,97.1567001,43.2729988,224.0169983,113.1389999,41.6730003
180.7180023,4158.8500977,32.6465988,405.8380127,131.3650055,15.2222996,213.1009979,4151.7597656,41.5910988,350.9129944,117.2490005,7.8577099,246.1999969,91.8069992,41.517601,212.7980042,105.5279999,38.2644005
96.7935028,4122.3500977,31.4013996,400.9419861,129.3639984,14.5531998,136.7590027,4063.6599121,42.2779999,356.5249939,120.0270004,8.7170496,235.727005,99.2804031,42.1054993,226.7910004,115.1019974,42.4967995
92.3904037,4134.2202148,30.4545994,397.1530151,126.5780029,14.2208996,133.0800018,4096.7597656,42.0107002,353.723999,119.2040024,8.7359695,226.8809967,98.5248032,40.9855003,231.4290009,115.1419983,41.5657997
177.2920074,4178.7700195,33.1530991,397.6950073,126.5839996,15.3689003,210.1640015,4184.4599609,42.6554985,345.7139893,114.413002,7.7235198,244.7149963,88.9069977,42.0523987,211.496994,104.1360016,35.0910988
166.5870056,4199.0898438,33.2671013,397.5859985,125.2220001,15.3795996,199.276001,4199.8100586,42.668499,344.348999,113.6959991,7.7567,244.5939941,87.7294998,42.1609001,212.5169983,104.1809998,35.1520004
155.4120026,4164.8198242,30.7831993,391.3770142,121.572998,13.6885996,207.6000061,4148.8901367,43.3158989,348.07901,111.2649994,8.6018295,219.8379974,88.308197,137.5500031,211.3289948,104.4940033,43.9846992
66.328598,4169.0600586,31.4985008,402.0209961,126.7939987,14.7393999,103.5810013,4122.9599609,42.4416008,348.3059998,116.3290024,8.7921896,238.6170044,93.9309006,42.7977982,229.5169983,115.4240036,41.3897018
149.026001,4209.8701172,30.6522999,390.2070007,121.6490021,13.0775003,189.423996,4248.2998047,42.7627983,348.3399963,109.1839981,8.70434,210.6009979,101.6139984,142.7460022,190.923996,107.4710007,40.4701004
99.9617996,4232.9501953,30.8416004,402.9190063,125.0780029,14.4342003,138.2769928,4181.8398438,42.2636986,349.9339905,116.0630035,8.9888,231.2100067,96.1666031,40.8084984,233.2570038,114.7450027,41.4370003
129.4440002,4202.3598633,32.1567001,399.8039856,129.0130005,15.3416996,163.8339996,4180.6201172,42.1114998,348.0759888,117.2040024,8.4124498,236.7140045,96.2008972,39.6581993,214.0980072,110.4899979,36.6915016
165.621994,4162.9199219,31.0177002,390.7860107,128.3370056,12.9695997,211.9089966,4191.1298828,42.7723999,350.7789917,112.4690018,8.5777397,211.6620026,96.0642014,135.5460052,198.2290039,106.3860016,40.2793999
77.8358002,4304.7597656,30.8498001,390.5159912,123.1110001,15.1066999,108.3529968,4317.3100586,41.4916,347.8619995,116.9290009,9.4005699,220.9120026,108.0149994,127.1780014,208.8249969,119.7429962,48.1021004
196.5269928,4067.8601074,30.468399,401.3729858,133.2969971,13.4462004,256.5289917,3992.5400391,42.0611992,358.519989,118.0100021,8.5909901,221.897995,88.2518997,135.7030029,207.4290009,103.8639984,48.5965996
127.9339981,4261.8500977,30.9764004,390.5190125,124.3840027,12.9561996,168.8419952,4254.5498047,42.7619019,348.1740112,111.7710037,8.6491699,208.8329926,100.4520035,131.1719971,197.8769989,110.1780014,39.7103004
179.4550018,4142.1000977,32.7737999,398.0700073,134.1009979,15.4338999,215.8470001,4143.1699219,42.6505013,349.802002,118.7720032,7.7542,245.0740051,94.3283997,41.9961014,213.4940033,106.2050018,35.0578995
109.2269974,4225.8100586,30.7141991,393.9440002,126.7080002,14.0859003,146.2250061,4224.3598633,42.2338982,350.3120117,115.8850021,8.8203897,223.9459991,100.4229965,103.9039993,211.9649963,112.9290009,43.8073997
156.802002,4163.9799805,30.6830006,391.4200134,120.7750015,13.6768999,210.1990051,4145.6899414,43.3097992,347.2709961,110.598999,8.6279497,219.9219971,85.6009979,136.9940033,213.9420013,104.1559982,43.9659004
92.5212021,4210.2700195,31.7119999,398.7390137,126.0790024,14.2778997,123.836998,4193.6098633,42.085701,348.1690063,116.4980011,8.7038002,233.6390076,96.1442032,43.3956985,223.6269989,111.1240005,41.6432991
140.8939972,4209.3798828,31.4738007,388.927002,123.9570007,13.8751001,185.8339996,4205.4301758,43.5914001,348.526001,111.8880005,8.6728601,213.897995,94.6343002,135.897995,202.6549988,105.8590012,42.3422012
107.4629974,3992.1101074,29.8150997,405.3190002,134.848999,13.8063002,153.8009949,3921.3601074,41.8418999,360.9530029,123.435997,8.8379097,224.6320038,94.5758972,44.1623001,221.0339966,107.7399979,43.2368011
197.621994,4056.2299805,30.3866997,397.4679871,133.7980042,12.9975996,257.0329895,3980.3400879,42.4241982,358.4809875,118.098999,8.3962698,219.6900024,88.4107971,136.6040039,207.7449951,102.737999,46.2887001
164.1179962,4082.5500488,32.2820015,403.4379883,132.871994,14.5502996,198.246994,4041.2199707,41.7215996,360.480011,120.387001,7.5904198,245.0180054,92.1106033,43.0709,216.6159973,105.0370026,37.7588005
80.3695984,4287.6699219,30.7931995,390.3529968,124.7129974,15.1597996,110.3759995,4315.2202148,41.4845009,349.4760132,117.6940002,9.4197302,221.0590057,105.5149994,130.8970032,210.0870056,118.2870026,48.3824005
59.5181007,4052.4899902,29.8355999,406.0570068,133.0050049,14.4457998,94.7873001,3984.3200684,41.0374985,361.3540039,122.6070023,8.9500399,231.9949951,102.0329971,41.8212013,234.3159943,114.7559967,42.4155998
88.6628036,4062.8300781,29.9116993,399.1799927,130.0859985,14.1370001,130.0070038,4016.4599609,41.6803017,356.375,122.1149979,8.7385798,227.8849945,98.2649994,41.7476006,221.3379974,112.9189987,41.6456985
177.1069946,4181.0898438,32.7941017,395.7449951,133.0529938,15.5628004,215.3130035,4196.0898438,42.8955002,348.7919922,118.3789978,7.8184199,240.7030029,94.7357025,39.540699,211.3370056,106.6549988,33.4762993
160.3249969,4131.3901367,31.0184994,391.5299988,124.9570007,13.6639996,212.9649963,4093.2399902,43.3270988,350.375,114.1169968,8.5093899,220.0130005,87.8897018,135.1880035,211.0850067,103.7900009,43.9129982
85.2207031,4260.2202148,31.3584995,395.8190002,124.3649979,14.3379002,119.5599976,4246.2900391,41.7027016,349.5629883,117.5709991,9.0933704,226.7940063,99.6540985,40.5802994,217.9920044,115.1409988,40.7509995
163.9570007,4054.3000488,31.3549995,403.7680054,140.3639984,14.5309,186.1109924,4001.25,41.6679993,366.8200073,123.064003,7.6140499,244.5410004,93.4417038,43.0280991,216.0339966,104.2949982,37.7556992
49.651001,4010.0700684,28.6431999,409.7990112,137.9909973,14.2972002,84.4328003,3930.7600098,42.1012001,364.9100037,125.939003,8.9495401,230.2359924,102.6569977,43.2554016,238.923996,110.5920029,41.7577019
79.6661987,4013.0800781,30.1149006,405.9869995,134.1150055,14.3816004,113.1409988,3941.5600586,41.017601,362.8080139,123.2050018,8.8543797,231.3190002,100.1060028,41.6502991,229.0339966,113.3280029,42.2843018
141.9329987,4241.4501953,33.1212006,395.1570129,128.7960052,15.6408005,179.6190033,4231.6499023,42.9589996,346.303009,116.9300003,7.9701099,237.0910034,94.1622009,39.4576988,211.9060059,107.697998,33.4779015
77.3590012,4228.7099609,31.5154991,402.8680115,123.8339996,14.5726004,114.8759995,4191.6499023,42.2565002,347.4490051,115.9629974,9.0907001,230.8739929,95.3448029,40.8820992,227.3070068,116.211998,41.4977989
127.7770004,4034.5100098,29.9769001,402.3269958,131.5070038,13.5876999,176.3439941,3985.6398926,41.9953003,360.5039978,118.5749969,8.7519102,226.7709961,95.3258972,133.654007,217.3209991,108.8929977,49.2126999
131.5500031,4207.2700195,31.8302002,390.7659912,126.0029984,13.7122002,177.8939972,4169.8701172,43.5528984,347.1140137,112.8460007,8.5721903,217.2059937,92.2221985,124.7360001,206.1390076,106.6399994,41.6301003
80.2867966,4175.8100586,31.5244007,401.8240051,127.9570007,14.6865997,112.5950012,4142.3398438,42.4581985,349.6480103,117.4899979,8.6686096,239.1340027,98.3075027,42.7027016,227.8070068,114.7020035,41.2431984
95.9112015,4046.1699219,30.2080994,409.82901,135.1309967,14.2277002,136.8150024,3974.0300293,42.1548004,360.9700012,122.9629974,8.7983904,228.3370056,96.8379974,42.7935982,222.7310028,110.8300018,41.3060989
171.1820068,3993.0300293,29.9988995,397.9649963,137.2030029,12.9659996,228.3679962,3903.2199707,42.4037018,362.8169861,121.7020035,8.3606396,221.6210022,87.9358978,132.529007,213.6049957,102.6190033,46.3694992
98.7128983,4046.7099609,29.8504009,399.0209961,130.1710052,14.0925999,141.7599945,4003.7199707,41.6796989,356.6409912,122.5429993,8.6848602,227.427002,97.4395981,41.7118988,218.7929993,112.1520004,41.5928001
102.3830032,4248.8901367,30.9848003,396.480011,125.487999,14.5270996,137.871994,4239.1401367,42.3619995,348.9200134,114.4339981,9.1105499,225.5789948,101.3099976,112.4919968,218.0639954,115.1060028,44.8265991
171.753006,4232.3701172,32.3053017,399.6950073,135.6679993,15.0643997,216.2579956,4262.1899414,41.8008003,347.8420105,120.3379974,7.76191,241.720993,98.2218018,37.2244987,210.3240051,109.9810028,31.5093002
141.779007,4168.2202148,31.7082996,391.6000061,127.3809967,13.7823,189.8040009,4126.1801758,43.3546982,347.9590149,114.1200027,8.5628796,221.3619995,88.7192993,134.5500031,210.0469971,104.5210037,43.9304008
173.5670013,4216.2700195,32.7215996,395.1109924,120.5469971,15.5243998,207.8159943,4229.0297852,42.8835983,343.2709961,113.512001,7.8878298,238.5090027,89.7757034,39.3665009,203.4640045,104.8960037,33.4034004
92.3023987,4008.3300781,30.0244007,409.8989868,136.1029968,14.2250996,133.8540039,3922.7900391,42.1501007,362.0509949,123.5049973,8.8045101,228.6360016,97.0261993,42.8852005,224.4409943,110.4499969,41.3746986
118.4039993,4294.0,30.9412003,393.1340027,127.8590012,13.1926003,151.2640076,4330.1401367,42.4196014,349.9159851,114.9329987,8.5437202,215.2920074,103.4540024,131.6009979,199.3280029,111.8450012,40.0848999
174.7100067,4109.9501953,30.573,399.4349976,122.1729965,13.4504995,229.4570007,4073.1298828,42.2644997,352.4249878,113.2190018,8.5768099,220.7819977,87.097702,134.0809937,217.2380066,104.3389969,47.0475006
157.6589966,4151.2299805,32.6264,406.0910034,128.9620056,15.2129002,189.4880066,4138.9799805,41.5769997,349.7780151,115.8639984,7.9355898,246.5310059,90.3163986,41.6661987,214.3119965,105.8740005,38.5783997
184.8329926,4178.2700195,32.0942993,407.4129944,134.8959961,15.2284002,218.1569977,4160.7700195,41.3837013,354.9979858,119.8690033,7.8715901,247.6309967,94.7857971,42.2243004,216.1779938,107.5270004,39.7286987
178.7350006,3989.3300781,30.0739994,397.9880066,138.3450012,12.9542999,237.1600037,3896.0100098,42.4077988,363.3770142,122.2740021,8.3434696,221.3049927,86.4759979,132.2169952,212.0850067,101.9260025,46.3260002
75.2713013,4111.8701172,30.9267006,401.2139893,129.628006,14.6000004,113.6230011,4049.6899414,42.2556,356.3120117,120.1880035,8.8275404,235.4649963,99.9250031,42.2047005,230.1660004,115.663002,42.600399
122.3089981,4266.5800781,31.1648998,392.1929932,126.9670029,13.1742001,160.076004,4272.7700195,42.7114983,349.9729919,114.3700027,8.5316496,211.8580017,101.0210037,121.2910004,198.5879974,111.5210037,38.1753998
179.1009979,4099.1000977,31.9580002,403.5299988,135.3580017,14.6906996,206.3999939,4056.0900879,41.730999,357.644989,120.1719971,7.64609,245.2799988,93.3514023,42.9322014,216.9170074,105.4639969,37.5695992
86.1688995,4117.8198242,31.1749992,401.0650024,129.4920044,14.5752001,125.2190018,4057.3999023,42.2675018,356.3580017,120.125,8.7702799,235.5399933,99.6717987,42.1405983,228.2109985,115.3840027,42.5382996
72.9308014,4348.2998047,31.3024998,398.776001,128.9109955,14.7742996,95.125,4369.0297852,42.2761002,349.3039856,120.6119995,9.0534601,225.1519928,110.9140015,127.7689972,208.1380005,120.7870026,48.0173988
119.8209991,4048.1599121,29.9255009,401.4930115,131.3540039,13.7873001,167.9810028,3974.5900879,42.0187988,357.0870056,119.5940018,8.9495802,224.628006,93.5037003,41.5262985,222.4570007,108.3130035,40.5686989
66.0731964,4159.0600586,30.9643002,397.8450012,126.4049988,14.3889999,104.7220001,4112.5297852,42.0014,350.4519958,117.1320038,8.92906,228.970993,94.5086975,41.2784004,231.2299957,116.1149979,41.7837982
144.0180054,4244.1899414,31.3393002,392.8980103,126.1309967,13.2219,181.6730042,4287.3901367,42.4620018,347.5979919,109.1439972,8.5760498,215.3800049,103.4810028,141.3329926,192.8070068,108.8359985,40.7300987
119.375,4155.4399414,31.4762001,402.1300049,130.4850006,15.0128002,153.197998,4126.0600586,41.8875999,352.1109924,118.5899963,8.4242697,238.246994,97.6146011,41.7769012,220.3450012,110.6940002,39.1186981
84.0042038,4269.9101562,30.5370007,390.1270142,125.0500031,15.1827002,114.1819992,4311.0297852,41.4737015,350.5799866,117.7259979,9.4470396,220.7220001,104.9550018,134.5249939,209.7669983,117.387001,48.6114006
146.076004,4237.5,33.0904999,395.2099915,128.9349976,15.6324997,183.4720001,4230.8500977,42.9514999,346.2680054,116.8850021,7.9500499,237.4700012,94.0066986,39.4670982,211.7030029,107.4940033,33.4754982
111.586998,4041.0900879,30.3381004,402.75,132.5189972,13.7811003,155.8739929,3973.1799316,42.2988014,359.5969849,121.4560013,8.4711304,225.2559967,95.1266022,42.0826988,226.3430023,110.1790009,40.5733986
92.9506989,4282.8100586,30.9829998,401.6940002,127.1910019,15.8434,118.8669968,4301.8500977,41.0657997,345.9119873,118.3199997,9.0260801,230.1089935,103.461998,38.5602989,214.1909943,117.026001,38.7375984
107.9029999,4154.0898438,31.3502998,398.3380127,129.6829987,14.7678003,137.5700073,4127.6201172,41.3524017,351.8569946,118.3539963,8.3868799,235.0579987,98.2061005,41.1683998,219.4140015,110.5619965,38.9468002
176.6239929,4105.2001953,32.3166008,403.4320068,133.3370056,14.6313,206.2359924,4070.1799316,41.7313004,357.5769958,119.0329971,7.6050501,245.2859955,91.653801,42.9723015,215.9600067,104.7890015,37.6254005
142.5319977,3995.9099121,29.7147007,398.071991,135.75,12.9979,194.8300018,3915.3999023,42.3872986,362.4949951,120.9919968,8.4125004,222.9689941,93.0708008,132.871994,219.0079956,104.7360001,46.5307999
58.3558998,4013.0500488,29.5349007,406.1019897,134.8159943,14.4251003,92.6285019,3936.1000977,41.0295982,363.1400146,123.7779999,8.9373503,232.0910034,102.4420013,41.9025993,235.5639954,113.7929993,42.4612007
143.9299927,4091.1599121,31.8796997,407.9100037,131.6929932,15.1828003,175.0319977,4064.0,41.3488007,356.7650146,118.7770004,7.95927,248.951004,94.680603,42.5433006,220.3220062,108.7139969,40.3849983
86.7294998,4332.2099609,31.1180992,411.427002,131.3600006,16.4449997,115.060997,4357.3798828,42.0929985,348.3590088,121.2369995,8.9856501,237.3560028,106.6449966,39.6048012,216.9929962,120.3059998,38.9832001
181.3430023,4159.3598633,33.1892014,405.6279907,127.598999,15.1458998,210.4779968,4155.25,41.601799,348.3259888,114.1869965,7.8013301,246.3159943,88.3199997,41.6189995,213.0330048,104.0410004,38.3226013
81.0815964,4332.2797852,31.4118996,398.6900024,127.4489975,14.7959003,106.2340012,4360.5898438,42.2895012,348.8349915,117.9469986,9.0747604,225.1309967,107.5810013,133.3079987,208.6730042,118.7340012,48.4210014
84.8333969,4010.9699707,30.1959991,405.9750061,134.2070007,14.368,118.038002,3941.0500488,41.0129013,363.0809937,123.2539978,8.8328505,231.1730042,99.7287979,41.6092987,227.8730011,113.1279984,42.2529984
137.1790009,4261.7099609,31.5788994,392.9159851,126.0970001,13.2353001,171.4170074,4306.7597656,42.4645004,346.5480042,108.2490005,8.5829096,215.4470062,106.1839981,142.4629974,190.6549988,109.8470001,40.7062988
83.3307037,4144.1699219,30.5233002,397.3460083,126.7850037,14.2658997,122.7720032,4104.5097656,42.0073013,353.3280029,119.0749969,8.7920799,227.3609924,98.760498,41.0348015,231.0679932,115.5999985,41.6105995
109.7460022,4116.0097656,31.4885006,397.1589966,129.3500061,13.9266996,141.0330048,4074.3300781,41.6940002,355.1199951,118.8170013,8.3987799,234.0950012,96.6268005,41.7779007,220.7599945,109.697998,39.9222984
141.7839966,4188.5498047,31.5662994,391.5130005,125.9570007,13.7688999,188.2850037,4168.6899414,43.3474998,347.6340027,113.0579987,8.5770903,220.9519958,90.588501,136.3990021,208.4499969,104.8610001,43.9840012
81.2503967,4304.7797852,31.2091999,401.6019897,125.1259995,15.7293997,110.1320038,4312.6699219,41.1004982,345.9689941,117.7699966,9.0538597,229.0870056,105.5550003,38.4617004,212.4819946,118.814003,38.7289009
94.5123978,4249.3500977,31.2691994,395.5929871,124.2389984,14.2840996,129.7700043,4234.0898438,41.6930008,350.5799866,117.677002,9.0699196,226.6150055,98.2779007,40.6287994,217.7920074,113.5459976,40.7459984
154.223999,4181.7001953,30.4298992,390.3900146,122.0800018,13.0403004,202.6450043,4198.8598633,42.7579002,348.9760132,110.3239975,8.6856604,211.0460052,95.7750015,137.9049988,198.3480072,106.6360016,40.2980003
149.1589966,4227.5297852,31.1436996,392.946991,126.689003,13.1996002,190.0429993,4265.2797852,42.457901,348.8659973,110.6389999,8.5553703,215.3659973,100.6050034,139.102005,195.7310028,108.1289978,40.6818008
77.3405991,4221.9702148,31.8262005,398.9599915,124.2910004,14.4105997,113.2160034,4193.3701172,42.0905991,346.9150085,116.0950012,8.8582602,232.7920074,95.5375977,43.1878014,223.8450012,114.163002,41.6744003
174.2599945,4097.0498047,32.3288994,403.428009,133.4349976,14.6009998,204.8739929,4059.0400391,41.7270012,358.7309875,119.4189987,7.5940499,245.1900024,91.6638031,42.9949989,215.9420013,104.7279968,37.6585999
84.7986984,4210.7597656,31.6042004,398.8659973,126.0149994,14.3203001,117.4649963,4188.7998047,42.0830002,348.4379883,116.8239975,8.7616396,233.3769989,97.0626984,43.3198013,224.0209961,112.4609985,41.6673012
120.0690002,4201.8798828,31.9603996,401.9710083,130.8040009,15.0917997,153.7669983,4185.5200195,42.0382004,350.8009949,118.9459991,8.2785301,239.3280029,99.1029968,39.7897987,217.7899933,113.302002,36.8282013
192.5970001,4104.1801758,30.5195007,401.243988,131.9060059,13.4637003,250.4880066,4047.5500488,42.0634003,357.0960083,116.7080002,8.6158705,221.697998,90.0249023,137.1329956,206.7299957,104.4749985,48.6174011
173.6519928,4077.1799316,31.9575996,403.5339966,135.7359924,14.6226997,199.6959991,4027.6499023,41.7174988,360.0010071,120.4690018,7.62219,245.076004,92.6893997,42.9928017,216.6139984,104.9260025,37.6561012
83.3267975,4337.9399414,31.1562004,411.2969971,130.753006,16.3976994,110.4160004,4363.5698242,42.0918999,348.3869934,121.1650009,8.9890604,236.776001,107.3209991,39.5484009,215.9259949,120.5950012,38.9738007
174.2839966,4113.8999023,31.1445007,391.6470032,128.5090027,13.6484003,225.9519958,4096.0,43.3221016,351.4129944,113.6419983,8.5292902,218.8090057,92.2746964,139.1940002,203.4360046,103.8820038,44.0298004
163.8589935,4082.8898926,32.4555016,403.3099976,131.0480042,14.5128002,202.3170013,4043.6899414,41.7275009,360.8269958,121.6520004,7.5777402,244.5019989,91.4952011,43.039299,215.0599976,105.3509979,37.763401
127.7310028,4282.4799805,32.5619011,396.3850098,131.0279999,15.0494003,162.8939972,4291.0097656,42.5858002,345.7739868,118.3690033,8.0631905,235.246994,98.2365036,37.8148994,211.4609985,112.1849976,32.0694008
155.8769989,4054.2399902,31.6697006,403.6560059,136.1109924,14.5737,182.2599945,4001.0900879,41.7043991,362.0939941,121.1429977,7.6395998,245.0930023,93.7629013,43.1515999,218.9459991,105.2549973,37.8314018
79.7695999,4272.6899414,31.7437992,395.8989868,122.0879974,14.3969002,115.7850037,4255.4399414,41.7276993,347.006012,115.822998,9.1214895,226.2920074,100.0339966,40.422699,215.5890045,116.6279984,40.6825981
84.9235992,4008.5100098,29.9246006,409.8729858,135.8919983,14.2416,125.5739975,3922.6000977,42.1441994,362.019989,123.5059967,8.8282804,228.9279938,97.8899994,42.9147987,226.3130035,110.8590012,41.4243011
145.1719971,4180.6699219,31.4361,391.5010071,125.6070023,13.7503996,192.621994,4160.8500977,43.3423004,348.0710144,113.0159988,8.5725298,220.6929932,90.5747986,136.7079926,208.2019958,104.7360001,43.9868011
196.0370026,4060.7399902,30.4438992,401.3999939,133.4029999,13.4378996,256.1260071,3984.1999512,42.0606995,358.8500061,118.3779984,8.57899,222.0,87.5784988,135.1959991,207.6380005,103.6299973,48.5923004
148.3370056,4212.5898438,30.4232998,389.7630005,118.6709976,13.1348,183.2059937,4260.1899414,42.7570992,349.0249939,108.961998,8.7366199,209.6600037,104.6819992,148.9100037,183.5930023,107.2149963,40.7416
109.2429962,4188.5600586,32.1122017,401.6069946,128.7669983,14.6274996,134.6759949,4177.2001953,42.489399,347.9070129,116.3850021,8.4733896,240.9440002,97.8183975,42.732399,225.503006,112.7429962,41.0884018
91.4829025,4262.2001953,30.1051006,402.9570007,126.1600037,14.8128996,133.723999,4229.1000977,41.4936981,349.2829895,116.9909973,9.6601105,229.6999969,98.6883011,39.0816002,219.8040009,114.8550034,40.3665009
182.1600037,4158.0898438,32.2851982,407.3729858,133.2590027,15.1861,213.8150024,4138.4799805,41.382,354.6940002,118.7949982,7.8456101,247.6940002,92.9994965,42.266201,215.4380035,106.7440033,39.8165016
121.1060028,4289.8701172,30.9633007,393.1069946,127.5719986,13.1941996,154.6490021,4327.5097656,42.4239006,349.7030029,114.3379974,8.5464001,215.3049927,103.1719971,132.4920044,198.9539948,111.4459991,40.1492996
130.8049927,4273.1499023,31.0926991,392.9679871,126.1419983,13.2123003,166.2550049,4316.0498047,42.4413986,348.428009,111.4639969,8.5703096,215.3280029,103.2460022,136.9730072,196.151001,110.1520004,40.4333
133.3970032,4298.1899414,32.0018997,399.5050049,133.2570038,14.9329004,168.2660065,4329.7700195,41.7723007,348.4710083,120.6340027,7.8438001,238.6060028,102.5329971,36.7831993,208.8820038,113.3330002,31.3050995
128.9389954,4073.9199219,30.5226002,400.4299927,131.0659943,14.0872002,176.0659943,4025.7099609,42.3474998,355.9840088,118.1740036,8.8425102,227.845993,91.9636993,115.5709991,219.0809937,106.2399979,48.5620995
151.7630005,4149.6000977,32.4525986,406.2319946,129.8379974,15.2371998,184.3119965,4135.2998047,41.5705986,350.2600098,116.5350037,7.9741302,246.6199951,91.200798,41.6744995,214.7870026,106.4940033,38.6371002
124.9720001,4148.6699219,31.8101997,403.4580078,130.9660034,15.2247,159.7319946,4122.6801758,42.0988007,352.723999,118.5370026,8.2981596,241.3959961,95.6304016,42.9724007,220.6730042,108.9700012,40.2002983
104.7320023,4268.0698242,30.8397007,401.6719971,127.5979996,15.9153004,129.0079956,4293.5297852,41.0424995,345.0880127,118.098999,9.0025902,230.4160004,102.9039993,38.512001,213.2839966,116.0350037,38.6696014
194.3090057,4038.6799316,30.3453007,401.4949951,134.1089935,13.3997002,254.0410004,3959.4799805,42.0597992,360.2739868,120.0830002,8.5207396,222.2709961,85.5791016,133.1959991,207.6170044,102.7220001,48.5589981
56.8527985,4105.4599609,30.4521999,401.5859985,129.7680054,14.6587,93.992897,4043.3999023,42.2277985,356.7850037,120.223999,8.94345,235.7929993,100.2819977,42.3722,234.3399963,116.5339966,42.7761993
164.2100067,4168.1899414,31.0139999,390.7650146,128.0079956,12.9730997,210.1660004,4196.8901367,42.7722015,350.572998,112.2590027,8.5820303,211.6139984,96.2677994,135.7380066,198.1580048,106.4639969,40.277401
194.3690033,4048.5,30.3813992,401.4440002,133.5169983,13.4152002,254.2070007,3971.4799805,42.0601997,359.5589905,119.2770004,8.5449896,222.1820068,86.2733994,133.996994,207.9170074,103.1019974,48.5741997
143.8950043,4269.5,32.2010994,396.9020081,129.6880035,14.7110004,182.7519989,4265.6298828,42.1109009,346.3640137,117.1169968,7.9238801,232.8800049,99.3455963,36.2854996,207.2830048,111.3600006,30.9430008
171.0809937,4236.7597656,32.2859993,399.7120056,135.6660004,15.0878,215.1950073,4266.8300781,41.8026009,347.3519897,120.3199997,7.7683501,241.6990051,98.4730988,37.206501,210.1920013,110.1179962,31.4943008
156.7120056,4104.9399414,32.299099,407.6300049,130.552002,15.1348,187.5679932,4080.6101074,41.3637009,355.4930115,117.5820007,7.8850098,248.572998,92.4878998,42.4943008,218.3430023,107.2789993,40.2364998
201.598999,4021.4199219,30.3444996,397.6069946,135.7339935,12.9799995,262.92099,3927.7600098,42.4222984,360.1099854,119.5299988,8.3733397,219.8359985,86.7576981,135.227005,208.2409973,102.0709991,46.2617989
182.8240051,4161.1201172,33.5769997,405.5360107,126.3899994,15.1078997,207.0850067,4160.2299805,41.6110992,345.8250122,112.189003,7.7608199,246.5749969,86.5472031,41.6907997,213.4790039,103.1330032,38.3428993
90.8375015,4249.1401367,31.2714996,395.6839905,124.4250031,14.3022003,125.8949966,4232.8901367,41.6952019,350.4089966,117.7229996,9.07864,226.7440033,98.7154999,40.6307983,218.1940002,114.0360031,40.7603989
105.1600037,4005.3300781,30.1530991,409.9609985,136.6849976,14.1941996,148.3119965,3920.1799316,42.1591988,362.3779907,123.6399994,8.7625198,228.1649933,95.6028976,42.8530998,221.5149994,109.6529999,41.2991982
103.1299973,4186.6801758,31.9755001,401.6470032,128.7200012,14.6371002,129.7669983,4171.2597656,42.4830017,348.3619995,116.723999,8.5108004,240.5420074,98.2070007,42.7165985,225.8549957,113.1660004,41.1134987
135.7140045,4219.0400391,31.7196999,388.9110107,124.5559998,13.9094,179.6900024,4209.1499023,43.6063004,348.368988,112.4140015,8.6763897,213.779007,94.4216003,134.427002,203.2200012,106.0319977,42.2685013
178.1519928,4167.5400391,32.7545013,395.822998,134.326004,15.5593004,217.5610046,4183.0,42.8931999,349.9039917,119.1190033,7.82266,241.0160065,95.4926987,39.5424995,211.7330017,106.8990021,33.4822006
165.3500061,4248.1499023,32.1360016,397.1650085,130.4340057,14.9539003,200.1970062,4267.8798828,42.1080017,343.1350098,117.0100021,7.8776202,236.0420074,98.1260986,36.5297012,206.3480072,109.5599976,31.0291996
101.3040009,4118.8398438,31.4860992,399.3869934,129.7120056,14.0073996,135.2149963,4073.5100098,41.8274994,356.0910034,118.8779984,8.3693104,236.029007,96.0647964,43.1943016,224.4810028,109.8389969,41.2248993
147.5180054,4013.5400391,30.0568008,402.1830139,132.9080048,13.5347996,200.6759949,3944.0300293,42.0105019,361.0929871,119.447998,8.6873503,225.7359924,92.0190964,132.9689941,215.4049988,107.0800018,49.0402985
183.1439972,4135.9799805,31.9701996,403.5400085,135.3569946,14.7455997,213.3289948,4108.1699219,41.7410011,355.9700012,120.1650009,7.6614299,245.4880066,94.0988998,42.8625984,216.8190002,105.9680023,37.4845009
159.673996,4169.4702148,30.7380009,390.5769958,124.6190033,13.0010004,207.227005,4184.9101562,42.7659988,349.8099976,111.2770004,8.6196604,211.2940063,95.3694,136.5720062,199.2129974,106.3809967,40.2686996
181.7440033,4110.9902344,31.9034004,403.5429993,135.7359924,14.7215996,209.9839935,4071.0500488,41.7355003,357.0270081,120.4219971,7.6587,245.3540039,94.0602036,42.898201,217.2129974,105.8150024,37.5201988
190.6990051,4075.4099121,30.7632008,399.7600098,131.9100037,13.4864998,247.3509979,4018.1398926,42.2640991,355.2749939,116.0759964,8.6386604,220.0059967,89.8735962,136.6459961,204.1600037,103.4810028,47.0886002
186.7850037,3988.3500977,30.1725006,398.0329895,139.8769989,12.9400997,246.3090057,3893.2900391,42.4127998,364.1459961,123.0080032,8.3231802,220.9420013,84.8076019,131.8540039,210.1119995,101.0709991,46.2761002
156.5529938,3993.7399902,29.8521996,398.0069885,136.246994,12.9848003,211.3419952,3907.9299316,42.3951988,362.4960022,121.1819992,8.39081,222.3150024,90.6474991,132.8159943,216.473999,103.7750015,46.4556999
148.6009979,4108.9799805,30.5706005,400.1470032,127.8320007,13.5569,199.0939941,4073.8000488,42.2331009,353.4089966,115.1600037,8.7194996,222.5480042,90.039299,134.6439972,209.0709991,105.2009964,47.3362007
85.4113007,4048.8400879,30.3379993,405.9150085,133.3079987,14.3765001,119.237999,3989.1101074,41.0195999,361.9679871,122.7850037,8.8382397,230.9470062,99.7045975,41.5419998,226.8970032,113.5759964,42.2038994
163.8130035,4153.1699219,32.8590012,405.9320068,127.8799973,15.1816998,194.5509949,4143.3701172,41.5849991,349.0190125,114.9150009,7.8916302,246.4759979,89.1585007,41.6701012,213.977005,105.1340027,38.5224991
49.4550018,4010.2900391,28.8908997,406.1719971,136.8139954,14.4294996,83.3975983,3933.8601074,41.0299988,364.7049866,125.2770004,8.9746199,232.3159943,103.4400024,42.1074982,239.8419952,112.7149963,42.5774994
170.2819977,4061.8798828,30.3472996,399.8269958,127.7480011,13.4371004,226.2850037,4005.0600586,42.2486,355.7829895,117.9639969,8.55513,221.2720032,86.7626038,131.9839935,210.7700043,103.1989975,47.0839996
123.7480011,4098.0097656,31.2660999,408.3200073,133.1959991,14.8761997,156.9620056,4067.5600586,41.3698006,355.7919922,119.4489975,8.1317396,246.9660034,95.0524979,44.0402985,223.7489929,108.5540009,41.4813004
180.0859985,4065.5,30.1676998,401.1180115,127.8270035,13.3866997,238.0240021,4008.3000488,42.0575981,357.4089966,118.5630035,8.5005503,222.3099976,86.7432022,133.0570068,211.2879944,103.5739975,48.5570984
110.9100037,4263.3798828,31.1993999,390.4949951,125.6050034,14.2613001,146.0200043,4275.6401367,42.5017014,347.4429932,114.5059967,8.8752499,220.6309967,100.2590027,110.8990021,206.0899963,113.0329971,42.1531982
145.7590027,4218.6298828,30.4449005,389.8359985,118.9469986,13.1233997,181.5249939,4261.9301758,42.7570992,348.7000122,108.9489975,8.7388,209.6589966,104.4140015,147.2649994,185.0549927,107.5599976,40.6408997
177.6889954,4016.8500977,30.1772003,401.7720032,134.1179962,13.4164,234.7630005,3939.9299316,42.0433998,361.4639893,121.038002,8.5318899,223.5630035,86.4994965,131.798996,209.7290039,103.5319977,48.6903
67.1629028,4048.7199707,29.8237991,409.7669983,134.0370026,14.2987003,105.3769989,3974.6999512,42.1297989,360.8869934,122.762001,8.8983297,229.654007,100.3310013,42.9374008,230.8410034,112.7330017,41.5248985
141.3470001,4290.7597656,32.0751991,399.5549927,133.7319946,14.9780998,178.3970032,4323.8100586,41.7807007,347.8989868,120.5019989,7.8291602,239.2749939,101.6139984,36.8712006,209.1629944,112.6429977,31.3376999
182.5749969,4105.5898438,30.7059002,399.6610107,129.6320038,13.4899998,237.345993,4067.5800781,42.2638016,354.1749878,115.137001,8.6451597,220.1929932,90.379097,137.1600037,204.6000061,103.8199997,47.1194
183.6730042,4137.2099609,31.9431,403.54599,135.5780029,14.7503004,213.9839935,4109.1801758,41.7414017,356.006012,120.3099976,7.6642199,245.4920044,94.3292999,42.8572998,216.9649963,106.052002,37.4743004
162.5559998,4266.8198242,31.9792004,400.1359863,140.5449982,15.3176003,205.9960022,4299.2597656,41.8232002,345.6960144,122.9700012,7.82902,242.1080017,103.6640015,37.0200996,211.2330017,112.9759979,31.3691998
125.0309982,4071.2199707,31.4125004,408.2780151,132.6710052,15.2314997,157.1190033,4041.0800781,41.3302994,358.3269958,120.0009995,8.0544701,249.5980072,97.5357971,42.6493988,223.677002,110.6740036,40.6226006
93.9537964,4056.5500488,29.8878002,399.0929871,130.1060028,14.1139002,136.1349945,4012.6699219,41.6803017,356.4660034,122.3290024,8.71033,227.625,97.8643036,41.7223015,219.9100037,112.5419998,41.6136017
159.7689972,4054.0800781,31.6212997,403.6659851,137.4299927,14.5548,184.9830017,4000.3300781,41.6938019,363.7330017,121.8410034,7.62468,244.8699951,93.4805984,43.0996017,217.6380005,104.887001,37.7971992
174.1320038,4215.9501953,32.4103012,397.2420044,132.5509949,14.8590002,213.3930054,4245.9501953,42.1119003,346.4769897,118.1490021,7.8205099,237.5540009,96.0884018,36.7480011,209.0910034,108.5999985,31.1555996
41.0699997,4050.4199219,29.1779003,409.9049988,133.5149994,14.2742004,79.1533966,3977.1799316,42.0988998,363.9119873,123.1640015,8.8973103,231.8760071,111.439003,43.2308998,246.0449982,117.5599976,41.7658997
162.9609985,4148.6098633,30.7080994,389.0870056,122.6920013,13.7563,215.7120056,4137.7998047,43.5477982,349.7990112,111.6289978,8.6402798,214.4100037,90.1771011,136.5149994,206.9190063,104.5449982,42.4356995
182.2769928,4133.5800781,33.4434013,407.0629883,128.0650024,15.0453997,218.3820038,4112.0200195,41.4115982,353.3649902,114.762001,7.7245498,248.5469971,90.683403,42.4592018,217.1439972,105.711998,39.9984016
114.0039978,4237.0,31.8367996,400.7179871,130.3119965,15.2159004,149.1040039,4235.4301758,42.4118004,348.947998,119.3570023,8.4294004,238.6289978,99.6807022,40.7974014,218.4049988,113.2590027,38.1960983
90.1306,4326.6201172,31.0732002,411.552002,132.0410004,16.4902992,119.4899979,4351.3999023,42.0940018,348.3540039,121.3899994,8.9801702,237.9080048,106.2330017,39.6445999,217.822998,120.0950012,38.9831009
159.1190033,4185.2299805,30.9890995,390.6749878,126.6200027,12.9895,203.9049988,4215.4101562,42.7713013,349.7420044,111.375,8.6027498,211.4459991,97.1611023,136.6869965,197.6710052,106.7770004,40.2820015
88.5746002,4208.2001953,31.6422997,398.8070068,126.1380005,14.2976999,120.4589996,4188.4301758,42.0839005,348.3970032,116.7099991,8.7315102,233.5399933,96.6551971,43.3660011,223.9459991,111.75,41.6596985
154.9759979,4257.3198242,32.2887001,397.0190125,130.2200012,14.7938995,193.3899994,4265.2001953,42.1132011,345.5109863,117.2109985,7.8882899,234.5390015,97.8835983,36.4513016,207.6959991,110.2389984,31.0056
93.9008026,4301.8999023,31.3990002,398.506012,127.3119965,14.7938995,120.2580032,4343.2299805,42.3035011,349.131012,115.9160004,9.0640898,224.7570038,106.9089966,142.3430023,206.0119934,116.9020004,48.9384003
190.6840057,4095.4399414,30.4736996,401.2529907,131.3880005,13.4545002,248.6040039,4038.4599609,42.0625992,357.2059937,116.9020004,8.6033697,221.8699951,89.1160965,136.5590057,207.2590027,104.237999,48.6176987
176.1529999,4195.0698242,32.403801,397.2839966,133.9759979,14.8032999,216.8249969,4228.75,42.1077003,348.572998,118.8919983,7.8071699,238.0099945,96.4487991,36.7914009,209.8289948,108.6449966,31.2061996
83.2885971,4068.6599121,29.9319992,399.2720032,130.0619965,14.1608,123.8690033,4019.7299805,41.6801987,356.3049927,121.8889999,8.7677898,228.1690063,98.6196976,41.7795982,222.8919983,113.2910004,41.6823997
182.3880005,4130.7998047,31.9934006,403.5329895,135.1529999,14.7356997,212.1390076,4101.3701172,41.7397003,356.1059875,120.0329971,7.65731,245.4609985,93.8151016,42.8744011,216.7120056,105.8389969,37.5012016
160.0420074,4016.8100586,30.1266994,402.0029907,133.1799927,13.4937,215.1190033,3944.2600098,42.0239983,360.9660034,119.7320023,8.6367302,224.8430023,89.7613983,132.7920074,213.503006,105.7429962,48.9067993
163.7920074,3993.5800781,29.9248009,397.980011,136.6179962,12.9763002,219.7949982,3905.7700195,42.3993988,362.5840149,121.375,8.3770304,221.9689941,89.3309021,132.7169952,215.0910034,103.2300034,46.4140015
193.6069946,4024.1799316,30.2091999,397.6180115,134.8800049,12.9309998,252.352005,3945.2199707,42.4217987,361.1789856,121.25,8.2874603,220.0619965,84.9169998,132.8070068,206.8580017,101.1839981,46.1940002
157.9329987,4229.3901367,32.9972992,395.3340149,128.378006,15.6160002,194.1199951,4233.0297852,42.9295006,345.4249878,116.262001,7.8972001,238.5099945,93.1938019,39.4824982,210.6109924,106.7809982,33.4597015
140.4839935,4234.0600586,30.8199997,390.3399963,122.4140015,13.0382004,181.1710052,4258.6401367,42.7640991,347.6910095,109.4869995,8.6878004,210.1970062,101.1340027,138.8289948,194.1029968,108.4459991,40.2094002
177.9299927,4169.4599609,32.7621994,395.8049927,134.102005,15.5585003,217.0039978,4184.2202148,42.8935013,349.7420044,118.9869995,7.8211598,240.9380035,95.3289032,39.5435982,211.6710052,106.8389969,33.4822998
157.1909943,4201.6201172,31.0732994,393.0570068,128.5429993,13.1709003,201.2769928,4230.5,42.4571991,350.4599915,112.5210037,8.5191698,215.3789978,98.0712967,136.977005,197.901001,107.4189987,40.6530991
82.0636978,4275.5600586,30.6671009,390.2510071,124.9029999,15.1740999,112.4599991,4308.4199219,41.4789009,350.0710144,117.6910019,9.4352798,220.9620056,104.9110031,132.7380066,210.2819977,117.7389984,48.5112
177.2740021,4178.7998047,32.7798004,395.769989,133.5050049,15.5639,215.9850006,4194.3300781,42.8953018,349.1090088,118.6409988,7.8204098,240.7870026,95.0317993,39.539299,211.4700012,106.7630005,33.4768982
126.4160004,4279.75,31.0041008,393.04599,126.8850021,13.1997004,161.3399963,4318.9199219,42.4320984,349.2189941,113.0839996,8.5547504,215.3179932,102.7809982,134.3820038,198.026001,110.7070007,40.2793999
138.8139954,4243.6899414,33.1478996,395.1119995,128.5930023,15.6458998,176.5659943,4231.1699219,42.9645004,346.3009949,116.9120026,7.9850502,236.7929993,94.2027969,39.4516983,212.0399933,107.8219986,33.4804001
179.5039978,4116.2099609,32.1400986,403.4859924,134.1430054,14.6889,208.3059998,4083.5,41.7352982,356.6159973,119.3860016,7.6345501,245.3670044,92.5435028,42.9215012,216.2109985,105.2539978,37.5646019
128.6790009,4276.3500977,31.0405006,393.0079956,126.5039978,13.2052002,163.9730072,4317.3598633,42.4365997,348.855011,112.314003,8.5618496,215.3249969,102.8919983,135.5829926,197.2359924,110.4049988,40.3534012
149.5610046,3996.4499512,29.7882004,398.0299988,135.8710022,12.9919996,203.0749969,3914.0800781,42.3914986,362.3980103,121.0049973,8.4024096,222.625,91.879097,132.9120026,217.6719971,104.2720032,46.4931984
159.8560028,4271.0297852,32.0410995,399.9039917,137.6880035,15.217,201.8150024,4304.4399414,41.8095016,345.7630005,121.6050034,7.8222499,241.3569946,102.2720032,37.0121002,210.0570068,112.2559967,31.3757
112.5979996,4124.0297852,30.1499004,394.6040039,128.845993,14.1302004,153.6170044,4099.7299805,41.9701004,355.9119873,119.0279999,8.9118004,221.0410004,96.8721008,105.0459976,215.2200012,109.697998,45.1142006
63.4673004,4108.4799805,30.6469002,401.4230042,129.6860046,14.6335001,101.163002,4046.1599121,42.2398987,356.3859863,120.1500015,8.8969402,235.5780029,100.0920029,42.3037987,232.7899933,116.137001,42.6963997
118.973999,4025.7900391,30.6590996,402.8340149,133.526001,14.7543001,147.8730011,3979.1201172,40.3194008,360.651001,120.447998,8.1608105,243.25,96.563797,44.6206017,224.5950012,106.2330017,43.6265984
172.9700012,4227.0200195,32.2994003,397.2269897,131.4470062,14.9237003,209.9309998,4255.0898438,42.1104012,344.6459961,117.5670013,7.8397999,237.2590027,96.5643005,36.6867981,207.7599945,108.7190018,31.1126003
91.4766006,4244.8398438,30.1665993,389.70401,124.697998,15.2063999,122.512001,4306.4199219,41.4597015,351.7070007,117.3119965,9.4867001,219.7949982,105.0070038,140.0570068,207.5090027,116.310997,48.9090004
87.5130997,4253.5400391,31.3050003,395.7659912,124.4749985,14.3218002,122.2009964,4238.0498047,41.6987,350.0360107,117.685997,9.0871201,226.8099976,99.2043991,40.6133003,218.2689972,114.6139984,40.7621002
180.5930023,4142.5297852,32.5794983,407.2810059,131.3899994,15.1251001,211.5249939,4121.5297852,41.3835983,354.3720093,117.5080032,7.8070598,247.7579956,91.1539001,42.3279991,215.1629944,105.8840027,39.8908005
182.8110046,4161.1401367,32.3418999,405.9549866,134.7149963,15.2730999,217.378006,4153.0800781,41.5886002,352.348999,119.2710037,7.8956699,246.2359924,94.4227982,41.4654007,213.5220032,106.6429977,38.1783981
156.9889984,4164.1000977,30.5939999,391.5920105,120.9339981,13.6669998,211.3540039,4143.1000977,43.3005981,345.6170044,110.1679993,8.6931696,220.2799988,80.9994965,136.2899933,215.8769989,103.0839996,43.9618988
118.1660004,4132.7597656,30.4850998,398.0610046,128.8209991,13.8818998,162.302002,4090.9199219,42.3316994,353.5190125,116.7730026,8.9129601,222.3139954,96.4794006,103.8249969,215.2230072,109.4929962,44.9248009
76.1925964,4343.6098633,31.3644009,398.7359924,127.9349976,14.7841997,99.8203964,4367.2797852,42.2823982,348.8900146,119.2450027,9.0671396,225.1040039,109.348999,129.8049927,208.4340057,119.9039993,48.174099
156.2339935,4274.5800781,32.1035995,399.7409973,135.6100006,15.1271,196.8200073,4307.9799805,41.7999001,346.2359924,120.7509995,7.81708,240.7180023,101.1800003,36.9995995,209.5279999,111.8779984,31.3785
161.9060059,4250.2001953,32.2537003,397.0950012,130.1390076,14.8762999,198.7140045,4265.3701172,42.1118011,344.2860107,117.0589981,7.87637,235.5279999,97.4272995,36.5242996,207.1470032,109.6230011,31.0305996
108.9769974,4197.6699219,31.7374992,400.7399902,129.8990021,15.1922998,144.529007,4178.4199219,42.4057007,349.7650146,119.2509995,8.4481001,238.6100006,99.0999985,40.9047012,219.9989929,113.0309982,38.3053017
114.9410019,4050.2099609,29.9157009,401.5140076,131.246994,13.8030005,162.1799927,3977.3200684,42.0166016,356.9890137,119.6100006,8.9637899,224.8099976,94.0968018,41.5546989,223.1360016,108.6809998,40.6068993
106.5999985,4183.4799805,30.5914993,394.0620117,127.0039978,14.0937996,145.0820007,4164.3901367,42.2276993,351.1650085,116.6029968,8.8245697,224.3880005,99.6216965,102.5599976,214.2230072,112.8310013,43.8256989
46.0657997,4048.7099609,29.3486004,406.2319946,133.5449982,14.4469004,82.3868027,3977.9699707,41.0363998,363.0799866,123.2330017,8.9750299,232.9400024,106.7269974,42.0421982,241.3059998,116.2300034,42.5633011
94.1160965,4234.3198242,30.0566998,389.5610046,124.4520035,15.2136002,125.8280029,4300.6401367,41.4556007,351.9809875,117.0940018,9.4998198,219.4720001,104.9940033,141.8209991,206.6589966,115.9729996,49.0018005
97.0585022,4320.1098633,30.9962997,411.7780151,133.4340057,16.5748997,127.9749985,4345.8300781,42.0965004,348.2799988,121.7910004,8.96488,238.8869934,105.9469986,39.6785011,218.772995,119.8570023,38.9556999
113.064003,4156.4101562,31.4242992,398.2730103,129.6309967,14.7651997,142.276001,4133.1401367,41.3499985,351.6029968,118.1429977,8.3578396,235.1430054,97.821701,41.1511993,218.5910034,110.1210022,38.9039001
146.8000031,4234.4301758,31.1972008,392.9089966,126.1949997,13.2114,186.3359985,4274.6499023,42.4589996,348.3070068,109.9440002,8.5681896,215.348999,101.8199997,140.1569977,194.4299927,108.4120026,40.7057991
162.6940002,4202.9902344,33.1841011,397.6629944,126.9499969,15.4152002,195.8959961,4201.4301758,42.6730003,344.8099976,114.7549973,7.7799301,244.6829987,89.296402,42.1795006,213.3159943,104.9830017,35.168499
125.5780029,4040.1298828,31.0280991,403.9150085,135.3890076,14.6199999,154.4600067,3988.2800293,41.7102013,360.7139893,121.4319992,7.7416201,245.7019958,97.6341019,43.4277,225.9389954,107.2819977,38.0718994
137.8710022,4072.9499512,31.4157009,403.7909851,134.173996,14.6401997,168.0310059,4033.8999023,41.719799,358.8599854,120.3580017,7.71029,245.7180023,96.027298,43.2977982,223.1640015,106.75,37.9477997
179.6719971,4139.6699219,32.764801,398.0840149,134.3209991,15.4357996,216.2859955,4140.8300781,42.6502991,349.9089966,118.8909988,7.7557998,245.0890045,94.4616013,41.9935989,213.5890045,106.2649994,35.0544014
163.5330048,4110.7700195,32.578701,407.4719849,129.897995,15.1013002,194.7140045,4087.1999512,41.3732986,354.8850098,116.8759995,7.8392901,248.4309998,91.4585037,42.4822998,217.5839996,106.5599976,40.1675987
139.5429993,4041.2099609,30.0566006,402.1119995,131.2079926,13.5544996,190.0410004,3990.4899902,42.0088997,359.8869934,118.3359985,8.7136898,225.871994,93.4593964,133.9380035,215.4290009,107.7610016,49.0917015
129.5189972,4007.1599121,29.9351997,402.4530029,132.6730042,13.5851002,179.7960052,3941.9699707,41.9911003,361.5830078,119.4339981,8.7463503,227.0160065,94.9529037,132.7720032,218.2929993,108.8379974,49.2169991
