Ols_Al_0_2,Ols_Ca_0_2,Ols_Fe_0_2,Ols_K_0_2,Ols_Mg_0_2,Ols_P_0_2,Ols_Al_2_6,Ols_Ca_2_6,Ols_Fe_2_6,Ols_K_2_6,Ols_Mg_2_6,Ols_P_2_6,TOC_0_2,IC_0_2,TN_0_2,TOC_2_6,IC_2_6,TN_2_6,PhosphorusTreatment
0.659712,65.9909973,0.983147,152.397995,42.3726997,3.91293,0.442371,64.1672974,0.841196,132.8179932,46.5606003,2.9581201,217.5839996,68.232399,39.4905014,201.8480072,82.8462982,43.3377991,18.0
0.26076,45.4963989,0.361656,105.0350037,32.0994987,2.3843501,0.210394,44.4342003,0.341046,94.6436005,43.5633011,1.6358,210.9790039,63.1223984,38.5228996,208.4689941,68.6596985,41.1715012,18.0
1.19927,86.482399,1.31142,206.5350037,43.6006012,5.0102601,1.2193201,82.8562012,1.18226,171.3370056,43.7141991,3.6642499,218.2929993,77.1365967,39.3400002,205.7149963,83.4459,42.2155991,0.0
1.0929101,89.2652969,1.15768,213.6289978,48.2640991,5.89922,1.08342,82.5124969,1.2773,169.6360016,44.0908012,3.83091,219.8289948,84.0587997,39.4199982,219.9929962,89.4618988,42.8857002,0.0
0.802212,75.2376022,0.824996,185.0850067,50.4392014,4.4734502,0.73407,72.9872971,0.780887,166.0319977,53.5806007,3.3554399,216.3359985,70.1079025,38.3819008,199.9400024,80.7361984,41.8037987,9.0
0.62787,74.0519028,0.663025,192.0570068,57.2299995,5.2854199,0.594277,63.4966011,0.552873,147.3289948,49.6128998,3.14431,209.3809967,67.4291992,37.7430992,198.147995,79.1079025,41.0242004,27.0
0.406762,66.9599991,0.52399,171.1289978,54.8255997,4.6680598,0.352226,53.2113991,0.428798,121.6340027,45.2494011,2.4991,210.1519928,64.2882996,38.5029984,193.3059998,75.1517029,41.0696983,18.0
0.31875,61.3515015,0.498684,153.0720062,49.1738014,4.01122,0.282863,49.6548004,0.329018,112.2639999,44.8114014,2.24791,211.2630005,63.5609016,38.540699,198.7380066,71.4891968,41.3083992,0.0
0.756084,71.9765015,0.74322,177.9609985,49.7543983,4.4458499,0.650616,65.7317963,0.658825,150.7140045,50.3782997,3.08216,211.8390045,69.2667999,38.1930008,197.0919952,80.1722031,41.6111984,9.0
0.48067,69.8619995,0.590448,194.8200073,59.8516998,5.6551099,0.44743,56.9239998,0.405679,137.4830017,47.7624016,3.12293,210.8560028,66.2530975,38.0661011,199.8240051,78.7496033,40.5549011,27.0
0.419577,63.1654015,0.537133,158.276001,49.885601,4.0502501,0.356804,52.8754997,0.450599,119.9300003,44.9887009,2.4006701,209.3090057,64.2443008,38.4518013,190.6620026,76.7510986,40.8933983,18.0
0.423365,74.821701,0.535394,199.0249939,64.5852966,5.9018898,0.37625,54.9598999,0.414434,128.4440002,45.8414001,2.7683001,211.0599976,64.7408981,38.5643997,196.3179932,74.5370026,41.1693993,0.0
0.41259,68.3953018,0.580431,185.4109955,57.1613998,5.3596501,0.357324,54.0125999,0.333185,130.4640045,47.4272003,2.835,211.5070038,65.713501,38.0957985,201.8739929,77.3902969,40.5992012,27.0
0.918379,75.2126007,1.4404401,174.2610016,42.8008995,5.2586999,0.665223,76.1659012,1.16522,155.5090027,43.8324013,3.74389,219.7259979,76.7120972,39.4398003,214.6569977,90.1352005,42.7879982,0.0
1.01788,81.3563004,1.1264,190.2070007,45.1557999,4.8743401,0.887249,76.6791992,1.00483,160.7319946,43.9510994,3.4858201,218.3439941,77.5980988,39.2769012,209.7570038,84.3511963,42.4417,9.0
0.541873,71.544899,0.575273,182.8890076,56.4286003,4.98945,0.497407,60.0057983,0.497489,137.4120026,47.6689987,2.8422799,209.6390076,65.3984985,37.9127007,192.7149963,78.740097,40.137001,9.0
0.252691,44.7957001,0.356936,104.6699982,31.1580009,2.4697499,0.207569,44.1747017,0.327579,93.8447037,43.462101,1.61257,211.4559937,63.0822983,38.5261993,213.8200073,68.3110962,41.2142982,18.0
1.16852,84.1460037,1.24964,203.4869995,44.4860992,4.8282399,1.10992,79.6690979,1.0625,167.1199951,43.7594986,3.58777,218.4409943,78.8207016,39.2771988,209.0610046,81.2649002,42.2081985,0.0
0.429311,68.7750015,0.585512,187.5440063,57.7514,5.4441299,0.374326,54.6442986,0.34644,131.7279968,47.4617996,2.8721299,211.5220032,65.9473038,38.0970001,201.8760071,77.7979965,40.5965996,27.0
1.0737,92.3935013,1.37334,220.5919952,51.3314018,7.1804399,1.0536,84.6112976,1.43867,170.1269989,44.176899,4.1498199,221.647995,87.3738022,39.5410995,224.5339966,94.9205017,43.0326004,9.0
0.392171,61.7412987,0.531087,153.246994,48.5825005,3.9060199,0.325297,51.5695,0.436057,115.9069977,44.8448982,2.30108,209.753006,64.1607971,38.4761009,192.7149963,75.3005981,41.0261002,0.0
1.09733,90.0618973,1.10274,218.8000031,48.5435982,6.0664201,1.13395,83.7509003,1.35516,171.5559998,44.0836983,3.89696,219.6759949,84.9511032,39.4487,220.2059937,91.1396027,42.924099,0.0
0.519764,72.9747009,0.564216,189.3329926,59.1035004,5.3154998,0.478001,59.4556999,0.477612,137.1609955,47.7689018,2.8799601,210.0299988,65.2249985,37.9463997,194.026001,77.8098984,40.2235985,9.0
1.09909,92.1708984,1.3545001,219.7709961,50.2336006,7.00809,1.1201299,86.1104965,1.50509,172.3009949,44.1222992,4.1575298,221.0500031,87.4437027,39.542099,222.7250061,95.0603027,42.9847984,9.0
1.06393,86.4873962,1.1914901,202.2550049,47.325901,5.5675502,0.965936,79.6927032,1.13595,165.3320007,44.0909004,3.67801,219.2709961,81.4753036,39.3596001,215.2050018,87.5302963,42.7092018,0.0
0.679408,71.2731018,0.832356,167.6159973,47.141201,4.0289202,0.526119,71.9440002,0.774982,156.3439941,53.2607002,3.22436,218.1100006,67.0262985,38.8861008,197.5659943,82.764801,43.5172997,27.0
0.400403,69.155098,0.519803,178.1869965,57.5965996,4.99087,0.348857,53.4039993,0.417181,122.5960007,45.4068985,2.5511799,210.5509949,64.2910995,38.5266991,194.3589935,74.3795013,41.1542015,18.0
0.274069,47.5988998,0.391888,110.3079987,34.3028984,2.48369,0.21728,45.0284996,0.35701,96.4573975,43.7430992,1.7079999,210.6999969,63.2994003,38.5161018,204.4380035,69.4205017,41.1702003,18.0
0.289365,56.9300995,0.457072,139.8280029,44.5222015,3.5260601,0.257636,47.7974014,0.317054,106.5970001,44.4775009,2.0701399,211.2160034,63.4942017,38.5377007,201.1199951,70.0522003,41.2739983,27.0
0.461726,69.3005981,0.590594,191.6909943,58.8558998,5.5862098,0.414574,55.9500999,0.378676,134.5769958,47.5646019,2.9804499,211.3710022,66.3077011,38.0918999,201.4049988,78.4624023,40.5872002,27.0
1.06918,90.9052963,1.18363,218.6529999,50.0719986,6.4259501,1.07581,83.2291031,1.32814,169.7859955,44.1612015,3.9005599,220.8789978,84.964798,39.4803009,221.4620056,92.4988022,42.9921989,27.0
0.842907,78.0973969,0.916996,186.8110046,48.9976006,4.5387998,0.722395,76.3947983,0.837681,164.7290039,49.5578003,3.41097,222.6999969,71.0223007,40.5219002,204.0700073,81.343399,43.2916985,9.0
1.21224,87.6320038,1.39935,204.5189972,42.9547005,5.2342601,1.3341,86.5848999,1.3378,175.6080017,43.7336998,3.7249401,217.8829956,74.1063995,39.4043007,200.8990021,86.3656006,42.2565002,0.0
0.427523,70.9004974,0.536666,185.8619995,59.638401,5.31144,0.379245,54.5653,0.428095,126.5790024,45.5600014,2.67487,210.4730072,64.6496964,38.5281982,194.4559937,75.5121002,41.0852013,0.0
0.388912,73.0028992,0.550052,192.0140076,62.6225014,5.7130699,0.331236,53.5152016,0.346564,125.3239975,45.6683006,2.6977799,211.7660065,63.3917999,38.5699005,198.5630035,75.0048981,41.243,0.0
0.380723,72.5892029,0.522184,187.5460052,61.7408981,5.3920298,0.331747,53.4352989,0.382157,123.7149963,45.6875,2.63151,211.2850037,63.8016014,38.5601006,195.2359924,73.5114975,41.3571014,18.0
0.302609,51.0410995,0.461807,120.2089996,37.6879005,2.7713301,0.230531,46.1390991,0.386117,99.6830978,43.9963989,1.83588,210.401001,63.7459984,38.5046005,200.6670074,71.1983032,41.171299,18.0
0.423195,69.3116989,0.581269,189.772995,59.0521011,5.62814,0.350556,54.3630981,0.34002,129.2709961,47.3350983,2.77547,212.1119995,65.6337967,38.1212997,203.2259979,77.5035019,40.6268005,0.0
0.713681,71.2027969,1.05187,166.6399994,45.1817017,4.21736,0.498064,72.2270966,0.886316,154.0480042,49.9529991,3.35396,220.3699951,68.5295029,39.7541008,202.6199951,85.3720016,44.1633987,9.0
1.22815,89.0180969,1.39511,208.1920013,44.1954002,5.5564799,1.3889101,88.7421036,1.44954,178.0939941,43.8017006,3.8464999,218.5549927,76.3153,39.4529991,205.4259949,88.6147995,42.4325981,0.0
1.15343,84.5710983,1.2325799,203.9530029,45.0222015,4.8990002,1.07941,79.6067963,1.07795,166.8329926,43.8190994,3.6206801,218.6880035,80.172699,39.2868004,212.326004,81.8416977,42.3390999,0.0
0.973706,79.8957977,1.42172,185.7230072,45.0587006,5.74683,0.770266,77.9947968,1.19046,159.3150024,43.9397011,3.81903,220.2279968,79.3434982,39.4594994,216.7059937,90.944397,42.8479996,9.0
0.732985,71.4321976,0.998626,167.3639984,45.2118988,4.1349902,0.539491,72.4313965,0.863907,155.0700073,49.9620018,3.3065701,220.154007,68.3532028,39.7327995,201.5800018,84.5317001,44.0942993,27.0
0.40947,67.4597015,0.552033,181.6060028,56.5667992,5.2620802,0.366132,53.531601,0.326937,126.8919983,45.3716011,2.7121401,211.7310028,65.1843033,38.6035995,201.8630066,76.4656982,41.2737999,0.0
0.509926,62.3028984,0.557212,149.5180054,45.7896004,3.46769,0.427314,57.4057999,0.518216,128.3159943,47.3125992,2.45451,206.727005,64.2247009,38.3633003,185.4069977,79.174202,40.3713989,18.0
0.296588,56.7206001,0.488258,136.1549988,43.7977982,3.2379899,0.267637,48.1464005,0.342184,106.2969971,44.4235992,2.0218899,210.9980011,63.7181015,38.5175018,197.4080048,69.5432968,41.2933006,27.0
0.320567,57.2237015,0.479283,135.8179932,43.9602013,3.181,0.278042,49.0497017,0.378717,108.4290009,44.5203018,2.0764501,210.4790039,63.5559998,38.5023994,193.9660034,71.3576965,41.3130989,27.0
0.305139,52.5130997,0.439903,123.4199982,39.2561989,2.8296001,0.250832,47.2042007,0.378662,102.7799988,44.1374016,1.89742,210.4389954,63.5049019,38.5068016,198.2599945,70.7409973,41.1950989,0.0
0.316365,52.0909004,0.494124,123.375,38.6488991,2.8722,0.236158,46.5727005,0.399316,100.8759995,44.0657005,1.87928,210.2740021,63.9813004,38.5000992,199.5460052,72.0363998,41.1605988,18.0
0.898797,78.3705978,0.89056,195.7870026,51.3904991,4.8083901,0.896198,75.3093033,0.860187,169.779007,50.5712013,3.5448799,217.4490051,72.4615021,39.6968994,203.8179932,79.7677994,42.9911995,27.0
1.15247,91.4085999,1.28212,216.5970001,47.3825989,6.3364902,1.2707601,88.2065964,1.53405,176.1410065,43.9776001,4.0426302,219.9019928,83.7174988,39.5181999,216.3049927,93.2855988,42.8053017,27.0
1.14134,85.8051987,1.22499,204.8200073,45.5317993,5.0339298,1.07449,80.3707962,1.12533,167.6470032,43.9053001,3.6789899,218.9230042,81.3315964,39.3121986,216.2480011,82.969902,42.5507011,0.0
0.247361,48.6675987,0.376984,115.5279999,35.8114014,2.74857,0.207651,44.4682999,0.312622,96.043602,43.8289986,1.73964,211.1809998,63.1736984,38.5307007,207.8110046,68.2970963,41.2181015,18.0
1.01414,86.1036987,1.45428,201.5169983,48.7467995,6.6575198,0.840134,79.8869019,1.26092,162.7230072,44.0900002,4.04529,220.9980011,83.174202,39.4858017,221.352005,92.2764969,42.8992004,9.0
1.23481,88.2770996,1.4105999,206.3280029,43.6991997,5.3977799,1.38965,88.1378021,1.4040101,177.5899963,43.7710991,3.7902901,218.279007,74.9505005,39.4295998,203.3650055,87.3581009,42.3474998,0.0
1.10265,90.569397,1.08013,220.8329926,48.3800011,6.1454401,1.17282,84.7432022,1.40566,172.8919983,44.0591011,3.93624,219.5529938,84.9964981,39.4681015,219.5579987,92.1434021,42.9202995,0.0
0.399988,77.2507019,0.550475,205.0099945,67.5943985,6.2413802,0.342739,54.411499,0.362388,128.1519928,45.9971008,2.8066599,211.871994,63.4572983,38.5775986,198.1940002,74.6889038,41.2314987,0.0
0.938707,76.0444031,1.27087,175.5850067,42.7896996,4.84829,0.737761,76.016098,1.07236,156.8630066,43.8772011,3.5090799,219.1329956,75.3883972,39.389801,209.7350006,89.0026016,42.6884995,0.0
0.925403,76.635498,1.1509,177.0630035,43.543499,4.7062702,0.735482,74.8563004,0.995765,156.0119934,43.9117012,3.41717,218.4380035,74.4553986,39.3153992,206.8379974,87.107399,42.4939003,27.0
0.291103,50.3606987,0.409085,116.4840012,37.1171989,2.5778699,0.244955,46.6302986,0.365252,100.9380035,43.9715996,1.81385,210.5,63.3451004,38.5125999,198.6759949,69.6580963,41.1796989,0.0
0.607733,65.4421005,0.7556,152.4519958,44.2496986,3.6745501,0.440355,63.4866982,0.721607,135.5630035,48.8223991,2.8556399,211.0010071,65.9048004,37.7322006,195.4400024,80.2444992,41.2840996,27.0
0.925199,72.0514984,1.38168,166.5039978,40.3468018,4.6416502,0.702454,76.058403,1.12204,155.447998,43.7235985,3.5401199,219.4960022,75.1162033,39.4426994,211.7980042,89.5969009,42.8367996,9.0
0.554162,69.1085968,0.595579,174.7319946,53.2902985,4.6789498,0.488467,59.3403015,0.514567,136.177002,47.7501984,2.7804201,208.2089996,66.1164017,38.4628983,191.0919952,79.8688965,40.6744003,9.0
1.18624,88.3534012,1.329,206.2969971,43.1437988,5.2986302,1.29644,86.0970001,1.33349,174.7460022,43.7414017,3.74599,218.102005,75.5074997,39.4147987,203.1300049,87.1498032,42.3274002,0.0
0.530172,61.0718994,0.743371,142.8339996,41.8951988,3.5801699,0.363083,57.0821991,0.687941,119.9779968,46.5624008,2.6229701,212.4819946,66.020401,37.9931984,201.7899933,77.8139038,40.773201,18.0
0.349706,66.0397034,0.522843,168.9660034,54.4902,4.6961899,0.304958,51.4098015,0.333103,118.2149963,45.1657982,2.44768,211.4530029,63.5383987,38.5555,198.4980011,73.2040024,41.3042984,18.0
0.942117,76.9602966,1.00665,180.602005,43.8983002,4.3869901,0.807617,73.6381989,0.885493,155.8410034,43.8492012,3.3040099,217.5449982,73.7058029,39.1987991,204.2319946,82.2394028,42.1778984,9.0
0.427524,61.4458008,0.54569,152.1150055,47.5561981,3.7409,0.359939,52.7899017,0.461722,119.3099976,44.8767014,2.3536201,208.7660065,64.2342987,38.4188995,188.8309937,77.6335983,40.7765007,18.0
1.15842,89.822403,1.21135,210.4640045,44.2621994,5.5163698,1.27428,86.1252975,1.35619,174.4570007,43.7928009,3.8155999,218.8789978,78.1230011,39.4438019,209.3500061,88.8814011,42.5297012,0.0
0.399067,57.5060997,0.598499,139.5749969,43.3456001,3.3507099,0.304776,50.2915001,0.457598,111.4589996,44.4924011,2.1549599,209.4129944,64.6961975,38.4611015,192.8329926,76.4141006,40.9874992,27.0
0.628214,65.5878983,0.880128,151.9920044,42.9287987,3.7639501,0.444907,63.8686981,0.781606,133.1049957,46.6383018,2.87344,217.1269989,66.9070969,39.4546013,199.1950073,81.7092972,43.2420998,9.0
0.745539,73.0557022,0.837186,176.1419983,48.0554008,4.20891,0.635603,73.1292038,0.816161,162.1609955,51.509201,3.4043901,219.2180023,68.0614014,39.7422981,200.0579987,81.9450989,42.8992996,18.0
0.318385,53.8651009,0.466491,127.9219971,40.5830002,2.9990699,0.255825,47.6347008,0.391447,104.072998,44.2324982,1.9519399,210.3370056,63.6853981,38.5021019,197.7850037,71.656601,41.1825981,0.0
1.14539,90.0494995,1.13034,211.947998,44.4690018,5.4142299,1.22386,84.584198,1.2876101,172.6560059,43.7769012,3.7951701,219.2879944,79.7651978,39.4283981,213.3829956,87.9576035,42.5976982,0.0
1.08227,88.1037979,1.18979,208.121994,47.8767014,5.73667,1.0265501,81.1695023,1.2047,167.6009979,44.098999,3.7605801,219.6649933,82.9122009,39.3903008,218.4499969,88.2554016,42.8235016,0.0
0.850038,76.3554001,0.869198,187.0910034,49.6156998,4.49616,0.783809,74.4055023,0.85099,166.6829987,51.5578995,3.5212901,219.5480042,70.5603027,39.7346001,203.0970001,81.0193024,42.9662018,9.0
0.839129,74.9643021,0.779303,190.1900024,52.3459015,4.9169202,0.760704,66.6420975,0.686443,154.5650024,50.4860001,3.2637899,212.4579926,71.032402,38.2266998,200.8439941,79.3556976,41.6856995,27.0
1.14571,90.2137985,1.15017,210.8880005,44.1124992,5.4498801,1.2503901,85.4110031,1.31915,173.5099945,43.7680016,3.80036,219.1199951,78.614502,39.4421997,211.326004,88.6352005,42.5764999,0.0
1.20112,85.9692001,1.29803,207.5619965,44.1475983,4.9754,1.1874501,81.8230972,1.14367,170.2019958,43.7226982,3.6594,218.5279999,78.4965973,39.3190002,207.9539948,82.5214996,42.2102013,0.0
0.371883,70.8767014,0.527157,181.5420074,59.6654015,5.1455898,0.322992,52.9543991,0.369687,122.3349991,45.5581017,2.5864899,211.2769928,63.514801,38.5513,195.0919952,73.7070007,41.3718987,18.0
0.531919,62.2198982,0.660348,147.9210052,44.3767014,3.47154,0.415382,57.1573982,0.542758,126.7949982,47.1796989,2.43436,207.5180054,65.1723022,38.4222984,188.4550018,79.7506027,40.6043015,27.0
0.352188,63.7877007,0.501426,156.4160004,51.0875015,4.0152702,0.305373,51.341301,0.387104,116.1200027,45.0657997,2.3510301,210.5559998,63.5196991,38.5130997,192.3410034,73.3311996,41.3992996,0.0
1.23724,89.143898,1.40599,208.503006,44.3480988,5.5962701,1.40657,89.2435989,1.47123,178.7380066,43.8097992,3.8649399,218.628006,76.5697021,39.4600983,205.8600006,88.8578033,42.4502983,0.0
0.978745,80.7080994,1.2990201,186.9519958,45.2762985,5.4767699,0.798955,77.6448975,1.12625,159.8560028,43.9933014,3.65224,219.6450043,78.384201,39.4150009,212.5820007,90.2137985,42.7445984,0.0
1.10123,92.0456009,1.26624,220.4490051,49.7140007,6.7627301,1.15695,86.1371994,1.48481,172.9859924,44.1007996,4.0820799,220.7689972,86.4835968,39.5279007,221.4790039,94.5020981,42.9664001,0.0
0.445629,75.0975037,0.557366,202.875,65.1787033,6.0824599,0.402905,55.710701,0.416261,131.5939941,45.9053001,2.88392,211.0980072,65.0736008,38.571701,197.1450043,75.8667984,41.1498985,9.0
0.846187,72.0820999,1.26717,168.6799927,43.0331001,4.36343,0.611128,76.1295013,1.0181201,159.3910065,49.0411987,3.5046899,223.6929932,71.2469025,40.6388016,208.7120056,87.1335983,43.7075005,9.0
0.883538,79.25,0.971193,189.0160065,48.7233009,4.6477299,0.760627,77.0591965,0.874488,165.5420074,49.4780998,3.45613,222.9210052,72.4260025,40.5304985,205.7640076,81.975502,43.3651009,9.0
0.273773,45.8030014,0.351906,102.2269974,32.7024002,2.1185999,0.235248,45.6801987,0.348454,97.6829987,43.5956001,1.6517299,210.3829956,63.1002007,38.5276985,198.697998,68.2302017,41.0780983,0.0
1.0187,87.5764008,1.57742,204.1549988,50.0237999,7.2752099,0.791645,79.870903,1.31279,162.2579956,44.1194,4.3262501,221.1940002,84.9784012,39.4976997,225.2460022,92.4608002,42.8739014,0.0
1.03547,79.4797974,1.08288,188.9320068,43.9845009,4.46731,0.939279,75.4263992,0.910169,159.8560028,43.7963982,3.3717501,217.6759949,75.1215973,39.2034988,205.1569977,80.5431976,42.1259003,27.0
0.797383,74.5576019,0.739572,190.3990021,53.2584991,4.9572701,0.729206,65.9878006,0.658198,153.9160004,50.5751991,3.2545099,212.4100037,70.1013031,38.2322006,200.0189972,79.0734024,41.6780014,27.0
0.372496,63.7685013,0.506992,159.1940002,51.2914009,4.1852999,0.317059,51.5693016,0.411424,116.3939972,45.0014992,2.3430901,210.3410034,63.9466019,38.5079994,193.9490051,73.7771988,41.1847992,0.0
1.1966,87.5895996,1.2606699,211.8939972,44.6898994,5.1580801,1.19635,82.7362976,1.1978101,171.3309937,43.7436981,3.73926,219.0110016,80.1673965,39.353199,211.4680023,84.0483017,42.3353004,0.0
1.21784,88.9009018,1.38185,207.8820038,44.0228004,5.5142002,1.3688,88.1964035,1.4266599,177.3849945,43.7927017,3.8273499,218.477005,76.0970993,39.4458008,204.9869995,88.3789978,42.4149017,0.0
0.304412,58.5451012,0.535601,139.5859985,45.1627007,3.19047,0.278511,48.6822014,0.359219,107.1179962,44.5223999,2.0406201,210.947998,64.0326996,38.4952011,194.2720032,69.302002,41.3446999,27.0
0.511492,74.7289963,0.582667,200.9880066,62.8821983,5.8949099,0.475268,59.0758018,0.450318,139.4620056,47.9501991,3.05426,210.6710052,65.7189026,38.0124016,197.0690002,77.9676971,40.3809013,0.0
0.411307,83.0122986,0.540127,225.1840057,74.7798004,6.9930501,0.359832,55.4109993,0.382637,131.5359955,46.4939003,2.9344201,212.3049927,64.3655014,38.6304016,199.6719971,73.072998,41.2919998,0.0
1.07862,91.3321991,1.16392,220.8659973,49.9608994,6.49755,1.1158299,84.2209015,1.38509,171.227005,44.1408005,3.9535201,220.6869965,85.6472015,39.4934998,221.6529999,93.2276001,42.9986992,27.0
0.242425,52.2072983,0.394218,127.3059998,39.8782005,3.1656699,0.207247,44.8110008,0.289463,98.4497986,44.1241989,1.87749,211.2510071,63.2496986,38.539299,206.1580048,68.736702,41.2470016,18.0
1.03687,80.1317978,1.09953,189.8699951,44.3209991,4.56637,0.929681,75.933403,0.94419,160.3789978,43.838501,3.41502,217.9029999,76.2170029,39.2247009,207.1649933,81.4412003,42.228199,0.0
1.18543,89.6015015,1.30594,209.9519958,44.4640999,5.6215901,1.32286,87.5399017,1.4206899,176.2570038,43.8160019,3.85186,218.7539978,77.6676025,39.4561996,207.6349945,89.3317032,42.5019989,0.0
0.264211,53.4397011,0.415883,129.8939972,40.9552002,3.20785,0.231578,46.1105003,0.306093,101.6689987,44.214901,1.93074,211.2120056,63.3391991,38.5371017,204.0220032,69.1112976,41.2485008,0.0
0.733819,71.9203033,0.907483,169.272995,46.0307999,4.1002898,0.569044,72.3481979,0.823391,155.9470062,50.0413017,3.25492,219.7879944,68.0777969,39.6968994,199.9080048,83.1451035,43.9826012,27.0
0.657319,74.1106033,0.68769,190.0839996,56.0074997,5.1644301,0.619164,64.3440018,0.576752,148.2579956,49.5674019,3.1388199,209.2709961,67.9764023,37.7244987,198.2920074,79.4962006,41.0139999,27.0
1.12967,91.8264008,1.29848,218.5200043,48.6626015,6.6359,1.2131799,87.5391998,1.53818,174.8110046,44.0449982,4.0996799,220.378006,85.8006973,39.5321999,219.3919983,94.3638992,42.9001007,0.0
0.383265,63.1105995,0.517106,157.5650024,50.3871994,4.1082802,0.322943,51.671299,0.423653,116.4940033,44.9473,2.33448,210.0809937,64.0688019,38.4944,193.5079956,74.4925995,41.1040993,0.0
0.776978,73.9234009,1.1311899,175.076004,46.4762993,4.54245,0.544372,75.1139984,0.936092,159.3910065,49.3711014,3.49189,223.3159943,69.5966034,40.6049004,206.4100037,85.2779007,43.5113983,9.0
0.359818,53.5320015,0.605017,127.8119965,39.5512009,3.0071599,0.250157,47.5432014,0.439769,103.3440018,44.1357994,1.95823,209.8990021,64.8914032,38.489399,197.1970062,74.6037979,41.1183014,18.0
1.1249599,87.8988037,1.19208,208.9120026,46.5535011,5.38375,1.0951,81.8774033,1.2156,169.3999939,44.0046997,3.77227,219.2870026,82.848999,39.3639984,219.7700043,85.7391968,42.7868996,9.0
0.361234,65.7710037,0.520182,171.8320007,54.4393997,4.8671498,0.317961,51.7318993,0.313858,120.4369965,45.1853981,2.51876,211.6239929,64.0355988,38.577301,201.0010071,74.1356964,41.2770004,0.0
1.18328,88.0894012,1.24725,209.6490021,43.9875984,5.1838102,1.22448,83.7101974,1.23237,172.1609955,43.7369995,3.7312,218.7319946,78.461998,39.3773003,209.0269928,85.256897,42.3614998,0.0
1.20662,88.7061005,1.36721,207.322998,43.7439003,5.44699,1.34508,87.5122986,1.3964601,176.5180054,43.7778015,3.80003,218.348999,75.7696991,39.4356995,204.2510071,87.9953995,42.385601,0.0
0.37799,69.6415024,0.542162,182.4420013,58.8027992,5.3113899,0.323929,52.7364006,0.333873,122.9899979,45.4267998,2.6093099,211.7109985,63.6455994,38.5730019,199.4340057,74.7455978,41.2658997,0.0
1.07228,80.743103,1.12905,192.576004,44.1489983,4.5619102,0.983717,76.5282974,0.948157,161.7740021,43.7952995,3.4277899,217.875,76.2279968,39.222599,206.4490051,80.6613007,42.1624985,27.0
0.414284,73.6026993,0.570717,197.75,63.7602997,6.0165901,0.346964,54.1193008,0.341429,127.9029999,45.6842003,2.7791901,212.121994,63.948101,38.5918999,200.7369995,76.8270035,41.1926003,9.0
0.282658,57.2391014,0.442945,142.5740051,45.0713005,3.6893201,0.251879,47.5373001,0.297724,106.7910004,44.5247002,2.10572,211.3269958,63.473999,38.5479012,202.871994,70.2846985,41.2687988,27.0
1.06215,91.9552002,1.54581,216.7480011,52.0158997,7.6855798,0.92005,82.759903,1.41134,166.8119965,44.1949005,4.36484,221.6790009,88.4052963,39.5315018,227.0449982,94.2833023,42.9651985,0.0
0.692378,70.0966034,1.00957,163.9570007,45.4464989,4.0736499,0.502525,70.9152985,0.847996,148.0220032,50.6544991,3.1918099,218.9900055,67.8506012,39.4071007,200.6080017,83.2105026,44.7823982,9.0
1.19345,85.2442017,1.28255,206.8600006,44.4614983,4.9200702,1.15293,80.8153,1.10622,168.9080048,43.7360992,3.6382301,218.5930023,79.1417999,39.2986984,209.1239929,81.7783966,42.2047997,0.0
0.967024,80.5714035,1.50824,187.2259979,45.8446999,6.1301198,0.725911,77.9343033,1.2345999,158.6609955,43.9529991,3.98947,220.3679962,80.5578995,39.4684982,219.2369995,91.2491989,42.8368988,0.0
1.08588,92.3033981,1.35865,220.3549957,50.7957993,7.0926099,1.08788,85.3560028,1.47181,171.2359924,44.1501007,4.1520801,221.3339996,87.4737015,39.5410995,223.6750031,95.0103989,43.0105019,9.0
1.1296901,88.8897018,1.15121,213.3930054,46.7761993,5.5769701,1.13974,82.9772034,1.27288,170.8899994,43.9726982,3.8181901,219.3890076,83.2996979,39.3972015,218.673996,87.5089035,42.7605019,9.0
0.753215,75.1927032,0.712959,193.095993,54.9636002,5.0397801,0.671365,66.2875977,0.626563,154.5460052,52.3550987,3.2764101,212.7920074,68.6165009,37.3154984,199.1940002,79.1705017,41.263401,27.0
0.241101,52.9271011,0.395569,129.8600006,40.7033005,3.26285,0.207529,44.8991013,0.282461,99.0742035,44.1861,1.9098901,211.2769928,63.2649994,38.542099,205.9759979,68.8594971,41.2514,18.0
0.602401,63.2192993,0.887619,147.4129944,41.7090988,3.76121,0.403922,60.2088013,0.760042,123.6839981,44.5521011,2.7345901,218.4320068,67.0632019,39.6901016,203.7339935,80.6688004,42.6699982,18.0
0.832663,76.884201,0.965155,182.4880066,47.8132019,4.47967,0.684406,76.0824966,0.864979,163.2220001,49.4752998,3.41172,222.779007,70.7894974,40.5365982,204.1799927,82.7694016,43.3456993,18.0
0.936151,79.1381989,0.935176,196.8970032,50.8423004,4.8295999,0.927124,75.9257965,0.890123,170.1609955,50.469799,3.56283,217.6300049,73.479599,39.7042999,205.0509949,80.0775986,43.0334015,27.0
0.24402,51.2728004,0.391187,124.0670013,38.8022995,3.04492,0.207303,44.7136002,0.29724,97.7362976,44.0456009,1.83813,211.2230072,63.2321014,38.5362015,206.4579926,68.593399,41.2402992,18.0
0.374933,58.4375,0.541491,142.5299988,44.9201012,3.5030301,0.297631,50.0699997,0.43358,111.1409988,44.5722008,2.1617301,209.8070068,64.2297974,38.4788017,194.0610046,74.7730026,41.0648994,27.0
0.33171,54.8069992,0.492907,131.0800018,41.4527016,3.1150401,0.261239,48.024601,0.404015,105.1750031,44.2938004,1.99283,210.2120056,63.8860016,38.4970016,197.1820068,72.5063019,41.1594009,0.0
1.1794699,88.2975998,1.2965,206.5939941,43.1052017,5.2371101,1.27245,85.3358002,1.29872,173.8399963,43.7288017,3.7292399,218.1750031,75.9464035,39.4043999,204.0619965,86.6500015,42.3264008,0.0
0.636876,69.6239014,0.764169,163.625,47.0460014,3.8646801,0.51443,70.2817001,0.724437,150.0590057,53.2112999,3.0633299,218.3099976,66.1956024,38.1851006,195.1049957,81.1977005,43.0845985,27.0
0.426465,78.9399033,0.579815,211.8209991,69.7781982,6.6009998,0.358599,55.0962982,0.355385,131.6719971,46.1638985,2.9460199,212.0370026,63.3829002,38.5493011,199.0610046,77.4738998,41.0247993,9.0
0.78874,74.8955002,0.981838,177.470993,47.1478996,4.3694501,0.613218,75.2785034,0.864997,161.2220001,49.4704018,3.3940599,222.7669983,69.3834,40.5503006,203.5209961,83.3976974,43.3527985,27.0
1.0518301,88.7258987,1.22305,208.9810028,49.1542015,6.15553,0.973817,80.8702011,1.20908,166.3329926,44.1646004,3.78422,220.3130035,82.9623032,39.4306984,217.4369965,90.8911972,42.8474998,27.0
1.0858999,92.1480026,1.25788,221.3070068,50.3478012,6.8195701,1.1246099,85.3237991,1.44811,171.8970032,44.1366997,4.0605102,221.0809937,86.5279007,39.5262985,222.4909973,94.4792023,43.0054016,0.0
1.19981,89.6108017,1.3401999,209.9299927,44.5915985,5.6665702,1.34794,88.2372971,1.45031,177.1519928,43.8246994,3.87239,218.7799988,77.6691971,39.463501,207.503006,89.5371017,42.5052986,0.0
0.617083,70.3697968,0.621777,175.1210022,51.9334984,4.47856,0.552875,63.7345009,0.578006,144.9550018,51.3190002,2.93997,210.1840057,66.8231964,37.8814011,194.0050049,79.3907013,42.2929001,9.0
1.1324,90.6526031,1.12652,214.7079926,45.7756996,5.7697401,1.23783,85.7500992,1.37779,173.8589935,43.8788986,3.87621,219.4179993,81.2450027,39.4612007,214.7440033,90.3940964,42.7102013,9.0
0.44025,78.2291031,0.559139,213.348999,69.1978989,6.5613799,0.393009,55.8188019,0.398779,132.6320038,46.1217995,2.9486301,211.6470032,64.9151993,38.5984993,198.9120026,75.4083023,41.1907997,9.0
0.906491,75.9326019,0.92572,185.647995,46.9113007,4.5464101,0.884306,73.1059036,0.887302,162.0950012,46.2044983,3.5272,217.7700043,72.7938995,38.9113998,204.7660065,81.5195007,42.9420013,0.0
0.344843,53.2883987,0.564443,127.0559998,39.5321999,2.9867799,0.245984,47.2678986,0.426041,102.6790009,44.1314011,1.93884,210.0189972,64.5442963,38.4921989,197.8430023,73.7343979,41.1307983,18.0
0.310862,57.3564987,0.506665,135.4089966,43.9080009,3.0785899,0.277807,48.8051987,0.36948,107.4649963,44.4875984,2.0422101,210.6470032,63.7765007,38.4962997,193.3820038,70.2628021,41.3436012,27.0
1.0751899,81.5780029,1.14516,194.0169983,44.5539017,4.6712699,0.97697,77.0983963,0.984625,162.4389954,43.841301,3.4781001,218.1340027,77.5197983,39.2443008,208.927002,81.5112,42.2770996,0.0
0.876276,78.2093964,1.02323,184.9360046,47.5702019,4.6224098,0.725875,76.8282013,0.905393,164.1300049,49.3914986,3.4605701,223.0240021,72.3691025,40.5475998,205.9199982,83.5986023,43.4278984,18.0
1.16741,88.1539001,1.2035201,212.6060028,45.6752014,5.3091898,1.1618,82.6109009,1.22127,170.8690033,43.8484001,3.77683,219.2720032,82.0930023,39.3675003,215.9680023,85.2154007,42.544899,0.0
0.293073,56.7380981,0.469089,137.8480072,44.1111984,3.39131,0.262195,47.9667015,0.329309,106.4599991,44.4473,2.0460999,211.1150055,63.5658989,38.5292015,199.5110016,69.8402023,41.2807007,27.0
0.55264,73.3401031,0.614497,195.6100006,59.9253998,5.6134601,0.521207,60.216301,0.47742,142.1089935,47.8825989,3.09304,210.3200073,66.5438995,37.9902,196.3150024,79.5942993,40.3367996,27.0
1.11517,91.5963974,1.1986001,219.4250031,48.4864998,6.4396601,1.20496,86.4793015,1.47768,174.0549927,44.0388985,4.02109,220.1889954,85.1087036,39.5089989,219.1360016,93.5468979,42.8950996,27.0
1.1598099,89.0688019,1.16878,212.9499969,45.1978989,5.3814201,1.1964099,83.6420975,1.2587301,171.9109955,43.8172989,3.7913201,219.2590027,81.1062012,39.3969994,214.5559998,86.6171036,42.5586014,0.0
1.0534199,83.360199,1.16345,195.1679993,45.6819,5.0342202,0.938723,78.0140991,1.0521801,163.0670013,43.9828987,3.5619299,218.6230011,79.2319031,39.2984009,212.5579987,84.544899,42.5387001,9.0
0.248895,46.8031998,0.36511,109.9440002,33.6599007,2.58442,0.206788,44.2697983,0.319841,94.884903,43.6679001,1.67577,211.2140045,63.1222,38.5287018,209.6940002,68.2090988,41.2053986,18.0
1.10826,82.8628998,1.18379,197.923996,44.7612991,4.7659998,1.0190901,78.1540985,1.0232199,164.2830048,43.839901,3.5371699,218.3549957,78.6847992,39.2621994,210.5319977,81.6195984,42.3171005,0.0
1.09565,91.9177017,1.44233,218.1269989,50.4963989,7.2093501,1.0703,85.8162003,1.52084,171.2630005,44.1328011,4.2347999,221.1580048,88.3500977,39.549099,223.7019958,95.3480988,42.9846001,0.0
1.17676,88.3635025,1.25647,208.0529938,43.4734993,5.2104998,1.24812,84.5468979,1.26494,172.9600067,43.7299995,3.72943,218.4859924,77.0988007,39.3945007,206.7290039,86.1279984,42.3596992,0.0
0.265604,52.0439987,0.410411,124.7030029,39.3434982,2.9916699,0.232722,46.0029984,0.316634,100.6819992,44.0968018,1.87029,211.125,63.3296013,38.5318985,203.5879974,68.7754974,41.2332001,0.0
0.400277,68.0220032,0.576275,183.6620026,56.6052017,5.2858601,0.346255,53.5447006,0.323632,129.621994,47.4011993,2.81199,211.4750061,65.5710983,38.0950012,201.8699951,77.0955963,40.6013985,27.0
0.805428,73.7710037,0.768021,184.7660065,51.1036987,4.7090702,0.711889,66.3380966,0.677807,152.875,50.4263,3.18169,212.1900024,70.3788986,38.2106018,199.2890015,79.7847977,41.655899,0.0
0.417777,80.6279984,0.534655,218.0659943,71.8401031,6.6937299,0.369893,55.4110985,0.399145,130.8190002,46.2960014,2.8869801,211.871994,64.7870026,38.6146011,198.6900024,73.2236023,41.2622986,0.0
1.15467,90.5271988,1.21606,213.3800049,45.5376015,5.8299899,1.28239,87.0697021,1.4302,175.3899994,43.8717003,3.90169,219.2599945,80.2317963,39.4734993,212.2050018,90.7359009,42.6497993,9.0
1.1258,91.1013031,1.15547,217.4550018,47.1824989,6.1131701,1.232,86.3598022,1.44251,174.3569946,43.9664001,3.9537101,219.7250061,83.2826004,39.4864006,216.7819977,92.1669006,42.8061981,0.0
0.262242,54.3790016,0.416735,133.5599976,42.0643005,3.36373,0.230408,46.1603012,0.295888,102.3939972,44.2975006,1.9755,211.2700043,63.3488007,38.5419006,204.3350067,69.3520966,41.2555008,0.0
0.363799,58.7938004,0.519275,143.5079956,45.5349998,3.5555201,0.294171,49.964901,0.421757,110.9919968,44.6053009,2.1631601,210.0090027,64.0459976,38.4883995,194.5879974,73.9957962,41.1128006,27.0
0.956668,77.1109009,0.999701,181.8500061,43.7979012,4.3327098,0.836819,73.5574036,0.864497,156.1809998,43.8181992,3.2886801,217.4219971,73.4738007,39.1814003,203.5549927,81.1535034,42.1081009,0.0
1.0716701,91.9878998,1.49586,217.7940063,51.532299,7.48592,0.979292,83.9132996,1.4489,168.4830017,44.1763,4.2880001,221.572998,88.4830017,39.5402985,225.8139954,94.8408966,42.9916992,0.0
0.341959,61.493,0.503064,145.0140076,47.6239014,3.5211699,0.29684,51.0754013,0.37653,115.7129974,45.032299,2.34707,210.0130005,63.218399,38.4817009,188.2259979,74.2900009,41.6781006,0.0
0.384851,55.5721016,0.617707,133.7749939,41.3907013,3.1790199,0.279267,49.0404015,0.453542,107.6839981,44.3126984,2.0626199,209.6439972,64.9266968,38.4763985,194.8339996,75.7882004,41.0588989,9.0
1.10918,91.8416977,1.42931,217.8410034,49.9730988,7.0921402,1.10998,86.6694031,1.5529701,172.5050049,44.1100006,4.2226801,220.9470062,88.1112976,39.5521011,222.6450043,95.4337006,42.9695015,0.0
1.24599,88.4905014,1.4192899,206.8690033,43.925499,5.4534602,1.41371,88.7973022,1.43178,178.4459991,43.7825012,3.81481,218.3919983,75.3034973,39.4393005,204.0870056,87.7072983,42.3753014,0.0
0.565285,61.9407005,0.797899,144.6210022,41.9319,3.65764,0.381589,58.196701,0.723753,121.9309998,46.5766983,2.69661,212.5249939,66.517601,38.0042992,202.0200043,78.8753967,40.7849998,18.0
0.357708,67.7447968,0.530212,173.2610016,56.2919006,4.8507199,0.310691,51.9581985,0.344647,119.6449966,45.2929993,2.49523,211.4140015,63.4443016,38.551899,197.2330017,73.4712982,41.3212013,18.0
0.468924,73.210701,0.581498,201.8659973,63.3694,6.0502601,0.41747,56.8997993,0.395429,135.6670074,47.782299,3.01001,211.5189972,65.6006012,38.0806999,200.6620026,77.7926025,40.5311012,0.0
0.881398,74.1315002,1.09903,171.4869995,42.7280006,4.41186,0.684364,73.4002991,0.949733,153.4519958,43.8596001,3.3369801,218.0859985,72.4363022,39.2817001,205.0149994,86.1334991,42.4033012,27.0
0.429284,56.5102005,0.649078,133.0610046,40.1367989,3.1045899,0.333694,51.2664986,0.502919,109.6869965,43.4524002,2.0627799,211.5220032,64.0077972,38.7710991,197.3029938,75.9701004,41.0113983,18.0
0.967872,79.9878006,1.18469,184.5670013,44.9552994,5.1043801,0.789697,76.3186035,1.03995,158.7299957,43.9950981,3.50564,218.7380066,76.7898026,39.3414001,208.4210052,88.1481018,42.5569992,27.0
0.343202,64.7703018,0.513706,165.9019928,53.1603012,4.5887699,0.300847,50.9866982,0.323444,117.2060013,45.0792999,2.4160199,211.477005,63.6310005,38.5592003,199.5579987,72.9978027,41.2937012,18.0
0.556284,73.0814972,0.602,190.5050049,58.5209999,5.3601599,0.516348,60.4902,0.493708,140.427002,47.7991982,2.97525,210.0039978,66.1276016,37.9499016,194.5149994,79.2985001,40.2300987,0.0
0.386787,58.0270004,0.567217,141.2550049,44.2066002,3.43401,0.301534,50.1959,0.445513,111.3470001,44.5369987,2.1600001,209.6009979,64.4364014,38.4690018,193.4129944,75.5893021,41.0214005,27.0
1.08503,85.0752029,1.1944799,199.5090027,45.9944992,5.1253099,0.991283,79.3128967,1.10024,165.3209991,44.0055008,3.6356201,218.8659973,80.6325989,39.3151016,215.8860016,84.4144974,42.6498985,9.0
0.246076,50.1890984,0.386277,120.3949966,37.5488014,2.9115601,0.208115,44.6381989,0.305028,97.0566025,43.9555016,1.79573,211.1970062,63.2113991,38.5332985,206.871994,68.4526978,41.2310982,18.0
0.997702,78.1738968,1.03457,185.3549957,43.7951012,4.3669701,0.895628,74.302597,0.87158,157.9069977,43.792099,3.3144,217.4660034,73.928299,39.1831017,203.7140045,80.3869019,42.0788002,27.0
1.11378,90.9708023,1.11725,218.9060059,47.7102013,6.1343498,1.2046,85.6159973,1.42386,173.6069946,44.0023994,3.94541,219.7389984,84.1380997,39.4791985,218.1719971,92.1880035,42.8548012,0.0
0.805098,74.7696991,1.25503,176.8130035,46.3900986,4.85356,0.545415,75.7148972,1.01448,159.223999,49.2705994,3.61408,223.7859955,71.5495987,40.6380997,209.6190033,86.8394012,43.6306,0.0
0.900271,73.1399994,1.2263401,168.75,41.5136986,4.4456801,0.686887,74.5870972,1.0237401,154.4100037,43.8144989,3.4078801,218.7149963,73.0923996,39.3582993,207.5500031,87.9380035,42.6105003,0.0
0.267071,50.0461006,0.39671,117.4410019,37.1222992,2.6949799,0.234346,45.8711014,0.327325,99.5105972,43.9310989,1.7912199,210.970993,63.2999992,38.5279007,202.5619965,68.3500977,41.1977005,0.0
1.13894,91.107399,1.19916,216.3480072,46.8431015,6.1097102,1.25665,87.0678024,1.46532,175.1329956,43.9462013,3.9655299,219.6719971,82.6512985,39.4928017,215.5650024,92.1876984,42.7695007,0.0
0.393754,71.2498016,0.517705,184.6049957,60.1887016,5.27142,0.344143,53.5508003,0.405375,123.4369965,45.5653992,2.59817,210.9140015,64.2353973,38.5472984,195.1060028,73.7344971,41.2372017,18.0
0.433839,68.0501022,0.54159,176.2160034,55.9768982,4.85921,0.383177,54.3232002,0.441034,125.3659973,45.3647003,2.60638,209.9730072,64.5898972,38.4976006,192.8200073,76.4562988,40.9990005,0.0
0.977872,79.2492981,1.0843199,185.0549927,44.5806999,4.6927299,0.835094,75.3457031,0.960796,158.3410034,43.9179993,3.4112899,218.0659943,75.8721008,39.2543983,207.3410034,84.0912018,42.3571014,9.0
1.03843,87.3973007,1.22162,202.7050018,48.4869003,5.9916902,0.910664,79.449501,1.14555,164.3650055,44.1823006,3.70439,219.5549927,81.5631027,39.3951988,212.9279938,90.3725967,42.700901,27.0
0.490981,74.7651978,0.580186,204.0319977,64.149498,6.0716701,0.451434,58.1828995,0.426235,138.4230042,47.9625015,3.0759599,211.0200043,65.5934982,38.043499,198.5639954,77.714798,40.4532013,0.0
0.650451,69.9200974,0.709615,169.201004,48.5413017,4.1122799,0.579479,65.9281006,0.632315,147.5829926,51.4622002,2.9448099,215.7070007,67.4934006,39.1086998,195.1459961,80.9854965,43.1171989,9.0
0.835009,74.5898972,1.31317,175.6490021,45.4323997,4.8806601,0.574941,76.2070999,1.05312,159.3800049,49.155899,3.64711,223.973999,72.5748978,40.6506004,210.9530029,87.634903,43.7006989,0.0
1.1717499,89.6247025,1.26424,210.0119934,44.3134995,5.5623202,1.29796,86.8049011,1.38735,175.3309937,43.8036995,3.82974,218.7579956,77.7366028,39.4482994,208.0529938,89.0541,42.5033989,0.0
1.21864,86.9544983,1.29538,216.7310028,45.6198997,5.1076002,1.16362,81.5522003,1.15407,170.6410065,43.6959991,3.76881,219.647995,81.691597,39.3160019,214.2400055,82.2695007,42.2006989,0.0
1.05577,92.5590973,1.60472,216.7279968,52.8764,8.0130701,0.858599,81.6416016,1.3811899,165.3399963,44.2332001,4.53192,221.8059998,88.1326981,39.5229988,229.1640015,93.5819016,42.9169998,0.0
0.394369,68.5379028,0.548682,182.6589966,57.7910004,5.3365302,0.341033,53.0676994,0.325576,124.8030014,45.3774986,2.6568401,211.8289948,64.4511032,38.594799,201.2859955,75.7871017,41.2668991,9.0
0.756646,73.7614975,0.771074,179.0119934,49.5026016,4.2472401,0.656371,72.7950974,0.748752,163.8280029,53.9578018,3.40803,219.4459991,68.1849976,38.5499001,198.8589935,81.2128983,41.4048996,9.0
0.563424,63.7328987,0.705188,149.7980042,44.0924988,3.6443901,0.412149,60.6843987,0.673142,128.651001,46.8713989,2.7157199,211.8690033,65.3404999,37.9476013,196.5310059,79.3852997,40.6086006,27.0
1.1121,92.0438995,1.35313,219.1260071,49.7024994,6.9187298,1.1513799,86.8174973,1.5332299,173.302002,44.0966988,4.1577301,220.8179932,87.2203979,39.5432014,221.727005,95.0435028,42.9594994,9.0
0.833501,75.8282013,1.04496,178.8549957,46.5870018,4.4674501,0.655384,75.9992981,0.905594,161.9940033,49.3670006,3.43453,223.0180054,70.8072968,40.5634003,205.147995,84.3066025,43.4421005,27.0
1.0371701,91.5664978,1.29109,219.1970062,51.7612991,6.8188901,0.997261,82.350502,1.29251,167.4389954,44.2421989,3.9154501,222.4909973,84.4738998,39.5242996,223.3249969,93.7245026,43.0942993,0.0
1.16246,87.058197,1.2263,209.6309967,45.719799,5.1756701,1.12148,81.5100021,1.17409,169.4400024,43.8758011,3.7372799,219.1549988,82.0988007,39.3378983,216.5950012,83.8516006,42.5437012,0.0
0.443715,68.4406967,0.584192,190.4089966,58.5522003,5.7136598,0.368847,54.914299,0.352471,129.0540009,47.0770988,2.72894,212.7050018,66.1477966,38.1669998,205.1580048,77.8588028,40.6991997,0.0
0.53315,73.944397,0.59008,195.8040009,60.7429008,5.6286402,0.496422,59.8087006,0.472376,140.0070038,47.8783989,3.0150599,210.326004,65.891098,37.9807014,195.7160034,78.5578995,40.3054008,0.0
1.01246,85.3988037,1.31416,199.3370056,47.9081993,6.1014199,0.868431,79.389801,1.1869,162.9060059,44.1026993,3.7940199,220.3500061,81.3237991,39.4445,216.2290039,91.4478989,42.8255005,0.0
0.463831,58.5676003,0.662753,138.522995,41.6577988,3.2616799,0.357556,52.976799,0.512377,113.8359985,43.6040001,2.1529,211.2949982,64.2875977,38.7607994,195.2059937,77.2530975,40.9483986,9.0
0.589232,63.6679001,0.824193,148.8849945,42.5295982,3.70275,0.420976,60.9581985,0.726521,125.8529968,44.6603012,2.7111299,218.0829926,66.2404022,39.6674995,200.9559937,80.4872971,42.5959015,9.0
0.691876,70.1881027,0.942215,164.2570038,45.5233994,4.0014,0.530628,71.1912994,0.828861,149.1759949,50.6817017,3.1491101,218.7050018,67.4998016,39.3889999,199.4190063,82.8058014,44.7182007,27.0
0.386382,67.1931,0.538258,178.4109955,56.1619987,5.1457701,0.339903,52.7276993,0.31894,123.9499969,45.3087006,2.6255,211.7290039,64.5158005,38.5917015,201.4579926,75.4035034,41.2719994,9.0
0.762266,73.2844009,0.722447,184.7079926,51.9978981,4.7283802,0.679935,65.6745987,0.648888,152.1670074,50.5168991,3.16675,212.1089935,69.3314972,38.2132988,198.2460022,79.4134979,41.6371002,0.0
1.19547,88.5411987,1.34925,206.8110046,43.4514999,5.37888,1.32068,86.8271027,1.36668,175.6459961,43.7613983,3.77384,218.2220001,75.580101,39.4259987,203.6199951,87.6288986,42.3578987,0.0
1.1822799,90.3570023,1.30066,212.4019928,45.4416008,5.87187,1.3265001,88.3182983,1.48053,176.9470062,43.8712006,3.92923,219.1670074,79.6969986,39.4836998,210.6790009,90.8809967,42.6150017,9.0
0.51694,72.4243011,0.598378,198.345993,61.1319008,5.7578702,0.491471,58.780899,0.445518,140.7830048,47.9217987,3.1623499,210.5370026,66.2317963,38.0265999,197.7559967,79.0266037,40.4449997,27.0
0.353706,58.9132996,0.502255,143.5820007,45.8212013,3.5635099,0.290651,49.8366013,0.411048,110.7369995,44.6221008,2.1586001,210.1759949,63.8905983,38.4962006,194.904007,73.3255997,41.160099,27.0
0.344669,55.3189011,0.520423,132.845993,41.8292007,3.1756201,0.265945,48.3252983,0.416429,105.9670029,44.3218994,2.01948,210.0720062,64.1074982,38.4915009,196.5879974,73.3246002,41.1315994,0.0
1.12778,90.3609009,1.10581,215.6230011,46.2116013,5.7504001,1.20988,84.9391022,1.35256,173.048996,43.9067001,3.8671501,219.4499969,82.2358017,39.4473991,216.3179932,89.9272003,42.7405014,9.0
0.313239,60.7612,0.484483,152.6710052,48.7154007,4.0427699,0.278238,49.3209,0.315843,111.8170013,44.7792015,2.24403,211.345993,63.5727005,38.5488014,200.3869934,71.4608994,41.2896996,0.0
1.01393,84.9587021,1.20558,195.3509979,47.2961006,5.6795998,0.852947,78.0143967,1.0897599,162.0980072,44.1495018,3.6115501,218.9559937,79.6280975,39.3639984,209.4640045,89.5774994,42.5901985,27.0
0.28555,57.0270996,0.448732,141.1080017,44.7538986,3.6098499,0.253957,47.6292992,0.306994,106.5960007,44.4967003,2.08585,211.279007,63.4705009,38.5432014,202.1660004,70.1632996,41.270401,27.0
0.368731,67.2966003,0.53127,175.9859924,56.1637001,5.0406199,0.319961,52.1470985,0.322924,121.4189987,45.2743988,2.5524299,211.6640015,63.8830986,38.575901,200.3119965,74.417099,41.2751999,0.0
0.797341,74.6521988,0.849879,181.1649933,48.707901,4.3352299,0.708806,73.7558975,0.833016,164.3059998,51.5256996,3.4554901,219.3630066,69.3170013,39.7373009,201.4230042,81.5748978,42.9309998,9.0
0.33,52.8022003,0.527051,125.5559998,39.2304001,2.9414401,0.241102,46.9334984,0.412232,101.8300018,44.1077995,1.91201,210.1499939,64.237999,38.4959984,198.6519928,72.8567963,41.1464996,18.0
0.789145,75.7344971,0.902169,180.3809967,48.1515007,4.36058,0.645612,75.3919983,0.826031,162.4109955,49.5639,3.36445,222.5090027,69.3757019,40.5234985,202.3840027,81.9813004,43.2571983,18.0
1.0483299,91.5783005,1.42221,217.4859924,51.7577019,7.2574801,0.960554,82.598999,1.35347,167.1100006,44.2064018,4.1443,222.0140076,86.3812027,39.5297012,225.1959991,94.1567993,43.0276985,9.0
0.499011,70.8965988,0.591307,197.7460022,60.8893013,5.7220201,0.477013,57.9440994,0.431531,140.2160034,47.9599991,3.2358401,210.3560028,66.134903,38.0353012,198.0839996,78.9244995,40.5036011,27.0
0.556788,62.6749992,0.741355,146.9049988,43.0227013,3.6305699,0.392914,59.2420998,0.690242,124.9869995,46.7246017,2.6918399,212.2169952,65.7393036,37.9757996,199.2400055,78.9037018,40.703701,9.0
0.708403,71.319397,0.686832,177.3950043,50.6206017,4.4311399,0.615989,65.0110016,0.627094,149.8679962,50.4737015,3.05795,211.6909943,68.0286026,38.1910019,195.6690063,79.6688995,41.5730019,9.0
0.363721,69.135498,0.531159,176.5449982,57.7299995,4.9575701,0.315723,52.4107018,0.356627,120.7990036,45.4099007,2.5341799,211.3339996,63.412899,38.5486984,195.9389954,73.620903,41.3493004,18.0
1.12841,91.5683975,1.22952,218.3300018,48.0475998,6.4077501,1.22921,87.1401978,1.49968,174.8200073,44.0130997,4.0322499,220.0899963,84.6235962,39.5130997,218.1049957,93.4847031,42.8599014,27.0
0.338017,63.8250008,0.504363,163.798996,52.1753006,4.51824,0.298257,50.667099,0.314437,116.564003,45.0220985,2.3977399,211.4949951,63.7212982,38.5629005,200.4859924,72.8687973,41.2860985,18.0
