H3A_Al_0_2,H3A_Ca_0_2,H3A_Fe_0_2,H3A_K_0_2,H3A_Mg_0_2,H3A_P_0_2,H3A_Al_2_6,H3A_Ca_2_6,H3A_Fe_2_6,H3A_K_2_6,H3A_Mg_2_6,H3A_P_2_6,TOC_0_2,IC_0_2,TN_0_2,TOC_2_6,IC_2_6,TN_2_6,PhosphorusTreatment
84.0705032,1889.3699951,5.51052,64.1977005,63.8646011,5.2211099,85.3275986,1926.0500488,6.5466499,51.1439018,66.6735992,3.1159999,209.9250031,64.4203033,38.4864006,196.2599945,74.1621017,41.1062012,0.0
49.5483017,2068.6499023,4.7298698,61.7854996,66.4983978,2.9663301,50.2513008,2075.3100586,6.0799499,50.2738991,62.8368988,1.87453,221.6589966,88.4945984,39.5307999,227.2019958,94.2432022,42.9585991,0.0
79.4244995,1911.8399658,5.3101301,63.8289986,63.7476006,4.9632201,79.4685974,1941.0699463,6.35286,51.2750015,65.0758972,2.9196501,212.2630005,65.5047989,37.9734001,199.6640015,77.9804993,40.7159004,9.0
57.4617996,1999.4499512,4.4118199,62.5419998,58.5026016,3.2668099,56.6537018,2049.9899902,4.3186698,49.7509003,57.6899986,1.88253,214.0899963,71.7077026,38.9129982,203.1179962,79.8792038,41.4688988,27.0
65.572197,1973.2399902,4.7875099,62.7010002,60.5704002,3.7168801,64.9906006,2020.2199707,4.9741998,49.9967995,61.9497986,2.0646901,219.2519989,68.8851013,39.7314987,200.7700043,81.3703003,42.9014015,9.0
44.8737984,2089.1298828,4.1784501,61.3370018,61.3933983,1.94839,49.9836006,2087.0200195,5.4900799,50.1892014,57.1969986,1.44372,220.1340027,84.9720993,39.5365982,217.602005,94.1648026,42.8507996,0.0
62.6823997,1991.4699707,4.6498499,62.8633003,61.030899,3.6754501,61.9021988,2034.5400391,4.8954601,49.8181992,62.0904999,1.9844199,222.720993,71.1458969,40.5228004,204.223999,81.4011002,43.2985992,9.0
43.9748001,2069.5500488,3.7888501,60.7765999,54.7402,1.79592,48.4001007,2090.7800293,4.1841302,50.0358009,52.2476006,1.3056901,218.0579987,75.5210037,39.4081993,203.0070038,86.8336029,42.3114014,0.0
46.8129997,2054.6298828,3.82583,60.8975983,55.4375,2.38026,46.4681015,2082.5600586,3.72911,50.0033989,52.7246017,1.52781,218.4759979,78.8862991,39.2825012,209.0039978,81.3634033,42.2036018,0.0
45.9802017,2057.9899902,3.8006899,60.8778992,55.2510986,2.29181,45.9082985,2084.6999512,3.7278399,50.0026016,52.2071991,1.49976,218.5359955,78.922699,39.2956009,208.7890015,81.6899033,42.1987,0.0
47.7300987,2083.1398926,4.17943,61.2845001,60.1169014,2.4472001,50.2886009,2093.0800781,4.84551,50.1282997,59.3210983,1.4005899,219.7630005,83.4965973,39.4039001,219.4600067,88.7006989,42.8595009,0.0
58.3446999,2006.8399658,5.1223202,64.1622009,61.3438988,3.8353701,56.5592995,2043.8900146,4.91995,50.8186989,56.9538994,2.0979199,211.5099945,65.5835037,38.0957985,201.9029999,77.1604004,40.601799,27.0
51.6367989,2051.5200195,4.9714699,61.7655983,66.0981979,3.2794499,51.4967995,2060.9799805,6.0683298,50.2491989,63.5838013,1.92237,220.3269958,80.4272003,39.4665985,219.0540009,91.2143021,42.8311996,0.0
62.135601,2000.8000488,5.0520301,64.0643005,61.9668007,4.0159202,59.9448013,2041.8599854,5.0843601,50.7667999,59.5797997,2.0115399,211.8139954,65.4912033,38.0945015,201.4790039,77.6766968,40.5480003,0.0
49.0560989,2086.5800781,4.3899002,61.5587006,63.6766014,2.4893899,50.7953987,2085.9399414,5.4928598,50.2170982,60.7911987,1.50494,221.6629944,86.2095032,39.5294991,223.5850067,94.4336014,43.0559998,0.0
54.9398994,2022.8699951,4.11904,61.0696983,57.3147011,3.0693901,54.1057014,2062.1000977,4.1045499,50.026001,57.9085999,1.75719,217.7689972,75.4419022,39.2131004,206.1410065,81.4070969,42.1977005,0.0
55.0834007,2026.7700195,5.0542402,63.8764992,60.0640984,3.72913,54.7014008,2068.1599121,4.8632398,50.7092018,57.2986984,1.7618099,210.1349945,66.0824966,38.0313988,197.9349976,78.8630981,40.5191994,27.0
58.5500984,2006.5100098,4.1902099,61.0978012,57.6043015,3.32529,57.2784996,2049.1699219,4.1679902,50.0270004,58.9000015,1.87879,217.4219971,73.4738007,39.1814003,203.5549927,81.1535034,42.1081009,0.0
49.8964996,2067.4899902,4.73979,61.7038002,65.3415985,3.0033,49.9780998,2080.4299316,5.81214,50.2378998,63.3128014,1.77922,221.1920013,84.0963974,39.4939995,222.6699982,92.5962982,42.9136009,9.0
73.5549011,1937.0999756,5.2274098,64.3202972,63.9406013,4.6427999,73.3658981,1989.1400146,5.7795401,51.0285988,65.8991013,2.5406799,211.8789978,63.6441994,38.5845985,198.0859985,74.2070007,41.2589989,0.0
58.3815994,2015.8900146,4.5658598,61.3506012,60.8255997,3.4753599,57.3790016,2054.9199219,4.96907,50.0892982,62.8129005,1.88168,217.7749939,72.672699,39.240799,204.1049957,84.8059998,42.2965012,18.0
49.777401,2081.0800781,4.4667301,61.6315994,64.2514038,2.6171899,50.2457008,2089.7399902,5.4533701,50.2019005,61.846199,1.47177,223.5059967,84.9898987,39.5575981,225.1490021,94.4429016,43.2060013,0.0
66.9791031,1971.2399902,5.0769401,64.4310989,62.4930992,4.3917999,66.6761017,2008.0799561,5.4970198,51.0674019,59.8684006,2.43768,211.6940002,64.450798,38.5890007,201.4660034,75.1216965,41.2728996,9.0
84.0998001,1877.0799561,5.44698,64.3201981,63.9982986,5.2659602,88.7451019,1901.9499512,6.7158098,51.1787987,66.3640976,3.4528201,210.4550018,63.5432014,38.5042,195.0149994,71.2266006,41.2697983,27.0
65.4054031,1978.3499756,4.8677001,62.7523994,61.5405006,3.73788,64.6942978,2020.8199463,5.1888599,50.0228004,63.0377007,2.0537901,219.4960022,68.9669037,39.7596016,201.5469971,82.5541,42.9757996,18.0
78.9661026,1890.0799561,5.3021598,64.3220978,63.8389015,4.92133,81.9456024,1944.6099854,6.1534801,51.1170998,67.2779007,3.0901201,211.1369934,63.4838982,38.5433006,194.3119965,73.6856003,41.3974991,18.0
47.4143982,2092.2700195,4.17905,61.3813019,61.3269005,2.2056401,51.5540009,2083.1699219,5.2754102,50.200901,58.1777992,1.44511,220.3000031,85.5373993,39.5061989,220.0740051,93.6300964,42.9306984,27.0
44.9973984,2076.0700684,3.9201801,61.0581017,57.5099983,1.94303,50.4842987,2087.9599609,4.68186,50.0950012,54.1091995,1.3515,219.3430023,80.6648026,39.4658012,213.5469971,90.4991989,42.6801987,9.0
44.9846001,2072.0800781,3.88851,61.0307999,56.9776001,2.16872,47.9108009,2089.1599121,4.2586098,50.0503006,53.4794998,1.397,219.2769928,81.8307037,39.3792992,215.5209961,85.7954025,42.5517998,0.0
69.5227966,1967.6700439,5.2062402,64.2576981,63.3524017,4.3963099,66.2713013,2013.1899414,5.4253898,50.9602013,64.240097,2.2465601,211.7769928,64.8479004,38.6049004,199.1490021,74.9843979,41.2011986,9.0
64.1755981,1987.7900391,4.9531898,62.9701004,63.0,3.87169,63.2984009,2023.7299805,5.4314499,49.8642998,63.8170013,2.06689,222.7359924,69.171402,40.5491982,203.3029938,83.3022003,43.3414993,27.0
84.5607986,1885.7299805,5.5075998,64.2237015,63.9277,5.2719898,86.1420975,1921.7099609,6.6117802,51.1567001,66.736702,3.1712201,210.0299988,64.2248001,38.4902,196.7200012,73.5501022,41.1242981,0.0
79.1362,1914.8800049,5.3677101,63.8745995,63.9939003,4.9910798,79.2027969,1939.7900391,6.5462499,51.3082008,65.0838013,2.9465599,212.5160065,66.1238022,37.9963989,202.128006,77.8162003,40.7817001,18.0
68.2241974,1965.1500244,4.6986799,61.831501,60.4877014,3.848,66.4394989,2013.0699463,4.8474002,49.8655014,61.4248009,2.1953001,211.7109985,68.4119034,38.1896019,196.0090027,79.8996964,41.5816994,9.0
58.6178017,1994.5300293,4.4556098,62.5634995,58.6833,3.34711,57.7382011,2045.6099854,4.3719501,49.7467995,58.0155983,1.91473,214.0299988,71.0080032,38.9143982,202.3359985,79.700798,41.4438019,27.0
52.4490013,2047.0699463,5.0175099,61.7444992,65.884201,3.33079,52.1329994,2056.5700684,6.0469799,50.2363014,63.6170006,1.90405,219.9210052,77.9404984,39.4490013,216.0910034,90.5059967,42.803299,0.0
48.8193016,2086.5900879,4.3232398,61.4556007,62.2468987,2.5185599,50.4348984,2092.9399414,5.1954398,50.1777992,60.9547997,1.4367501,220.9920044,84.4676971,39.473999,221.0359955,92.2012024,42.9799004,27.0
87.1334,1874.7199707,5.5250702,64.5494995,64.2690964,5.7782102,86.293602,1916.4499512,7.1478601,51.4109993,65.8933029,3.3713601,211.3130035,63.1222992,38.5237999,212.7339935,68.5246964,41.2071991,18.0
81.1727982,1902.3699951,5.48211,64.2033005,63.1800003,4.9993901,81.9992981,1934.8100586,6.6321702,51.0962982,66.0654984,2.9388599,211.5529938,63.9440002,38.7722015,197.576004,75.7281036,41.0177002,18.0
42.4816017,2075.2199707,3.69191,60.7131996,53.8274994,1.48646,47.0402985,2093.5900879,4.0870399,50.0488014,52.0858994,1.293,218.220993,74.6956024,39.4243011,202.9600067,87.0942993,42.3298988,0.0
62.8320007,1990.3000488,5.02775,64.4007034,61.9135017,4.1523199,61.5159988,2027.8199463,5.1902699,51.030899,58.3714981,2.2488201,211.75,65.1104965,38.6030998,201.848999,76.3862991,41.2738991,0.0
71.5194016,1948.0100098,4.9568601,63.8110008,62.0005989,4.44558,68.7912979,1998.2900391,5.3010998,50.7272987,63.5228996,2.4086201,209.802002,65.1866989,37.9263992,193.1880035,78.134697,40.1736984,9.0
84.8996964,1881.5,5.49615,64.3466034,64.1292038,5.43326,88.2799988,1904.4300537,6.9130998,51.2216988,65.8262024,3.4374101,210.477005,63.4453011,38.5089989,199.2290039,70.3478012,41.1856995,0.0
44.6176987,2068.5500488,3.8266201,60.9921989,56.2752991,2.23701,45.4089012,2089.5200195,3.9201901,50.0057983,52.0895996,1.47478,219.647995,81.691597,39.3160019,214.2400055,82.2695007,42.2006989,0.0
56.7798996,2019.7600098,5.0450301,64.0509033,60.8218002,3.7577901,55.1478004,2056.3999023,4.8527098,50.7627983,56.7798004,1.92224,211.3950043,66.2901001,38.0937004,201.4750061,78.4400024,40.591301,27.0
58.4483986,2012.7900391,4.4200101,61.2597008,59.6582985,3.41816,57.4892998,2054.4199219,4.6847701,50.0652008,61.5965996,1.87515,217.628006,73.2939987,39.2158012,204.128006,83.4978027,42.2318001,9.0
47.8782005,2079.5400391,4.2059999,61.2727013,60.0772018,2.5143299,50.0643997,2095.9299316,4.8231201,50.1118011,59.8674011,1.40666,219.6109924,82.7854996,39.385601,218.3139954,88.0233002,42.8151016,0.0
57.8634987,2011.5300293,5.0835299,64.1277008,61.2244987,3.7995,55.9665985,2048.1699219,4.8811202,50.7989006,56.8328018,2.0355401,211.5650024,65.9019012,38.0985985,201.9779968,77.7329025,40.5997009,27.0
76.6529007,1927.5699463,5.3417802,63.8516006,63.9882011,4.83741,76.4252014,1951.1899414,6.4598598,51.293499,64.8154984,2.83639,212.572998,66.7496033,38.0103989,202.4199982,79.1194,40.7975006,18.0
45.4089012,2084.4399414,4.0141101,61.1778984,59.0149994,1.95978,50.8735008,2086.5500488,4.9818101,50.1422005,55.5486984,1.38131,219.6600037,82.6018982,39.4914017,215.5410004,92.123497,42.7677994,0.0
71.3463974,1951.3299561,5.22048,64.1504974,62.544899,4.4155898,68.4865036,2000.0400391,5.3320899,50.9617996,63.8628006,2.39414,210.4530029,64.9753036,38.5326004,194.7769928,76.5482025,41.0699997,9.0
78.0759964,1919.0,5.29492,63.8163986,63.7228012,4.8787899,77.9135971,1947.6700439,6.3039598,51.2672005,64.905098,2.85553,212.2850037,65.8251038,37.9808998,199.8399963,78.7277985,40.7219009,9.0
47.9255981,2093.3798828,4.2059398,61.4137993,61.6246986,2.2703099,51.6108017,2083.0900879,5.2796602,50.2103004,58.7435989,1.4509701,220.423996,85.808197,39.5035019,220.8580017,93.6549988,42.9631004,27.0
64.3862991,1976.6199951,4.61902,62.4743004,59.8876991,3.5451701,64.2120972,2022.9699707,4.75773,49.2254982,60.8599014,2.0262499,219.5370026,69.8404999,39.4271011,200.0690002,80.6781998,41.8027992,9.0
70.6682968,1949.1800537,4.83074,62.341301,60.7383003,4.0176301,68.8710022,2003.6700439,4.9854102,49.6511993,62.4542999,2.2845099,210.1360016,66.7941971,37.8778992,193.8000031,79.4423981,42.2844009,9.0
83.8864975,1899.9799805,5.4415998,64.4953003,64.185997,5.47931,85.6175003,1912.8599854,6.9907999,51.2644997,64.0294037,3.3631301,211.0679932,63.2784996,38.5299988,203.9459991,68.4714966,41.2136002,0.0
63.2490997,1984.8399658,4.73909,62.7018013,60.3889008,3.5829501,62.8268013,2030.5300293,4.92629,50.0075989,61.6908989,1.98602,219.4980011,69.8747025,39.7443008,202.2299957,81.8291016,42.9670982,9.0
46.6375008,2088.7800293,4.0488501,61.2509995,59.5250015,2.1155601,51.4877014,2083.4899902,4.9789701,50.1677017,56.4552994,1.40352,219.7250061,83.9901962,39.4786987,217.973999,92.1116028,42.8462982,0.0
45.5597992,2077.0300293,3.93607,61.0996017,57.8011017,2.0522799,50.5626984,2086.6201172,4.6519799,50.098999,54.4668007,1.36766,219.4440002,81.7649994,39.4532013,215.6679993,90.0991974,42.7272987,9.0
44.5460014,2063.7399902,3.75225,60.7653999,54.3190002,1.98779,46.5270004,2088.6999512,3.8355999,50.0084,51.6081009,1.38378,218.1060028,76.2434006,39.3471985,204.0829926,83.7813034,42.2022018,0.0
77.3955994,1908.2700195,5.2697401,64.3715973,63.7366982,4.8650699,80.4764023,1951.4300537,6.1476302,51.1175003,65.5374985,2.98334,211.3070068,63.4258995,38.5455017,196.2310028,73.3314972,41.3468018,18.0
80.3095016,1917.0600586,5.3153,64.5296021,63.7965012,5.2593498,81.4411011,1938.1199951,6.65031,51.2158012,63.0177002,3.0974901,211.3220062,63.4609985,38.5474014,203.0319977,70.183197,41.2675018,27.0
80.415802,1902.9799805,5.2989202,64.0839996,62.7874985,4.8010898,79.1035004,1953.8000488,5.6670198,51.0019989,65.325798,2.8103499,209.0469971,64.231102,38.4356003,189.845993,77.1355972,40.8418999,18.0
47.7006989,2086.9199219,4.1562099,61.3009987,60.1666985,2.38925,50.6268005,2089.8300781,4.88237,50.1497993,58.8484993,1.40367,219.8329926,84.1343994,39.4222984,220.0410004,89.5800018,42.8888016,0.0
75.8228989,1931.2600098,5.2855902,64.2416,63.8185997,4.6741199,73.2998962,1976.5899658,5.71767,50.9973984,66.4133987,2.59583,211.2879944,64.6996002,38.577301,196.8840027,73.971199,41.2081985,0.0
85.3515015,1884.9699707,5.5590501,64.2633972,64.1305008,5.4079599,86.5901031,1919.4899902,6.8403301,51.1986008,66.732399,3.2223201,210.1759949,64.2317963,38.4972,199.0619965,72.7037964,41.1506004,18.0
81.5746002,1909.4899902,5.36759,64.483902,63.9954987,5.2539601,83.9626999,1922.6500244,6.72788,51.2094994,63.7307014,3.2232201,211.1809998,63.4838982,38.5349998,201.1710052,69.7708969,41.2687988,27.0
43.3568001,2081.3601074,3.8935001,60.9958992,57.1212006,1.67682,49.1682014,2091.5400391,4.7448301,50.1069984,53.9271011,1.32829,219.1150055,79.4048996,39.4827003,210.1790009,90.7375031,42.5996017,9.0
80.2064972,1902.6400146,5.3270702,64.1932983,63.5421982,4.8761301,79.7212982,1949.5200195,5.91537,51.0404015,66.6858978,2.8709099,210.3000031,64.2435989,38.5110016,193.7169952,74.7218018,41.1104012,18.0
80.1360016,1906.4000244,5.3319101,64.4238968,63.8801994,5.0463901,83.7136002,1926.9300537,6.4776001,51.1596985,64.5882034,3.1761799,211.154007,63.5884018,38.5313988,197.3269958,71.2975006,41.328701,0.0
71.1951981,1950.7800293,4.9909902,63.843399,62.1828003,4.4400802,68.3828964,2000.0200195,5.3281798,50.7345009,63.6486015,2.39062,210.0709991,65.1384964,37.9491997,194.1080017,77.5789032,40.2318993,9.0
44.0904007,2067.6398926,3.7885001,60.7876015,54.7972984,1.84791,48.243,2090.5800781,4.14711,50.0285988,52.1057014,1.31642,218.1519928,75.9094009,39.4019012,203.9219971,86.5177994,42.3177986,0.0
76.5912018,1923.6600342,5.2616501,64.132103,62.8373985,4.64152,74.4921036,1973.2800293,5.5352502,50.9864006,65.0586014,2.6305101,209.9320068,64.536499,38.4943008,192.6549988,76.3911972,40.9940987,0.0
74.2404022,1937.8100586,5.0546398,62.9676018,62.9762001,4.3215699,73.1980972,1976.1199951,5.6754398,50.0474014,64.4299011,2.5380599,218.3739929,66.245697,38.1904984,195.3419952,81.2621994,43.1026001,27.0
68.1988983,1962.4499512,4.7732801,61.8548012,60.7991982,3.81934,67.4698029,2007.9100342,5.0150299,49.3973007,62.2817001,2.11533,219.4120026,68.0577011,38.5483017,198.6629944,81.2036972,41.3969002,9.0
44.3203011,2066.5,3.80527,60.9071007,55.6817017,2.0979199,46.3658981,2090.0600586,3.99265,50.0161018,51.8903999,1.40652,218.9259949,79.7173004,39.3582001,210.7749939,84.296402,42.3390007,0.0
51.6492996,2057.6398926,4.5784702,61.4071999,61.8284988,3.0613301,51.5080986,2089.25,5.2086101,50.1179008,63.6711006,1.61098,218.779007,76.9567032,39.3455009,208.576004,88.3098984,42.5662003,27.0
60.5703011,1997.3299561,4.22614,61.1123009,57.7552986,3.46457,59.0940018,2041.5400391,4.20187,50.0271988,59.3624992,1.9467601,217.2359924,72.4481964,39.1637993,202.2380066,80.9876022,42.0587006,0.0
79.4020004,1912.2600098,5.3137598,64.4409027,63.8258018,5.0380301,82.5136032,1933.2900391,6.44978,51.1623001,64.1035995,3.1159599,211.2330017,63.5657997,38.5381012,198.548996,71.3153,41.3102989,0.0
46.9035988,2071.9199219,4.0556698,61.0932007,58.2440987,2.3973501,49.6767998,2090.2199707,4.4675498,50.0503006,57.2033005,1.36411,219.1000061,82.1838989,39.331501,221.1269989,84.1724014,42.8476982,9.0
44.6839981,2065.8400879,3.84746,60.9654999,56.3891983,2.0364799,48.9984016,2089.6101074,4.3263202,50.0289001,52.7489014,1.35351,219.279007,79.8851013,39.4253998,213.4629974,87.8468018,42.5931015,0.0
60.8759003,2003.2099609,4.74226,62.8885994,61.7388992,3.60432,60.2417984,2042.3100586,5.11728,49.8493004,62.9137993,1.92997,222.8880005,71.4001007,40.5423012,204.9089966,83.1685028,43.3830986,18.0
65.3839035,1974.5500488,4.8829398,63.7578011,61.165699,4.1328602,62.7210007,2026.0500488,5.02035,50.696701,61.8320999,2.1903701,209.7949982,66.2714005,37.9291,193.7319946,79.7533035,40.1785011,0.0
49.1301994,2077.5800781,4.4633298,61.3795013,61.8703995,2.8374801,49.6459007,2106.4699707,5.2144899,50.1078987,63.862999,1.45716,219.1390076,80.7639999,39.3796005,210.2940063,90.3669968,42.6183014,27.0
81.2518005,1911.4899902,5.3522701,64.5003967,63.9407005,5.2646599,83.1706009,1927.8100586,6.7104301,51.2142982,63.5349998,3.18185,211.2350006,63.4578018,38.5393982,201.9839935,69.8927002,41.267601,27.0
43.3063011,2074.4199219,3.77301,60.7831001,54.7293015,1.64395,48.2113991,2092.0400391,4.2588501,50.0546989,52.4849014,1.29711,218.2420044,75.4702988,39.4283981,203.5700073,87.6678009,42.3591995,0.0
62.5404015,1984.0600586,4.6796799,62.6570015,59.5303993,3.5395401,62.1962013,2032.3199463,4.7343798,49.9850998,60.4519997,1.9742399,219.3860016,69.8209,39.7272987,202.0630035,80.7273026,42.924099,9.0
46.8199005,2084.9799805,4.46527,61.5931015,64.6977005,2.34958,50.0950012,2081.4299316,5.9915199,50.2397003,60.0172997,1.60387,220.8280029,87.9638977,39.5545006,222.0220032,95.4779968,42.9588013,0.0
51.9790001,2054.2900391,4.7887201,61.526001,63.2394981,3.1435299,51.5573006,2076.5900879,5.4946299,50.1603012,63.7145996,1.67426,219.1069946,75.0870972,39.3895988,209.572998,88.9240036,42.6894989,0.0
82.8856964,1880.3800049,5.39012,64.2493973,63.8340988,5.09448,85.3105011,1924.0500488,6.31564,51.1133995,67.4144974,3.1824,210.4060059,63.8390007,38.5098,193.9889984,73.4040985,41.2248993,0.0
45.771801,2089.3300781,4.2112899,61.3779984,61.7999992,2.0571599,50.4931984,2085.4599609,5.5016398,50.1963005,57.7458992,1.46179,220.2899933,85.5233994,39.5331993,218.7899933,94.2882004,42.8828011,0.0
68.3070984,1964.5899658,4.8508902,63.2094994,61.9258995,4.1950402,66.867897,2009.5799561,5.27633,50.8916016,63.4365005,2.3401699,219.5240021,68.035202,39.6691017,198.8769989,81.8145981,43.8937988,18.0
83.7202988,1887.4599609,5.4453902,64.1871033,63.6932983,5.1352701,85.0165024,1927.2399902,6.3473201,51.1113014,66.7093964,3.0917799,209.8769989,64.1936035,38.4822006,194.5169983,74.4520035,41.0835991,27.0
41.7714005,2080.0300293,3.7360301,60.8002014,54.8751984,1.41241,47.035099,2095.25,4.3464098,50.0746002,52.6105003,1.28901,218.6170044,76.4701004,39.4595985,205.7369995,88.7786026,42.4453011,0.0
44.1702003,2068.8601074,3.74753,60.6422997,53.648201,1.7853301,47.4786987,2089.8200684,3.94399,50.0195999,51.9379005,1.3020999,217.121994,73.5429001,39.3683014,196.7830048,84.8364029,42.0875015,0.0
82.4651031,1906.2700195,5.4092898,64.4448013,64.1341019,5.23002,85.9681015,1908.3199463,6.7870798,51.1898994,64.0320969,3.3364899,211.0070038,63.6288986,38.5214005,198.6390076,69.2633972,41.2691002,27.0
58.9970016,2003.1700439,4.9291801,63.8143005,60.6300011,3.8621099,56.797699,2053.4499512,4.8469701,50.6969986,59.8911018,1.97528,210.2740021,66.5345993,37.9838982,196.0500031,79.6134033,40.3194008,27.0
75.1830978,1937.1400146,5.2914701,64.3071976,64.3620987,4.6756001,72.6082001,1981.1600342,5.7723699,50.9833984,66.9079971,2.53754,212.2689972,64.6391983,38.6371002,199.5970001,72.6555023,41.3088989,0.0
85.7500992,1882.3499756,5.55549,64.2907028,64.169899,5.45964,87.1146011,1916.2900391,6.90028,51.213501,66.6771011,3.26982,210.2689972,64.0390015,38.5000992,199.7779999,72.0924988,41.1601982,18.0
78.8871002,1916.9200439,5.29954,64.4595032,63.7695007,5.0440202,81.5233994,1938.1999512,6.4393001,51.1677017,63.6391983,3.0724499,211.2890015,63.5579987,38.5433006,199.6869965,71.2612,41.2961998,0.0
41.8170013,2082.5500488,3.7997999,60.8863983,55.9255981,1.44434,47.4609985,2095.0400391,4.5697699,50.0945015,53.1883011,1.29888,218.8800049,77.9166031,39.4802017,207.7510071,89.9486008,42.524601,0.0
45.2759018,2075.6201172,3.9240301,61.0741005,57.6015015,1.99904,50.5583992,2087.3300781,4.6581898,50.0929985,54.1974983,1.35809,219.4060059,81.126503,39.4603004,214.6179962,90.3135986,42.7047997,9.0
62.9001999,1989.0500488,5.0254998,64.4106979,61.8639984,4.1739702,61.6638985,2026.2700195,5.21137,51.0382004,58.2918015,2.2757199,211.6840057,65.0552979,38.5993004,201.8240051,76.1175003,41.2723007,0.0
71.4585037,1947.1800537,4.9166002,63.7748985,61.7865982,4.4309301,68.7878036,1998.5300293,5.2581701,50.7174988,63.3184013,2.4103899,209.5399933,65.3377991,37.903801,192.3280029,78.802803,40.1142006,9.0
44.3408012,2077.9099121,3.9078801,61.0223007,57.263401,1.82882,50.0294991,2089.4399414,4.7017002,50.0988007,53.9618988,1.33933,219.1880035,79.8388977,39.4715996,211.5189972,90.5500031,42.6278992,9.0
57.0928001,2024.4200439,4.7044301,61.4364014,61.9491997,3.4498401,56.1351013,2057.8400879,5.23176,50.1170006,63.5265999,1.8487099,218.0970001,72.3955994,39.2834015,205.0440063,86.1812973,42.4076996,27.0
77.9382019,1921.0600586,5.3555799,63.8638992,63.9939995,4.9165201,77.8525009,1945.2900391,6.50594,51.3012009,64.9501038,2.89289,212.5440063,66.4399033,38.0033989,202.2899933,78.4662018,40.789299,18.0
86.4283981,1878.5899658,5.5422602,64.4001999,64.2621002,5.6293998,87.5518036,1910.5999756,7.0922298,51.2821999,66.0513992,3.40259,210.6450043,63.4221992,38.5130997,203.9629974,69.824501,41.1758003,18.0
49.6301994,2073.5400391,4.6373401,61.7080994,65.5279999,2.8473799,50.0161018,2082.7600098,5.8059902,50.2433014,62.6862984,1.7206399,221.8959961,86.6449966,39.5270004,225.4839935,94.0526962,43.0059013,9.0
56.3526001,2023.4100342,4.3750601,61.2422981,59.4808006,3.2697301,55.712101,2063.6201172,4.6468101,50.0643997,61.2543983,1.79412,217.845993,74.5673981,39.2350998,205.6860046,83.7752991,42.2929001,9.0
72.0730972,1944.1800537,4.85179,62.2448006,60.9995003,3.99524,70.5930023,1995.8199463,5.1091299,49.6435013,63.0862007,2.3343401,209.7960052,67.1787033,37.8526001,192.7929993,80.3891983,42.2537994,9.0
79.7347031,1892.0899658,5.32796,64.2856979,63.9873009,4.9259,81.183403,1944.5200195,6.1047101,51.0862999,67.8093033,3.0252399,211.0930023,63.8895988,38.5516014,194.7230072,73.4738998,41.3414993,18.0
80.4910965,1903.0200195,5.3081002,64.1127014,62.9813004,4.8276801,79.4148026,1952.3199463,5.7382898,51.0136986,65.6652985,2.8229899,209.4080048,64.2305984,38.4574013,191.0549927,76.4822998,40.9194984,18.0
67.9955978,1962.8800049,5.2748799,62.7126999,64.5779037,4.1641898,70.4001007,1980.5100098,6.5439701,50.0652008,63.9664993,2.67823,217.4539948,67.8001022,39.4805984,201.1089935,82.2466965,43.3046989,18.0
44.4207001,2065.1101074,3.7481501,60.7270012,54.0561981,1.9162,46.9178009,2089.1000977,3.8710101,50.0115013,51.6856003,1.35548,217.8470001,75.2136002,39.3563995,201.9100037,84.2117996,42.1791992,0.0
68.9251022,1970.7199707,5.1848202,64.2797012,63.4544983,4.3867898,66.177803,2018.3399658,5.4337702,50.9637985,64.1175995,2.1963301,212.0249939,64.4720993,38.607399,199.7109985,75.1501007,41.1931992,9.0
58.1461983,2000.0899658,4.5211501,61.3889999,58.4076004,3.3341401,57.9664001,2047.5400391,4.5367999,49.2881012,58.6814995,1.87501,217.371994,72.194603,39.6968994,203.1340027,80.358902,42.9922981,0.0
59.7298012,1998.3900146,4.8722901,63.7611008,60.5737,3.8673401,57.2817993,2050.1298828,4.8179102,50.6848984,60.3059998,2.00827,210.0299988,66.9244995,37.9561996,195.0670013,80.3478012,40.2494011,27.0
46.7585983,2089.8000488,4.2513099,61.4267998,62.2868004,2.17661,50.9068985,2084.1101074,5.5117698,50.2056999,58.4620018,1.48079,220.5050049,86.1004028,39.5298996,220.1900024,94.4178009,42.9241982,0.0
74.3901978,1938.2800293,5.19842,64.4731979,63.2998009,4.8288102,75.7321014,1967.5899658,6.09481,51.1371994,62.0886002,2.81269,211.4869995,63.7504005,38.5634995,201.0469971,72.6231003,41.2826996,18.0
46.8730011,2090.8200684,4.1549501,61.3483009,61.0311012,2.1416299,51.3945007,2083.8000488,5.2665801,50.1906013,57.6612015,1.4371001,220.197998,85.1488037,39.5085983,219.2230072,93.5514984,42.8983002,27.0
68.3562012,1965.7900391,5.1368799,63.8708992,63.5012016,4.0889902,68.3562012,1995.8199463,5.77672,50.6861992,64.1785965,2.4122801,218.7519989,67.5482025,39.3923988,199.6179962,82.8935013,44.7291985,27.0
52.0547981,2051.6201172,4.4169302,61.3035011,60.4383011,3.0171299,52.1548996,2087.1298828,4.8959198,50.0878983,62.3549004,1.61396,218.4949951,77.3534012,39.3050995,208.7819977,86.421402,42.4902992,0.0
54.4830017,2038.9799805,4.8435001,61.5247002,63.132,3.32724,53.7294006,2062.8400879,5.48913,50.1526985,63.7060013,1.77157,218.6360016,72.5894012,39.3516998,207.147995,87.7342987,42.5931015,0.0
78.3780975,1915.3599854,5.1623602,62.3922005,62.6539001,4.4116602,77.8136978,1956.1500244,5.8136301,49.7736015,64.7605972,2.7198501,207.5429993,64.8496017,38.4233017,188.3619995,79.292099,40.6083984,27.0
82.5774994,1892.1500244,5.3803902,64.1585007,63.4432983,5.0030398,82.9807968,1936.5100098,6.0773802,51.0667992,66.5025024,2.9851301,209.7449951,64.1677017,38.475399,192.8630066,75.242897,41.0299988,0.0
63.5172005,1989.4899902,4.7952499,62.9127998,61.9608994,3.7708001,62.7327003,2029.9200439,5.1603799,49.8410988,63.0898018,2.02458,222.6750031,70.1603012,40.5321999,203.4470062,82.4916992,43.3120003,18.0
50.1848984,2043.8199463,4.0001202,61.0205002,56.8083,2.7083199,50.0205994,2076.4699707,3.9971099,50.021801,55.9315987,1.60252,218.2740021,78.2692032,39.2556992,209.9640045,81.5771027,42.3039017,0.0
76.6798019,1922.3900146,5.2546,64.1065979,62.6330986,4.6255798,74.5698013,1973.2399902,5.4797101,50.9796982,64.748497,2.63118,209.6309967,64.5078964,38.4757996,191.6419983,76.9616013,40.9371986,0.0
48.574501,2063.1899414,4.1463199,61.1545982,58.6548996,2.61834,50.2005997,2090.5500488,4.4997401,50.0597,58.7546005,1.46245,218.845993,80.523201,39.3138008,215.5829926,84.4264984,42.6391983,9.0
83.7310028,1899.8199463,5.4569802,64.4694977,64.2071991,5.4761,86.1626968,1908.5200195,7.0198202,51.2625008,63.9133987,3.42958,210.9369965,63.2066994,38.5289993,203.4519958,68.1521988,41.1752014,0.0
76.9291992,1920.1800537,5.2498999,64.0814972,62.4622993,4.6173902,74.8082962,1972.3199463,5.4349198,50.9735985,64.5086975,2.64148,209.3070068,64.471199,38.4557991,190.5319977,77.5052032,40.8745003,0.0
83.2274017,1897.8800049,5.5756001,64.1781006,63.9742012,5.2125401,83.9207001,1932.9499512,6.64254,51.1562996,66.603302,3.05476,209.9019928,64.9606018,38.4902992,197.3509979,74.6480026,41.1217995,18.0
46.4668999,2060.3601074,3.89481,60.9878006,56.4679985,2.40608,46.8469009,2085.4699707,3.9386699,50.0181999,53.6924019,1.50077,218.8350067,80.685997,39.2961998,212.8789978,81.9888,42.3362007,0.0
44.1734009,2065.75,3.78912,60.8158989,54.9751015,1.91161,47.9698982,2090.4599609,4.1119299,50.0215988,51.9620018,1.33454,218.3849945,76.7242966,39.3958015,205.8800049,86.1990967,42.3454018,0.0
63.5251007,1990.0999756,5.0377302,63.9250984,61.7682991,4.10572,61.0255013,2036.6800537,5.1245298,50.7317009,61.3381996,2.0732801,210.8869934,65.5497971,38.0279999,197.7610016,77.5304031,40.4132996,0.0
80.2809982,1904.5999756,5.2889099,64.171402,62.9735985,4.8193698,80.4792023,1944.4000244,6.1177902,51.0205994,65.6203003,2.83531,211.1349945,64.1501007,38.7503014,193.5769958,77.4680023,40.8852005,27.0
57.7128983,2013.3100586,4.2843299,61.1724014,58.5559006,3.3146901,56.7733002,2055.1799316,4.4101,50.0451012,60.0987015,1.8470401,217.5980072,73.969101,39.2038994,204.595993,82.343399,42.1941986,9.0
43.6827011,2071.0200195,3.7290101,60.6778984,53.6743011,1.67994,47.5863991,2090.9399414,4.0026598,50.0306015,52.0139999,1.29919,217.6600037,73.6645966,39.3909988,199.496994,85.7587967,42.2014999,0.0
67.0988998,1971.1700439,5.0822601,64.4079971,62.6668015,4.3643899,66.819603,2011.1400146,5.46629,51.0527992,60.4291992,2.3907499,211.8130035,64.3402023,38.5918999,201.1269989,75.6154022,41.2663002,9.0
76.0233994,1928.2299805,5.2722101,64.1846008,63.2737999,4.65165,73.7419968,1975.6199951,5.6231399,50.9940987,65.6564026,2.6094999,210.5709991,64.6361008,38.5337982,194.7400055,75.2526016,41.1036987,0.0
44.9945984,2061.6699219,3.7688401,60.8302994,54.8317986,2.1375,45.8053017,2087.3500977,3.7649901,50.0040016,51.676899,1.44366,218.4450073,78.0653,39.3219986,207.2429962,82.6548996,42.2058983,0.0
86.6877975,1877.5,5.5301499,64.4804001,64.2690964,5.7192998,86.800499,1913.3100586,7.1436601,51.3460007,65.7641983,3.4114699,210.9720001,63.172699,38.5213013,208.526001,68.8078995,41.1795998,18.0
41.463501,2078.4899902,3.66869,60.726799,53.9762993,1.34305,46.3195992,2095.8500977,4.1504202,50.0603981,52.1500015,1.28336,218.4629974,75.5178986,39.4460983,204.5160065,87.9035034,42.3917007,0.0
67.1169968,1971.4899902,5.0834098,64.3964005,62.757,4.3519402,66.7991028,2013.5500488,5.4485202,51.0446014,60.7421989,2.35747,211.8860016,64.2490997,38.5932007,200.9839935,75.8804016,41.2574005,9.0
82.9628983,1907.1199951,5.37538,64.5516968,64.0159988,5.4720702,83.3833008,1929.0100098,6.8973098,51.2565002,63.5651016,3.201,211.2689972,63.3308983,38.5415993,204.651001,69.2446976,41.2538986,0.0
62.6689987,1995.4100342,5.0510402,63.9575005,61.7807007,4.0693102,60.3779984,2040.8499756,5.11374,50.7382011,60.8493996,2.0300701,211.1060028,65.4893036,38.0461998,198.6860046,77.4788971,40.4538002,0.0
58.398201,2005.5300293,5.1386199,64.1762009,61.3568993,3.84412,56.6296997,2042.6199951,4.9292798,50.8260994,56.9452019,2.11885,211.4819946,65.4817963,38.0951004,201.904007,76.9348984,40.6035995,27.0
59.543499,1999.9699707,4.9017901,63.7882004,60.6237984,3.87306,57.1903,2051.0300293,4.8374901,50.6912994,60.1561012,1.99793,210.1490021,66.6973038,37.9695015,195.5180054,79.9440994,40.2826996,27.0
76.2975998,1925.9599609,5.2669201,64.1579971,63.0446014,4.6467299,74.1295013,1974.4300537,5.5797501,50.990799,65.3448029,2.62042,210.246994,64.5864029,38.5138016,193.6970062,75.8305969,41.0499992,0.0
59.8223991,2003.1700439,4.3220901,61.1866989,58.7020988,3.4602399,58.6086006,2046.6500244,4.4417601,50.0451012,60.4939003,1.9231499,217.3869934,72.8210983,39.1847,203.0879974,82.1136017,42.1352005,9.0
80.4089966,1903.3000488,5.31494,64.1408997,63.1716995,4.8459301,79.5231018,1951.4499512,5.8003898,51.0233002,66.0001984,2.83497,209.7359924,64.2382965,38.4772987,192.1009979,75.8536987,40.9888,18.0
48.2683983,2075.8300781,4.2469602,61.273201,60.1451988,2.6066,49.9757004,2098.5600586,4.8313699,50.1007004,60.6460991,1.42733,219.3950043,81.9189987,39.3681984,216.253006,87.6894989,42.7453995,0.0
80.3125,1903.1400146,5.3218002,64.1688004,63.3683014,4.86303,79.6303024,1950.4300537,5.8627801,51.0325012,66.357399,2.8522601,210.0410004,64.2443008,38.4956017,193.0149994,75.2406998,41.0541,18.0
62.3454018,1998.5500488,5.05826,64.0046005,61.8903999,4.0476198,60.1889992,2042.4200439,5.1097202,50.7503014,60.3483009,2.0077,211.4210052,65.4029007,38.0676003,199.8959961,77.4916992,40.4961014,0.0
80.8358994,1914.0899658,5.3343601,64.5167999,63.8730011,5.2688699,82.3019028,1933.1700439,6.6858602,51.2167015,63.2862015,3.1384799,211.2839966,63.4496994,38.5437012,202.6439972,70.027298,41.2671013,27.0
46.3714981,2088.0600586,4.34443,61.4972,63.4045982,2.2056201,50.3016014,2083.6799316,5.7649002,50.2210999,59.0321007,1.53124,220.628006,86.9794998,39.5467987,220.7440033,95.0588989,42.9347,9.0
85.1565018,1879.5,5.49966,64.3231964,64.1016998,5.4151201,88.1616974,1907.2900391,6.8573098,51.2100983,66.259697,3.38551,210.4049988,63.5864983,38.5050011,198.7039948,71.0739975,41.1850014,0.0
46.4107018,2089.7199707,4.1401801,61.3249016,60.8414001,2.0889101,51.1913986,2084.5500488,5.26789,50.1836014,57.3078995,1.4311,220.1309967,84.8246994,39.5113983,218.529007,93.5115967,42.8739014,27.0
44.3182983,2066.7199707,3.7464001,60.6884003,53.8330002,1.85365,47.2097015,2089.3999023,3.9015501,50.014801,51.7933998,1.33056,217.5460052,74.3283005,39.3624001,199.6069946,84.5074005,42.1428986,0.0
50.9207001,2061.6000977,4.74225,61.5317001,63.3538017,3.0580101,50.6725998,2083.5400391,5.50109,50.1651001,63.7542,1.63889,219.4490051,77.0281982,39.4080009,211.4880066,89.7326965,42.7308998,0.0
44.4154015,2067.9099121,3.8180301,60.9466019,56.0153999,2.16994,45.7605019,2089.8999023,3.95767,50.0144997,51.9868011,1.43853,219.1710052,80.8848038,39.3394012,212.496994,83.3515015,42.3023987,0.0
83.2988968,1891.0600586,5.4462099,64.1613007,63.5996017,5.09097,84.1983032,1931.4699707,6.2806201,51.0993996,66.5353012,3.0391099,209.7330017,64.3531036,38.4757004,194.0859985,75.0535965,41.0527,27.0
53.8448982,2031.6999512,4.1985402,61.1385002,58.2056007,3.03321,53.5391006,2069.7399902,4.3351002,50.0433006,59.1021996,1.70542,217.9989929,76.2974014,39.2387009,207.7929993,82.6392975,42.3069,9.0
49.6781998,2072.25,4.6346502,61.5485992,63.6082993,2.9091401,49.7192001,2092.7800293,5.4966898,50.1761017,63.5875015,1.5914299,220.2810059,80.9264984,39.4431992,215.9490051,91.3206024,42.8193016,0.0
82.3347015,1894.3900146,5.3757601,64.1345978,63.3139992,4.9696798,82.401001,1939.4799805,6.0111299,51.0558014,66.2485962,2.9482801,209.548996,64.2427979,38.4646988,192.2599945,75.7912979,40.9854012,0.0
44.3995018,2066.5900879,3.83567,60.9202995,56.0227013,1.915,49.4583015,2090.1000977,4.3805699,50.0388985,52.6501999,1.32831,218.9989929,78.3423004,39.4403,210.4080048,88.6141968,42.5494995,0.0
82.8476028,1884.1600342,5.3887401,64.2288971,63.7723999,5.0755601,84.6330032,1927.5100098,6.2593999,51.100399,67.2236023,3.12163,210.2819977,63.9341011,38.5041008,193.9960022,73.7575989,41.1744995,0.0
70.5843964,1955.0200195,5.1303802,64.4570999,62.8931999,4.6092501,71.1126022,1988.8100586,5.7870402,51.1026001,60.9519005,2.61989,211.5950012,64.0521011,38.5764008,201.2810059,73.8725967,41.2771988,0.0
44.0349998,2072.3898926,3.8391099,60.9035988,55.9494019,1.80207,49.3595009,2090.5700684,4.4429898,50.0634003,52.9352989,1.3178999,218.75,77.6921005,39.4449997,208.0970001,88.8930969,42.4995995,0.0
43.0461998,2075.6599121,3.7676201,60.7900009,54.7787018,1.60063,48.0588989,2092.5700684,4.2822099,50.0597,52.5332985,1.29644,218.3370056,75.6699982,39.4351006,204.1119995,87.9337006,42.3807983,0.0
47.7321014,2095.1899414,4.1083798,61.3470993,60.1349983,2.2795401,51.5261993,2082.6599121,4.97644,50.2232018,57.9814987,1.4270101,219.548996,85.1607971,39.4575996,220.197998,91.7190018,42.9426003,0.0
45.3364983,2060.5400391,3.7824199,60.8571014,55.0688019,2.2079699,45.6887016,2086.4299316,3.7464199,50.0031013,51.8529015,1.47013,218.5390015,78.6872025,39.3098984,208.276001,82.1695023,42.2022018,0.0
42.1119003,2078.9599609,3.74312,60.7971992,54.8330994,1.45956,47.3188019,2094.5200195,4.32724,50.0709991,52.5891991,1.2914,218.5509949,76.2350006,39.4532013,205.3410034,88.5587006,42.4292984,0.0
86.8886032,1880.9399414,5.5039802,64.553299,64.2817001,5.7624202,85.8249969,1917.6600342,7.1603398,51.3714981,65.4029999,3.3621199,211.2640076,63.1242981,38.5279007,210.8609924,68.2454987,41.2112007,18.0
66.2356033,1973.0699463,5.0714402,63.2729988,63.2902985,4.1791701,66.5106964,2006.7099609,5.76336,50.9401016,64.4656982,2.34641,220.0910034,68.0761032,39.7285004,201.1730042,84.3995972,44.0834007,27.0
49.3087006,2071.8000488,4.6904998,61.7599983,66.3501968,2.87433,50.2426987,2076.6201172,6.06745,50.2663994,62.5042992,1.81513,221.6000061,88.5746002,39.536499,226.3890076,94.6130981,42.9775009,0.0
51.7509003,2052.8701172,4.9711099,61.6413002,64.6744003,3.1904199,51.3897018,2064.5100098,5.7876801,50.2066002,63.3875008,1.73693,219.473999,74.8992004,39.4450989,211.7369995,89.5559998,42.844101,9.0
71.9832993,1945.3100586,5.0100999,62.5386009,61.6534004,4.2642298,69.3647003,2001.0799561,5.1607499,49.7717018,63.4012985,2.3580501,208.2180023,65.8901978,38.4630013,191.0119934,79.5808029,40.674099,9.0
80.1082993,1898.25,5.3361001,64.2460022,63.8824997,4.9103999,80.3907013,1946.1099854,6.0338402,51.0615005,67.4300995,2.9430599,210.8049927,64.1529999,38.5395012,194.7290039,73.7516022,41.2358017,18.0
44.8875999,2087.7600098,4.0905099,61.2500992,60.172699,1.90925,50.3033981,2087.4699707,5.2516198,50.167099,56.334301,1.40643,219.8959961,83.6858978,39.5185013,216.2369995,93.2815018,42.8033981,27.0
52.9360008,2045.9899902,5.0264602,61.6231995,64.4837036,3.2677901,52.4138985,2057.7600098,5.7722402,50.1968994,63.3814011,1.73932,218.9960022,72.4197998,39.4290009,208.6080017,88.6773987,42.8230019,9.0
72.2509995,1940.4799805,5.23456,64.6304016,63.5185013,4.6268201,73.0089035,1973.9499512,6.1308999,51.3602982,64.2164001,2.67434,218.1889954,66.5145035,39.6762009,201.5879974,80.7713013,42.6188011,9.0
48.1953011,2089.4299316,4.3273902,61.507,63.1195984,2.3617301,51.0842018,2083.8500977,5.5167799,50.2184982,59.7910004,1.5039901,221.0180054,86.5859985,39.527401,222.3309937,94.5243988,42.9972,0.0
86.4649963,1878.5600586,5.5362301,64.4325027,64.2666016,5.66675,87.278801,1911.1400146,7.1209502,51.3059998,65.8519974,3.4176099,210.7669983,63.2882996,38.5169983,205.6649933,69.2995987,41.1743011,18.0
59.5280991,2011.9399414,4.87185,62.9308014,62.6710014,3.5787201,58.8468018,2045.2600098,5.36658,49.8815994,63.5780983,1.90158,223.0919952,71.0995026,40.5689011,205.5690002,84.6363983,43.4692993,27.0
83.7525024,1901.25,5.4249601,64.5106964,64.1513977,5.4744701,85.086998,1916.9100342,6.9624801,51.262001,63.9991989,3.3150401,211.1390076,63.3069992,38.5323982,204.1060028,68.728302,41.2322006,0.0
47.5956001,2067.6201172,4.0956998,61.1202011,58.3913994,2.4992299,49.835701,2090.7800293,4.4671001,50.0533981,57.9079018,1.40693,218.9830017,81.4052963,39.3218002,218.5720062,84.1069031,42.7447014,9.0
73.0995026,1936.9200439,5.2054501,64.335701,63.7433014,4.6363902,73.8403015,1989.3100586,5.7923698,51.0475006,65.2274017,2.5685599,211.7579956,63.401001,38.5710983,197.8560028,74.5969009,41.2546997,0.0
56.4510994,2026.4300537,4.533,61.3404999,60.7466011,3.3437901,55.7117004,2064.4799805,4.9544301,50.0900993,62.7150002,1.8042099,217.9869995,73.8518982,39.2607994,205.3630066,85.2677994,42.3548012,18.0
84.3440018,1878.8000488,5.4495702,64.2593994,63.9104996,5.2381501,87.177597,1914.7600098,6.5528798,51.1505013,66.930397,3.2662799,210.2460022,63.8014984,38.4986992,195.4909973,72.7754974,41.1814995,27.0
61.8311005,1999.8399658,4.9137702,62.9505005,62.828701,3.7242701,61.0475998,2034.4000244,5.39746,49.8731003,63.6803017,1.98414,222.9170074,70.0839996,40.5592995,204.4470062,83.950798,43.4063988,27.0
69.2638016,1956.1999512,4.78899,62.2825012,60.4799004,3.91291,67.7425995,2009.7900391,4.9215698,49.6439018,62.1567001,2.2216001,210.151001,67.5910034,37.8779984,194.5950012,79.938797,42.3096008,9.0
63.6708984,1984.2700195,4.5763502,62.8448982,60.5022011,3.7186,62.6020012,2029.5300293,4.70259,49.7919998,61.2882996,2.0145099,222.6900024,70.972702,40.5157013,204.0619965,79.8314972,43.2476006,9.0
84.9136963,1900.6899414,5.4112501,64.5820007,64.1513977,5.6567402,84.2613983,1927.1800537,7.08182,51.2887993,63.9432983,3.24084,211.2599945,63.2491989,38.5401993,206.2109985,68.7416,41.2485008,18.0
82.0382004,1896.6099854,5.3754301,64.1110001,63.1958008,4.93646,81.8496017,1942.1999512,5.9566302,51.0470009,66.0050964,2.91694,209.3549957,64.3411026,38.4542007,191.6869965,76.3355026,40.9453011,0.0
43.7867012,2071.4799805,3.7846999,60.771801,54.6897011,1.74026,48.4089012,2091.1101074,4.2109799,50.0429001,52.3557014,1.2996401,218.0529938,75.2947998,39.4145012,202.6719971,87.1037979,42.3162994,0.0
56.9612007,2025.1999512,5.1354499,63.0337982,64.7301025,3.5501699,56.1585999,2042.7199707,5.85848,49.9514999,63.9169006,1.89178,223.6519928,70.993103,40.6332016,208.4989929,86.8407974,43.6697006,9.0
50.7027016,2046.3100586,4.1135001,61.1040001,57.8549995,2.7842901,51.1096992,2079.5900879,4.2653899,50.0404015,57.9080009,1.58789,218.3589935,78.4055023,39.2675018,211.1289978,82.7279968,42.4126015,0.0
82.5098038,1909.9399414,5.3561902,64.5636978,63.952301,5.4613299,82.7344971,1933.0200195,6.86655,51.2528992,63.3241997,3.16576,211.298996,63.3460999,38.5447006,204.7189941,69.3956985,41.2571983,0.0
45.7103004,2070.1999512,3.93484,61.0502014,57.2444992,2.3044901,47.7689018,2088.6699219,4.2039499,50.0446014,54.478199,1.4214799,219.1560059,82.1270981,39.3390999,216.7440033,83.9319,42.5555,0.0
70.8921967,1955.3000488,5.2207899,64.1765976,62.7406998,4.4131999,67.8703995,2002.8299561,5.36306,50.9627991,64.0048981,2.3649499,210.7610016,65.0066986,38.5511017,195.8560028,76.0714035,41.111599,9.0
48.0582008,2080.9099121,4.55338,61.6652985,65.4805984,2.5615301,50.2840996,2079.5500488,6.0227199,50.2500992,61.0964012,1.6717,221.1829987,88.4335022,39.5489998,223.8789978,95.3442001,42.9850998,0.0
42.733799,2076.8500977,3.75863,60.7923012,54.7863998,1.55097,47.8203011,2093.2099609,4.2964802,50.0638008,52.5536995,1.29504,218.4160004,75.8395996,39.4412994,204.5480042,88.1493988,42.3979988,0.0
71.7758026,1945.6400146,5.1627302,64.396698,63.3093987,4.60251,72.995903,1988.3199463,5.7877498,51.0783997,62.9236984,2.60624,211.6750031,63.6348,38.5709991,199.3480072,74.5305023,41.2719994,0.0
46.1834984,2081.2700195,3.98665,61.1530991,58.2915001,2.2195201,49.8788986,2086.7199707,4.5742202,50.1091003,55.6390991,1.39064,219.3970032,83.2394028,39.407299,218.2030029,88.0177994,42.7508011,9.0
59.4402008,2003.6500244,4.5069499,61.8504982,59.2322998,3.3896999,57.7663002,2049.0800781,4.36695,49.8424988,58.2271996,1.90517,212.4290009,70.7516022,38.2271004,200.5359955,79.3041992,41.6814995,27.0
43.4630013,2085.0800781,3.96788,61.0974998,58.3876991,1.7063299,49.3255005,2090.9099121,4.9909601,50.1343002,54.8226013,1.35342,219.4470062,81.228302,39.5051003,212.595993,92.0105972,42.6879005,0.0
62.675499,2000.0400391,5.03514,64.1875992,62.1930008,3.99382,59.9949989,2035.4200439,5.0571198,50.7999001,58.6221008,2.09289,212.6970062,65.876503,38.1585999,204.7660065,77.7629013,40.6721992,0.0
49.6461983,2079.5200195,4.50038,61.5984001,64.0783005,2.6914201,49.9394989,2092.0300293,5.4555101,50.1968002,62.3619995,1.51157,222.2559967,84.3742981,39.5171013,222.8970032,93.5649033,43.0658989,0.0
56.600399,2015.3599854,4.1529899,61.0830002,57.4513016,3.1884,55.5526009,2056.2900391,4.1342001,50.0265999,58.3959999,1.8131,217.6069946,74.5142975,39.1985016,204.9089966,81.2983017,42.1562996,0.0
48.7584991,2084.0400391,4.3541899,61.4418983,62.1727982,2.5878401,50.0209007,2097.0600586,5.1774302,50.1613998,61.5836983,1.44043,220.7389984,83.7204971,39.4542007,219.5160065,91.540802,42.9231987,27.0
80.2425003,1902.8299561,5.2901802,64.0546036,62.6034012,4.7719002,78.6845016,1955.3900146,5.59796,50.9892006,65.007103,2.8039999,208.6179962,64.2449036,38.4098015,188.4230042,77.7950974,40.75,18.0
54.3768997,2033.6600342,4.3329101,61.2280998,59.3483009,3.1266501,54.1007996,2072.1899414,4.6212702,50.0643005,60.9364014,1.71582,218.0659943,75.8721008,39.2543983,207.3410034,84.0912018,42.3571014,9.0
57.8693008,2020.6300049,5.2371402,63.1035995,65.8643036,3.6901,57.0357018,2034.7800293,6.1251202,49.9710007,64.2774963,1.99117,223.9129944,72.2474976,40.6460991,210.5370026,87.3375015,43.6702003,0.0
58.3202019,2007.2099609,4.9586902,63.8428001,60.6200981,3.8469701,56.3586006,2056.4099121,4.8583202,50.7033997,59.5396996,1.94587,210.4069977,66.3764038,37.9996986,196.6640015,79.2881012,40.3614006,27.0
57.3662987,2016.4399414,5.0532999,64.0893021,61.0357018,3.77335,55.4706001,2052.3999023,4.8586602,50.7779999,56.7444,1.97111,211.5619965,66.2129974,38.1010017,201.9900055,78.2141037,40.6010017,27.0
75.5833969,1928.0,5.2301602,64.4294968,63.5329018,4.82796,77.8377991,1960.6500244,6.1196198,51.1254005,63.4371986,2.87041,211.4450073,63.5864983,38.5559006,199.1139984,72.8911972,41.2994995,18.0
76.0073013,1929.1199951,5.2799001,64.2121964,63.5401993,4.6676302,73.6467972,1975.4899902,5.67732,50.9977989,66.0535965,2.6099501,210.901001,64.6628036,38.5536995,195.7369995,74.6250992,41.1557999,0.0
44.2223015,2065.0200195,3.7903399,60.8410988,55.145401,1.96913,47.5428009,2090.3500977,4.0703902,50.0175018,51.8685989,1.35452,218.5639954,77.5551987,39.3863983,207.4859924,85.7130966,42.3549995,0.0
47.0987015,2091.8798828,4.0684099,61.2888985,59.7803001,2.1716499,51.6362991,2082.3701172,4.9910998,50.1889,56.9695015,1.41452,219.6840057,84.578598,39.4738007,218.8630066,92.1560974,42.8834,0.0
82.697998,1890.0300293,5.3828402,64.1817017,63.5609016,5.0282698,83.4565964,1933.8900146,6.1346302,51.0765991,66.7445984,3.02179,209.9340057,64.0960007,38.4858017,193.3549957,74.7285004,41.0746994,0.0
66.9813995,1971.4100342,5.07897,64.4204025,62.5611992,4.37572,66.6893005,2009.5,5.47964,51.0606995,60.0847015,2.4165299,211.7429962,64.4199982,38.5904999,201.3150024,75.3538971,41.2711983,9.0
58.0696983,2006.4599609,4.0866098,61.0181007,56.6269989,3.2468801,56.5657997,2048.6000977,3.9286699,50.0113983,57.5746994,1.86415,217.378006,73.4266968,39.1744003,203.1069946,80.3172989,42.0578995,27.0
48.7988014,2079.9099121,4.42554,61.4061012,61.9606018,2.7474599,49.5340996,2104.6799316,5.19063,50.1297989,63.0895996,1.45684,219.7940063,81.9151993,39.406601,214.2120056,90.5691986,42.7444,27.0
46.9241982,2087.5500488,4.37008,61.5236015,63.6800995,2.2788301,50.473999,2083.0600586,5.7663598,50.2251015,59.4406013,1.54624,220.7689972,87.2205963,39.544899,221.503006,95.0817032,42.9530983,9.0
44.740799,2062.6000977,3.7578399,60.7974014,54.5555992,2.0613301,46.1217995,2088.0800781,3.79391,50.0056992,51.5957985,1.4138,218.2899933,77.1696014,39.3348007,205.7559967,83.216301,42.2066994,0.0
80.032402,1894.8299561,5.3354502,64.2668991,63.9660988,4.9237599,80.8722992,1944.5500488,6.07865,51.0736008,67.6899033,2.98808,210.9689941,64.0439987,38.5472984,194.8130035,73.5178986,41.2910004,18.0
60.1622009,1992.7099609,4.6209402,62.6338997,59.5943985,3.65169,58.2257996,2044.1700439,4.4798899,49.4768982,58.8515015,1.98789,212.7830048,68.2705002,37.3191986,198.8899994,79.0318985,41.2671013,27.0
45.8291016,2085.4299316,4.0271602,61.2028008,59.2151985,2.0131099,51.1230011,2085.5300293,4.9877501,50.1486015,55.8314018,1.3889199,219.7120056,83.072197,39.4886017,216.3939972,92.1769028,42.7942009,0.0
77.8153,1924.6700439,5.2674799,64.4918976,63.6167984,5.0437398,79.5603027,1947.9300537,6.3956299,51.1743011,62.8300018,2.9925399,211.3730011,63.581501,38.5519981,201.348999,71.3134003,41.2815018,0.0
49.4894981,2077.6000977,4.5450802,61.5783005,63.9258003,2.7718799,49.7028008,2093.5400391,5.47647,50.1907997,62.8828011,1.55011,221.3860016,83.5466995,39.4864006,220.5740051,92.7369995,42.9583015,0.0
83.8735962,1882.6999512,5.4481602,64.343399,64.0559998,5.2471199,88.8834991,1897.4399414,6.76509,51.1758003,65.7807999,3.49195,210.5240021,63.5868988,38.5027008,194.5670013,70.4729996,41.2873993,27.0
43.7983017,2074.6298828,3.83863,60.9006004,55.9569016,1.7494299,49.2184982,2090.9799805,4.4735398,50.0712013,53.0480995,1.31453,218.7250061,77.5866013,39.4497986,207.6459961,89.0786972,42.4947014,0.0
80.2205963,1909.2299805,5.38063,63.8857002,64.0005035,5.0617299,80.447403,1934.7099609,6.5893102,51.3157997,65.2143021,2.9983201,212.4989929,65.8378983,37.9902992,202.0480042,77.1690979,40.7775002,18.0
84.2671967,1876.0300293,5.4485402,64.3016968,63.9762001,5.26898,88.3565979,1906.1199951,6.66995,51.1730003,66.6694031,3.39586,210.4029999,63.5914001,38.5038986,195.3860016,71.7410965,41.2434006,27.0
47.4938011,2095.0200195,4.0849199,61.3303986,59.9592018,2.2251999,51.6926003,2081.5700684,4.98914,50.2215004,57.4660988,1.4259599,219.5240021,85.049202,39.4673996,219.6589966,92.1434021,42.9267006,0.0
66.7693024,1975.6500244,5.0861201,64.3226013,63.0682983,4.32342,66.3606033,2029.2600098,5.39396,51.0008011,62.3328018,2.12551,212.0559998,63.4173012,38.5679016,199.5679932,76.9794998,41.1114006,9.0
76.6643982,1925.1800537,5.1213298,62.0144005,63.0222015,4.4886999,75.873497,1965.0300293,5.8241,50.0000992,64.5482025,2.69173,208.4900055,65.3236008,37.6365013,191.9579926,80.4492035,40.3867989,27.0
42.2074013,2081.4199219,3.8071899,60.8866005,55.9039993,1.49707,47.8247986,2094.2299805,4.5516701,50.0910988,53.1785011,1.30171,218.8350067,77.7482986,39.4742012,207.5370026,89.7734985,42.5139999,0.0
82.4856033,1867.1700439,5.36832,64.3364029,63.7285004,5.1160402,87.7557983,1910.0200195,6.4962301,51.1903,67.1165009,3.4986999,210.5619965,63.4351997,38.4999008,191.3090057,72.7780991,41.4989014,0.0
76.0456009,1923.2099609,5.2411098,64.4124985,63.6035004,4.8317499,78.5893021,1958.2800293,6.1252398,51.1213989,64.0121002,2.89533,211.4179993,63.5273018,38.5527992,198.2920074,73.0226974,41.3093987,18.0
67.3162003,1970.9499512,5.0876899,64.3820038,62.8894997,4.3527799,67.0195007,2016.0,5.4454699,51.0359001,61.2533989,2.3210499,211.9579926,64.0535965,38.5915985,200.7050018,76.1164017,41.2388,9.0
83.118103,1901.1600342,5.46628,64.4191971,64.1949997,5.4651899,86.6799011,1904.7600098,7.0513701,51.2487984,63.5844002,3.5304999,210.6490021,63.0341988,38.5335007,202.151001,67.8001022,41.0914001,0.0
82.9626007,1862.4100342,5.3812599,64.2962036,63.7537003,5.1410499,87.7963028,1912.1400146,6.45574,51.1729012,67.8128967,3.4551201,210.4720001,63.4502983,38.5056,191.8029938,73.1616974,41.4276009,0.0
62.7942009,1991.7199707,5.0290799,64.392601,61.9709015,4.1312199,61.3414001,2029.4399414,5.1679602,51.0233002,58.4473,2.2188699,211.8410034,65.178299,38.6085014,201.9700012,76.6697998,41.2761993,0.0
56.5241013,2003.7600098,4.3746901,62.5191002,58.3829002,3.1940501,55.8050995,2053.6000977,4.28229,49.7550011,57.4791985,1.85314,214.1390076,72.3843002,38.9112015,203.8509979,80.0782013,41.4934006,27.0
56.0026016,2020.9499512,5.0281601,63.9001999,60.3521996,3.7737501,55.1264,2065.4299316,4.8707199,50.7165985,58.0458984,1.8349,210.5440063,66.1041031,38.035099,198.1060028,78.8314972,40.4779015,27.0
77.5410995,1920.5899658,5.2131,63.7578011,63.4098015,4.8010201,76.9765015,1955.1600342,6.0538301,51.2242012,64.7293015,2.77879,211.9499969,65.4802017,37.9552994,197.1130066,79.4569016,40.6307983,27.0
85.5871964,1895.3599854,5.4436302,64.5631027,64.2245026,5.6788101,84.9681015,1922.3499756,7.11866,51.3011017,64.3695984,3.29052,211.2189941,63.2220001,38.5354996,206.7290039,68.5296021,41.2386017,18.0
49.6162987,2066.7199707,4.3257599,61.280899,60.2591019,2.7959499,50.4919014,2097.9299316,4.8604598,50.0889015,61.7972984,1.49629,218.9080048,79.9458008,39.3362999,212.0180054,87.2037964,42.6035004,0.0
47.6809998,2090.6201172,4.1292701,61.3142014,60.1194,2.33338,51.0248985,2086.3701172,4.9152999,50.1752014,58.3534012,1.41145,219.7649994,84.6492996,39.4379005,220.1970062,90.456398,42.9076004,0.0
57.7952995,2013.3299561,5.0682998,64.1134033,61.1789017,3.7923801,55.8550987,2049.4899902,4.87433,50.7904015,56.8121986,2.01018,211.5970001,66.0450974,38.1011009,202.0709991,77.9524994,40.6016006,27.0
42.1477013,2076.3500977,3.6840999,60.7187996,53.8805008,1.43822,46.8232994,2094.3400879,4.1094899,50.0530014,52.1099014,1.29006,218.3130035,74.9793015,39.4319,203.548996,87.3858032,42.3527985,0.0
66.7725983,1971.8299561,4.94625,63.2356987,62.5096016,4.1428599,66.1704025,2011.3800049,5.4930301,50.9127998,63.9552002,2.3119199,219.8249969,68.160202,39.6999016,200.1000061,83.2552032,43.9920006,27.0
83.9820023,1884.5300293,5.4450498,64.2097015,63.7695007,5.1689701,85.6868973,1923.5799561,6.4058399,51.1221008,66.8358994,3.1405699,210.003006,64.0642014,38.4880981,194.8569946,73.9312973,41.1132011,27.0
83.6158981,1902.6099854,5.4095502,64.5268021,64.1140976,5.4818301,84.5313034,1921.1899414,6.94592,51.262001,63.9154015,3.2732301,211.1940002,63.3120003,38.5354996,204.427002,68.9182968,41.2426987,0.0
49.7621002,2057.1499023,4.1918302,61.1745987,58.8247986,2.7404699,50.8130989,2088.3100586,4.5223198,50.0610008,59.4203987,1.52054,218.6560059,79.4599991,39.3003006,213.0659943,84.4542007,42.5522995,9.0
42.8903999,2079.1999512,3.8218999,60.8900986,55.908699,1.5952801,48.4538994,2092.8000488,4.5245099,50.0848007,53.1635017,1.3066,218.7640076,77.5503998,39.4640007,207.2940063,89.4918976,42.4995003,0.0
74.5174026,1936.2299805,5.2628198,64.3134003,64.1990967,4.6664801,73.0893021,1984.5300293,5.7859602,51.0070992,66.5730972,2.5453999,212.0800018,64.1456985,38.6110001,198.8070068,73.3594971,41.2886009,0.0
62.7230988,1993.8800049,5.0283599,64.3871994,62.0307007,4.10425,61.0101013,2031.4599609,5.1365499,51.0140991,58.4766998,2.1805401,211.9880066,65.3013,38.6179008,202.3070068,77.0126038,41.2817993,0.0
72.3181,1941.1300049,5.1830201,64.3539963,63.5676003,4.60815,73.3795013,1991.5600586,5.7716999,51.0565987,64.3743973,2.55953,211.7339935,63.3740997,38.5684013,198.2570038,74.8136978,41.2518997,0.0
49.4129982,2052.2800293,4.07547,61.0886002,57.7076988,2.67435,50.1999016,2082.8898926,4.2409,50.0390015,57.2933006,1.53816,218.5240021,79.3348007,39.2803001,212.8269958,82.7424011,42.464901,0.0
44.0003014,2087.7399902,4.0653801,61.2144012,59.8524017,1.8018,49.6403999,2089.2900391,5.2470398,50.1622009,55.9291992,1.39222,219.7870026,83.1484985,39.5233002,215.1179962,93.1821976,42.7734985,27.0
72.0749969,1940.5400391,5.27949,64.6666031,63.7383995,4.6588802,73.2277985,1970.8000488,6.3110499,51.3931999,64.235199,2.71153,218.4349976,67.0450974,39.6889992,203.8869934,80.5205002,42.6703987,18.0
85.2489014,1898.0400391,5.4277301,64.5716019,64.1906967,5.6654401,84.6356964,1924.5999756,7.0995598,51.2942009,64.1617966,3.26617,211.2380066,63.2366982,38.5377998,206.4140015,68.6389008,41.2439995,18.0
48.7498016,2089.6298828,4.28687,61.4548988,62.1431007,2.44958,50.8922997,2089.0600586,5.2140298,50.1936989,60.3241997,1.43938,220.9219971,85.1156006,39.485199,221.651001,92.7231979,43.0003014,27.0
62.7631989,1998.4899902,5.0482001,64.2004013,62.2276001,3.9942701,60.2055016,2032.9499512,5.0616202,50.8111,58.3359985,2.1219699,212.6009979,65.8012009,38.1515999,204.6459961,77.6484985,40.6689987,0.0
84.9163971,1882.7600098,5.5056701,64.2497025,63.9850006,5.31774,86.8450012,1917.6199951,6.67765,51.1703987,66.7427979,3.22666,210.1349945,64.0453033,38.4940987,197.2140045,72.9344025,41.1431999,0.0
54.8585014,2034.4899902,5.0810599,61.721199,65.6035004,3.4946101,54.1927986,2045.8599854,6.0254302,50.2158012,63.8214989,1.93468,219.2689972,74.3149033,39.4057999,211.7579956,89.299202,42.7070999,0.0
60.6478996,2001.75,4.6030598,62.8428993,60.8212013,3.5441101,60.0189018,2043.6899414,4.85431,49.8238983,61.8599014,1.9128799,222.8820038,72.1634979,40.5290985,205.4550018,81.8610001,43.3521004,9.0
60.9067001,1992.6800537,4.7157202,61.8942986,59.6369019,3.6935599,58.7701988,2044.0200195,4.4727802,49.4794998,59.6804008,1.94054,209.2519989,67.9079971,37.722599,198.1439972,79.4651031,41.0078011,27.0
43.8387985,2084.6999512,3.9781699,61.1118011,58.5115013,1.75541,49.6582985,2090.0900879,4.99334,50.1351013,54.9418983,1.3588901,219.4830017,81.4364014,39.5028,213.0449982,92.0421982,42.6992989,0.0
43.577301,2072.9799805,3.7808001,60.7789001,54.7248993,1.69498,48.3647995,2091.5100098,4.2397799,50.0491982,52.4367981,1.29818,218.147995,75.3710022,39.4216995,203.1150055,87.4122009,42.3390007,0.0
82.9766006,1869.7700195,5.3882799,64.2842026,63.8358002,5.1290898,86.9945984,1915.8800049,6.4210501,51.1474991,67.6868973,3.3461101,210.5160065,63.5950012,38.5112991,193.029007,73.0323029,41.3423996,0.0
50.2178993,2067.1699219,4.6893001,61.5337982,63.4146996,2.9874799,50.1160011,2089.0800781,5.4937301,50.1679001,63.7561989,1.6118799,219.7709961,78.844902,39.4216995,213.2720032,90.4392014,42.7615013,0.0
45.8019981,2079.0,3.94912,61.1226006,57.972599,2.1095099,50.3786011,2086.1699219,4.6266899,50.1058998,54.7859993,1.37822,219.4349976,82.4080963,39.4398994,216.6049957,89.5571976,42.7375984,9.0
46.5513,2076.3000488,4.0309501,61.1320992,58.3205986,2.33618,49.5578003,2089.2099609,4.4942398,50.0783997,56.6156998,1.38078,219.272995,82.8043976,39.3622017,219.7079926,85.6110001,42.7798996,9.0
86.3361969,1878.8199463,5.5458398,64.3711014,64.2472992,5.5886798,87.6837006,1910.8199463,7.0518298,51.2621994,66.2427979,3.37976,210.5420074,63.5595016,38.5096016,202.5930023,70.3674011,41.1758003,18.0
53.3420982,2046.5,4.63486,61.421299,61.8964005,3.18923,52.8894005,2078.3300781,5.2216902,50.1198997,63.5750008,1.69126,218.5590057,75.1257019,39.3269997,207.4190063,87.5024033,42.5233002,27.0
78.3152008,1921.1300049,5.2829299,64.4763031,63.6945992,5.0433102,80.4859009,1943.4200439,6.4165301,51.1711998,63.2134018,3.0287499,211.3370056,63.5643005,38.5480995,200.6089935,71.2884979,41.2873001,0.0
81.7919998,1884.5600586,5.36303,64.3727036,63.8636017,5.0733399,86.495697,1914.0699463,6.4992199,51.1635017,66.1312027,3.35624,210.8569946,63.5819016,38.5117989,193.5449982,71.9219971,41.4177017,0.0
84.406601,1886.0500488,5.49155,64.3666,64.1549988,5.4436002,88.1483002,1902.3399658,6.9669499,51.2303009,65.194397,3.48702,210.522995,63.303299,38.5141983,199.7839966,69.5334015,41.1683006,0.0
44.6334991,2084.0800781,3.9958401,61.1416016,58.7406998,1.85894,50.3184013,2088.3300781,4.9861698,50.1367989,55.1955986,1.36963,219.5639954,81.9263,39.4970016,214.1470032,92.0738983,42.7280998,0.0
82.9501038,1906.4699707,5.4331298,64.427002,64.2203979,5.2063498,86.9274979,1900.5600586,6.8147202,51.167099,64.089798,3.3845,210.9210052,63.7837982,38.5111008,196.8650055,68.8873978,41.2714996,27.0
45.3124008,2089.1799316,4.19208,61.3546982,61.5603981,2.0004499,50.2546997,2086.2399902,5.4905601,50.1920013,57.4350014,1.45163,220.201004,85.2133026,39.5345001,218.1410065,94.2069016,42.8648987,0.0
44.2202988,2084.4299316,3.9885499,61.1276016,58.6467018,1.80529,49.9822006,2089.2399902,4.9959202,50.1362991,55.0775986,1.36461,219.526001,81.6875,39.5004997,213.576004,92.0832977,42.7132988,0.0
83.5110016,1893.1700439,5.5149498,64.1747971,63.8073997,5.1718202,84.5027008,1930.1700439,6.4916902,51.1334,66.5817032,3.06687,209.8350067,64.6143036,38.4833984,195.904007,74.702301,41.0923004,0.0
46.4019012,2085.8000488,4.4430199,61.5728989,64.4816971,2.28808,49.9641991,2082.0700684,5.98737,50.2369003,59.7118988,1.5874,220.7319946,87.7846985,39.5564003,221.4689941,95.4915009,42.9492989,0.0
71.6669998,1945.8000488,5.1473198,62.6603012,63.4441986,4.3122401,72.5105972,1978.5100098,6.0522299,50.0315018,64.1629028,2.6619301,216.753006,66.2325974,39.4243011,197.227005,81.0404968,43.1603012,27.0
48.8140984,2072.1000977,4.28754,61.2778015,60.2294006,2.6984799,50.0909996,2099.5900879,4.8512802,50.094101,61.3316002,1.45564,219.1600037,81.0291977,39.3530998,214.0630035,87.5279007,42.6736984,0.0
50.9911003,2051.1298828,4.23772,61.1936989,59.0163002,2.85483,51.5876007,2085.0800781,4.5578098,50.0625992,60.0159988,1.5748399,218.4839935,78.4343033,39.2879982,211.1009979,84.4701996,42.4886017,9.0
60.1822014,2000.1899414,4.5454798,61.8816986,59.3781013,3.4675,58.3166008,2046.4599609,4.4183998,49.8511009,58.4506989,1.93515,212.3899994,70.1097031,38.2303009,199.9420013,79.1201019,41.6753998,27.0
82.9248962,1875.6400146,5.3901,64.2679977,63.8581009,5.1121502,86.1027985,1920.1700439,6.3698802,51.1287003,67.5709,3.2560699,210.4889984,63.7254982,38.5125008,193.6950073,73.1520004,41.2795982,0.0
73.1744995,1940.0400391,4.9266701,61.7103996,61.8334007,4.27349,71.7937012,1987.2700195,5.3696098,50.2359009,63.8725014,2.4228799,215.845993,66.3667984,38.2518005,194.798996,81.6564026,42.7692986,18.0
67.4942017,1966.6700439,5.1959901,62.6839981,64.0046997,4.1020198,68.7925034,1990.1600342,6.2434402,50.053299,63.9822006,2.5585499,217.3580017,67.5755997,39.472599,200.4830017,82.5430984,43.2989006,9.0
84.2264023,1881.4699707,5.4485402,64.235199,63.8507004,5.2083998,86.4641037,1919.1600342,6.4838099,51.1367989,66.9173965,3.20204,210.1320038,63.9320984,38.4939003,195.2619934,73.3386002,41.1473999,27.0
69.9887009,1963.6199951,5.2155399,64.2291031,63.145401,4.4023199,66.6856003,2009.2199707,5.40797,50.9612999,64.202301,2.29231,211.4140015,64.9901962,38.5881004,198.0509949,75.2547989,41.1795006,9.0
54.7134018,2021.0300293,4.02075,60.9902992,56.3454018,3.00722,53.5073013,2059.9599609,3.86906,50.0102997,56.5259018,1.75884,217.6759949,75.1215973,39.2034988,205.1569977,80.5431976,42.1259003,27.0
44.7923012,2069.4899902,3.8654001,60.9996986,56.6735992,2.0977499,48.4039001,2089.3400879,4.2890801,50.0438004,53.0453987,1.37658,219.2570038,80.9033966,39.4017982,214.3430023,86.8451004,42.5637016,0.0
83.9501038,1893.7700195,5.5715499,64.2014999,64.0251999,5.2730198,84.7886963,1928.8599854,6.7014799,51.1678009,66.6791,3.10269,209.973999,64.7481003,38.4917984,197.7850037,74.1103973,41.1288986,18.0
44.4203987,2087.7199707,4.0791502,61.2327995,60.0284004,1.85367,49.9594002,2088.4099121,5.2547798,50.1647987,56.1310005,1.39974,219.8419952,83.4227982,39.5214005,215.6589966,93.2490005,42.787899,27.0
47.7458992,2089.9499512,4.2988901,61.4796982,62.8233986,2.30003,51.1080017,2083.5900879,5.5148401,50.2151985,59.3223991,1.49712,220.8099976,86.5094986,39.5275002,221.6399994,94.5037994,42.9721985,0.0
55.2061005,2014.4499512,4.3597999,59.6913986,56.6258011,2.9811699,55.0037003,2057.4099121,4.2993898,49.5051003,57.6001015,1.74683,212.0119934,73.2686996,38.3885994,201.5299988,80.6317978,41.8456993,27.0
59.3408012,1992.7700195,4.5089798,63.4220009,58.9095001,3.3499999,59.3905983,2043.5999756,4.5180001,49.8536987,59.0996017,1.94354,219.5599976,71.0837021,40.6192017,203.2839966,80.2434998,43.3019981,0.0
77.3746033,1927.6999512,5.2530699,64.5063019,63.5387001,5.0451798,78.7358017,1951.8499756,6.37679,51.176899,62.4833984,2.9624,211.397995,63.604599,38.5551987,201.9450073,71.3310013,41.2775002,0.0
57.5789986,2011.5,4.9830098,63.8661995,60.5724983,3.8263299,55.9077988,2059.5300293,4.8643198,50.7085991,59.1299019,1.91357,210.5050049,66.2649002,38.0133018,197.2100067,79.0697021,40.399601,27.0
82.7164001,1895.0400391,5.4456801,64.1350021,63.4945984,5.0371199,83.2642975,1936.0,6.2067199,51.0868988,66.3328018,2.9861801,209.5890045,64.5239029,38.4692001,193.5890045,75.6763,41.0237999,27.0
41.8078995,2077.4399414,3.6763699,60.7233009,53.9301987,1.39043,46.5816002,2095.0900879,4.1305699,50.0568008,52.1313019,1.28684,218.3919983,75.2537994,39.4390984,204.0619965,87.6544037,42.3732986,0.0
47.6128998,2055.3300781,3.9312,60.9981995,56.5881004,2.5021701,47.8605003,2082.9499512,3.9588301,50.0199013,54.5197983,1.52687,218.6300049,79.9557037,39.2829018,212.1649933,81.8182983,42.3446999,0.0
86.0084991,1880.6099854,5.5521598,64.3153992,64.1988983,5.5020599,87.450798,1913.8900146,6.95083,51.2276001,66.5804977,3.30955,210.3529968,63.8759995,38.5028992,200.5039978,71.5441971,41.1674995,18.0
45.3855019,2088.1398926,4.1071501,61.2742996,60.3974991,1.96925,50.6272011,2086.4599609,5.2601299,50.1716003,56.6255989,1.41515,219.9720001,84.0605011,39.5164986,216.9750061,93.3688965,42.8249016,27.0
56.2610016,2014.3199463,4.0518699,61.0033989,56.4771004,3.1186399,54.9122009,2054.8200684,3.8965299,50.0108986,57.0355988,1.8072,217.5359955,74.3284988,39.1899986,204.197998,80.4404984,42.0951004,27.0
48.4122009,2079.0200195,4.5865502,61.6898994,65.7385025,2.6354799,50.2868996,2078.9099121,6.0369,50.2537003,61.4584999,1.70032,221.3009949,88.5320969,39.5469017,224.4850006,95.2437973,42.989399,0.0
81.9627991,1899.6099854,5.44736,64.108902,63.3903999,4.9765301,82.2099991,1940.8599854,6.1354499,51.0754013,66.1107025,2.9330499,209.4550018,64.7244034,38.4636993,193.1430054,76.3013992,41.0000992,27.0
48.7394981,2081.8300781,4.3933101,61.4292984,62.1222,2.6674299,49.6915016,2101.0500488,5.1858301,50.1470985,62.3366013,1.45099,220.3450012,82.8890991,39.4327011,217.2810059,91.0362015,42.8456993,27.0
56.4001999,2027.6600342,5.2109399,63.0976982,65.8475037,3.59372,55.6512985,2040.1199951,6.1136498,49.9831009,64.0932999,1.95402,224.0599976,73.1035004,40.655201,211.6049957,87.9272003,43.7204018,0.0
54.8176003,2035.6500244,5.0181298,61.6258011,64.4020004,3.41524,54.0438995,2050.75,5.76723,50.1866989,63.6371002,1.83395,218.8309937,71.7192001,39.3857994,208.1649933,88.2188034,42.6856003,9.0
51.532299,2038.0,4.0376501,61.0363007,56.9724998,2.8141401,51.1808014,2072.8100586,4.0315499,50.0233994,56.6058998,1.64459,218.1230011,77.449501,39.2434006,208.8699951,81.5458984,42.2781982,0.0
45.2327995,2072.0700684,3.9078901,61.0435982,57.1259995,2.23405,47.6170998,2089.0700684,4.2204399,50.0480995,53.8731003,1.41185,219.2539978,82.2014999,39.3582001,216.2570038,84.7659988,42.542099,0.0
64.2048035,1984.0500488,5.04983,63.2708015,63.2509003,4.0432501,64.2494965,2016.0100098,5.7287102,50.9378014,64.2919998,2.2589099,220.2660065,68.6610031,39.7421989,202.2169952,84.857399,44.1213989,27.0
73.9554977,1941.0400391,5.1869502,64.4837036,63.2164993,4.8229799,75.0243988,1970.2199707,6.0753298,51.1389008,61.7420998,2.79264,211.4960022,63.7997017,38.5656013,201.4669952,72.6120987,41.2798004,18.0
85.9199982,1892.4899902,5.4595199,64.555603,64.2526016,5.6948199,85.2622986,1920.3699951,7.1365399,51.3101997,64.5826035,3.3145001,211.2019958,63.2038994,38.5332985,207.201004,68.4189987,41.2318001,18.0
49.2195015,2079.5100098,4.54319,61.6655006,65.1753998,2.66678,50.3165016,2082.9799805,5.7786498,50.2391014,61.7738991,1.64033,221.8390045,87.3445969,39.540699,225.154007,94.8077011,43.0383987,9.0
72.007103,1943.3699951,5.1710601,64.3761978,63.4278984,4.6022201,73.2332993,1989.9899902,5.77808,51.0684013,63.6052017,2.5847099,211.7019958,63.4884987,38.5693016,198.7769928,74.7233963,41.2631989,0.0
76.5763016,1926.8000488,5.2783298,63.8022003,63.6958008,4.7873502,76.2263031,1954.9499512,6.2505102,51.2587013,64.7378998,2.7869999,212.3159943,66.1594009,37.9888,200.0169983,79.4812012,40.7307014,9.0
48.6615982,2088.4099121,4.3559999,61.5321999,63.3806992,2.42643,50.9880981,2084.7099609,5.5010099,50.2188988,60.2914009,1.50488,221.2980042,86.4624023,39.5271988,222.9859924,94.4725037,43.0257988,0.0
50.2881012,2063.2399902,4.8122902,61.6882019,65.1563034,3.07479,50.2268982,2076.5500488,5.8148098,50.2290001,63.4626999,1.78186,220.6410065,81.5213013,39.4746017,219.5800018,91.6440964,42.8712997,9.0
79.680397,1921.3100586,5.2881999,64.5547028,63.6767006,5.2663202,80.2238007,1944.9100342,6.6185799,51.217701,62.5601997,3.0457399,211.3679962,63.4822006,38.5525017,203.7089996,70.2923965,41.2663994,27.0
53.2616997,2027.1899414,3.9865601,60.9742012,56.1789017,2.89888,52.1786995,2064.4799805,3.8343201,50.0091019,55.9482994,1.71438,217.8070068,75.8525009,39.2159996,206.0050049,80.6102982,42.1498985,27.0
42.8081017,2074.0700684,3.6998601,60.7061996,53.7715988,1.53518,47.2271004,2092.8701172,4.0630999,50.0443001,52.0598984,1.29563,218.1150055,74.4048004,39.4161987,202.2769928,86.7759018,42.3037987,0.0
53.8897018,2020.4799805,4.3105001,59.6910019,56.5253983,2.892,53.7363014,2062.1999512,4.2515302,49.5070992,57.2202988,1.70763,212.197998,74.0906982,38.4067993,202.5390015,80.7349014,41.8782997,27.0
78.2911987,1897.7700195,5.28724,64.3475037,63.7837982,4.8980899,81.5360031,1946.8199463,6.16293,51.1198997,66.4536972,3.0529799,211.2079926,63.4146004,38.5421982,195.0570068,73.5184021,41.3778992,18.0
75.8843994,1926.8000488,4.97298,62.2778015,61.7883987,4.17027,74.3383026,1975.4899902,5.37714,49.6530991,64.1546021,2.5083001,209.4909973,65.9147034,37.8316994,190.4140015,80.2127991,42.1960983,18.0
47.418499,2086.7600098,4.4001498,61.5519981,63.9922981,2.3508201,50.5567017,2082.6101074,5.7765698,50.2294006,59.8706017,1.56321,220.927002,87.4348984,39.5438995,222.25,95.1075974,42.9710999,9.0
79.5733032,1904.4300537,5.0837498,62.4453011,62.2994003,4.5132599,77.8498993,1957.3399658,5.5851302,49.7677002,64.6104965,2.7611599,206.8190002,64.2671967,38.3697014,185.6849976,79.2006989,40.3974991,18.0
75.1852036,1931.8699951,5.2199898,64.4451981,63.4602013,4.82833,77.1414032,1962.8299561,6.1147799,51.1299019,62.9390984,2.8505099,211.4629974,63.6433983,38.5586014,199.8419952,72.7742004,41.2923012,18.0
62.9872017,1987.9300537,5.0225,64.4215012,61.8202019,4.1959701,61.7872009,2024.8399658,5.2311802,51.0449982,58.2118988,2.2995501,211.6349945,65.0073013,38.5962982,201.8609924,75.864502,41.2709007,0.0
54.8325005,2010.9799805,4.415,61.3609009,57.4702988,3.1928,54.6641998,2058.7299805,4.3386502,49.2803001,57.0368996,1.80683,217.5469971,73.0134964,39.700901,204.4819946,79.9400024,43.0140991,27.0
48.7770996,2076.7900391,4.6205101,61.7140999,65.9666977,2.7163701,50.2756004,2078.3300781,6.0417299,50.2571983,61.8398018,1.7331001,221.4329987,88.5692978,39.5439987,225.1569977,95.0753021,42.9915009,0.0
55.0293999,2036.2399902,4.6708999,61.4285011,61.9146996,3.3083999,54.3293991,2068.6899414,5.2248902,50.1189003,63.5231018,1.76387,218.3419952,73.7369995,39.3070984,206.3029938,86.836998,42.4720993,27.0
83.6914978,1907.0600586,5.4647799,64.4311981,64.3610992,5.1505599,87.8749008,1892.9899902,6.8136201,51.1062012,64.3322983,3.3752899,211.0,64.0920029,38.4864998,194.1849976,68.4633026,41.3204994,27.0
49.7569008,2065.2900391,4.7708101,61.8161011,66.6484985,3.0581,50.3223,2073.3100586,6.1054101,50.2859993,63.1097984,1.94776,221.7100067,88.4101028,39.5256004,228.2749939,93.8597031,42.9323997,0.0
58.9123993,2015.5,5.1631699,63.0498009,64.8534012,3.6831901,58.0292015,2035.0899658,5.89012,49.9401016,64.1418991,1.96088,223.5339966,70.4526978,40.6220016,207.7859955,86.2320023,43.6027985,9.0
52.5736008,2043.1199951,4.2885799,61.2132988,59.2122002,2.9885399,52.7100983,2079.6101074,4.5961199,50.0639992,60.5629005,1.64184,218.2819977,77.1830978,39.2724991,209.1260071,84.3641968,42.422699,9.0
52.9594994,2048.0600586,4.8166599,61.5242004,63.1795998,3.21699,52.3981018,2070.8300781,5.4910798,50.1570015,63.6929016,1.7106301,218.8880005,73.8587036,39.3742981,208.3950043,88.3738022,42.6525002,0.0
70.6744995,1953.5400391,4.9044199,61.7116013,61.723999,4.1245399,69.4328003,1998.3199463,5.3324299,50.2344017,63.6421013,2.3189199,216.201004,67.1909027,38.2815018,196.5820007,82.1760025,42.8595009,18.0
41.4249001,2081.0500488,3.7288201,60.8023987,54.9127007,1.3655699,46.7349014,2095.9799805,4.3642502,50.0779991,52.6264,1.28624,218.6750031,76.6965027,39.4658012,206.0890045,88.9832993,42.4599991,0.0
82.5807037,1901.7199707,5.4685998,64.3522034,64.1597977,5.4450998,87.1718979,1902.1999512,7.0644698,51.221199,63.3928986,3.6276901,210.2640076,62.8927994,38.5410995,200.0610046,67.6905975,40.9936981,0.0
43.719799,2080.3701172,3.9015601,61.007,57.2030983,1.73015,49.5051994,2090.75,4.7386899,50.1053009,53.9715004,1.33258,219.1380005,79.5578995,39.4793015,210.5850067,90.7101974,42.6085014,9.0
49.0606995,2074.3200684,4.6570802,61.7383995,66.1905975,2.7962699,50.2565994,2077.4699707,6.0590901,50.2616997,62.1871986,1.77266,221.522995,88.604599,39.5405998,225.7630005,94.8749008,42.9868011,0.0
84.3201981,1876.8299561,5.4474802,64.2794037,63.9438019,5.2525001,87.7490997,1910.8800049,6.6027598,51.1608009,66.8841019,3.3257101,210.3320007,63.6925011,38.5019989,195.451004,72.3151016,41.2134018,27.0
69.4124985,1956.4799805,5.2177901,62.6874008,64.0373001,4.2154899,71.1054993,1980.7399902,6.3112798,50.0503998,64.0661011,2.6565199,217.1710052,67.0006027,39.4580994,199.4369965,81.7718964,43.2507019,9.0
76.4862976,1921.4799805,5.0368299,62.4917984,61.9664001,4.4124899,74.1827011,1977.1999512,5.3519001,49.7692986,64.1270981,2.5694301,207.5119934,65.0053024,38.4140015,188.1340027,79.4373016,40.5289993,0.0
70.8923035,1952.9799805,5.1385999,64.4449005,62.9886017,4.60745,71.6203003,1987.9699707,5.7920699,51.0983009,61.3328018,2.62255,211.6109924,63.979599,38.5755005,200.8959961,73.9965973,41.2779999,0.0
69.6175995,1956.8900146,4.8056202,62.2414017,60.9324989,3.9126301,68.1776962,2005.3199463,5.0657701,50.0222015,62.6949997,2.2379301,215.7890015,67.7730026,39.1141014,195.595993,81.1592026,43.1418991,9.0
43.9530983,2070.0,3.7381499,60.6561012,53.6176987,1.7305501,47.5705986,2090.3200684,3.97086,50.0247993,51.9849014,1.2988501,217.3699951,73.4414978,39.3792992,197.8730011,85.2725983,42.1403008,0.0
66.9973984,1973.5200195,5.0846701,64.3619995,62.9673004,4.3299699,66.5652008,2022.0500488,5.4094901,51.0209007,61.6324997,2.24035,212.0500031,63.8510017,38.5882988,200.4649963,76.5323029,41.2013016,9.0
44.2696991,2065.4399414,3.79757,60.8773003,55.4338989,2.0367,46.9804001,2090.2099609,4.0339499,50.0164986,51.8620987,1.38018,218.7700043,78.7104034,39.3737984,209.3869934,85.0799026,42.358799,0.0
53.1915016,2030.5899658,4.0764899,61.0513,57.1212997,2.9391899,52.5853996,2067.7199707,4.0619702,50.0245018,57.2556,1.6993001,217.9429932,76.4440994,39.228199,207.4759979,81.4617996,42.2377014,0.0
86.4881973,1886.0699463,5.4882898,64.5465012,64.2806015,5.72998,85.6772003,1917.8100586,7.1572099,51.3386002,65.0334015,3.35408,211.1990051,63.1543999,38.5297012,208.8679962,68.2524033,41.2155991,18.0
82.925499,1854.2800293,5.37047,64.2997971,63.6113014,5.1578498,88.3887024,1908.9699707,6.4829998,51.2184982,67.8794022,3.60221,210.2720032,63.3070984,38.4916992,189.8059998,73.5709991,41.5582008,0.0
61.5217018,1994.6199951,4.5223799,62.821701,60.2335014,3.5759101,60.6236992,2038.5899658,4.64854,49.7981987,60.9286003,1.94204,222.8509979,72.0183029,40.5208015,205.3639984,80.2820969,43.3012009,9.0
45.8681984,2088.4799805,4.3185301,61.4707985,63.1161003,2.13731,50.1147995,2084.4299316,5.7522101,50.2168007,58.6571999,1.5156699,220.5119934,86.6936035,39.5483017,220.0449982,95.0046005,42.9182014,9.0
49.9827995,2061.8400879,4.8076301,61.8652,66.7641983,3.1515801,50.4403992,2071.1101074,6.1202698,50.3115997,63.3386002,2.0457001,221.9539948,88.1619034,39.5241013,230.5639954,93.4540024,42.9006004,0.0
78.1276016,1912.8199463,5.0707402,62.4189987,62.1727982,4.4271998,76.4652023,1964.6199951,5.5363202,49.7654991,64.4017029,2.6802399,206.9400024,64.8794022,38.3792,186.3500061,79.9399033,40.4350014,18.0
64.723999,1981.1400146,4.9836202,63.8552017,61.5517998,4.1409898,62.0553017,2029.9799805,5.0974798,50.718399,61.7490997,2.1449101,210.3950043,65.7480011,37.9854012,195.8699951,78.2332993,40.3156013,0.0
70.444397,1959.5200195,5.2196598,64.2041016,62.9567986,4.4095001,67.2507019,2005.8900146,5.3907599,50.9626007,64.1380997,2.33043,211.0970001,65.0180969,38.5707016,197.0019989,75.6057968,41.1502991,9.0
69.8267975,1955.7199707,5.1242299,62.6548004,63.3736,4.20189,70.3948975,1987.5400391,5.9888902,50.0334015,64.0606995,2.5680699,216.9389954,66.7813034,39.4379997,198.246994,81.7214966,43.2080002,27.0
47.2823982,2083.7199707,4.4965501,61.6195984,64.9922028,2.4249101,50.1932983,2080.6799316,6.0058098,50.2436981,60.4039001,1.62687,220.9490051,88.1723022,39.5526009,222.6860046,95.4589005,42.9695015,0.0
48.3311996,2093.6000977,4.2297101,61.4365005,61.8278999,2.33077,51.533699,2083.9199219,5.2634602,50.2140007,59.2715988,1.45082,220.5540009,85.8311005,39.4986,221.4120026,93.4996033,42.9880981,27.0
67.8644028,1974.0699463,5.1458602,64.2860031,63.3408012,4.3573098,66.081398,2025.9699707,5.41363,50.9721985,63.6408005,2.12622,212.0540009,63.8861008,38.5868988,199.4369965,75.9880981,41.1369019,9.0
