DI_Al_0_2,DI_Ca_0_2,DI_Fe_0_2,DI_K_0_2,DI_Mg_0_2,DI_P_0_2,DI_Al_2_6,DI_Ca_2_6,DI_Fe_2_6,DI_K_2_6,DI_Mg_2_6,DI_P_2_6,H3A_Al_0_2,H3A_Ca_0_2,H3A_Fe_0_2,H3A_K_0_2,H3A_Mg_0_2,H3A_P_0_2,H3A_Al_2_6,H3A_Ca_2_6,H3A_Fe_2_6,H3A_K_2_6,H3A_Mg_2_6,H3A_P_2_6,TOC_0_2,IC_0_2,TN_0_2,TOC_2_6,IC_2_6,TN_2_6,PhosphorusTreatment
228.5010071,165.1959991,119.3270035,34.6729012,38.0513992,2.9971499,253.0310059,180.1990051,134.6529999,33.4315987,41.1772995,3.1336999,66.6404037,1970.0400391,5.2557802,62.7104988,64.5502014,4.0830002,68.6579971,1987.5600586,6.4790802,50.0671997,63.9203987,2.60411,217.5839996,68.232399,39.4905014,201.8480072,82.8462982,43.3377991,18.0
242.8480072,174.1380005,135.2910004,36.5607986,40.6542015,2.96119,263.6849976,178.0379944,140.4140015,35.2829018,43.7747002,3.1094401,86.2686996,1879.2800293,5.5215001,64.4813995,64.2496033,5.6966701,86.7645035,1912.5100098,7.1290598,51.3460007,65.5357971,3.4249799,210.9790039,63.1223984,38.5228996,208.4689941,68.6596985,41.1715012,18.0
258.4519958,184.9360046,147.7019958,40.1435013,41.3905983,3.15892,275.0320129,190.3679962,156.102005,37.703701,43.1661987,3.6012101,44.6334991,2063.1699219,3.7597201,60.7975006,54.5810013,2.0446999,46.216301,2088.4599609,3.8194599,50.0069008,51.5976982,1.40522,218.2929993,77.1365967,39.3400002,205.7149963,83.4459,42.2155991,0.0
261.3510132,196.7830048,155.0970001,40.5438995,41.6295013,3.18103,276.4970093,206.0870056,162.7949982,38.1016998,43.6072006,3.6121199,47.6997986,2086.4299316,4.1589699,61.2988014,60.1608009,2.3961,50.5791016,2090.25,4.87707,50.146801,58.9034996,1.4029,219.8289948,84.0587997,39.4199982,219.9929962,89.4618988,42.8857002,0.0
262.5979919,179.4320068,139.0209961,39.0340004,43.1488991,3.1767099,283.2210083,191.7929993,150.3730011,36.8641014,45.4771996,3.3262401,63.6990013,1977.7399902,4.64116,61.5679016,59.7223015,3.5704401,63.0754013,2025.4200439,4.7803502,49.5513,60.6138992,1.98631,216.3359985,70.1079025,38.3819008,199.9400024,80.7361984,41.8037987,9.0
246.7740021,185.3179932,127.0479965,34.6039009,41.5331993,2.9145701,267.1499939,206.3509979,137.8930054,32.8362999,44.3116989,3.07107,60.4964981,1994.9499512,4.7712998,61.9528999,59.7905998,3.7237599,58.276001,2046.3000488,4.5208602,49.4892998,59.5962982,1.9371001,209.3809967,67.4291992,37.7430992,198.147995,79.1079025,41.0242004,27.0
235.8170013,168.2319946,115.6689987,34.9644012,40.0685005,2.9358301,261.4599915,190.2129974,129.904007,33.982399,43.344101,3.0239501,79.7854996,1905.9899902,5.3151002,64.1747971,63.3894005,4.8380899,78.9069977,1953.3900146,5.8373599,51.0283012,66.3529968,2.8250501,210.1519928,64.2882996,38.5029984,193.3059998,75.1517029,41.0696983,18.0
238.8430023,184.279007,122.0709991,35.4429016,40.4001999,2.94697,262.7359924,204.4790039,133.1179962,34.3322983,43.6057014,3.0318699,78.9440002,1914.2600098,5.3025098,64.4421997,63.7877998,5.0167298,81.9269028,1936.8000488,6.4128098,51.1591988,63.9957008,3.0848701,211.2630005,63.5609016,38.540699,198.7380066,71.4891968,41.3083992,0.0
253.4869995,177.3990021,132.9530029,36.8288002,42.2084999,3.04527,272.9060059,191.5370026,142.8939972,34.7605019,44.5297012,3.23788,66.5904999,1973.5100098,4.6599798,61.7991982,60.2961998,3.7323401,65.0438995,2020.0,4.78719,49.8560982,61.1006012,2.1296999,211.8390045,69.2667999,38.1930008,197.0919952,80.1722031,41.6111984,9.0
250.8630066,202.7279968,125.8580017,36.108799,42.0909004,2.9981799,271.2579956,224.3269958,138.048996,34.7125015,44.9733009,3.0511401,55.2389984,2025.5600586,5.0447202,63.9706993,60.3432007,3.7162099,54.3252983,2064.9399414,4.8319602,50.7370987,56.8207016,1.83384,210.8560028,66.2530975,38.0661011,199.8240051,78.7496033,40.5549011,27.0
235.7359924,166.0500031,115.8270035,34.9048996,40.0290985,2.9298601,261.3500061,185.352005,129.9060059,33.9402008,43.3003006,3.02595,80.0876999,1904.9100342,5.2965598,64.1025009,62.8745995,4.7965698,78.7875977,1955.0699463,5.6799102,51.0050011,65.4570999,2.7973399,209.3090057,64.2443008,38.4518013,190.6620026,76.7510986,40.8933983,18.0
235.477005,171.8300018,114.2210007,34.8865013,40.0812988,2.94156,261.5369873,196.279007,129.3710022,33.9079018,43.3872986,3.01158,75.1657028,1934.6199951,5.2728901,64.2198029,63.5638008,4.63097,72.5031967,1980.5200195,5.6436801,50.990799,65.919899,2.55901,211.0599976,64.7408981,38.5643997,196.3179932,74.5370026,41.1693993,0.0
250.7250061,203.4799957,126.0090027,36.2582016,42.0484009,3.00315,271.1480103,219.0639954,138.0039978,34.8482018,44.9295006,3.03301,57.8502998,2009.3599854,5.1082702,64.1486969,61.2513008,3.8067999,56.0122986,2046.5100098,4.88872,50.8110008,56.824501,2.0700901,211.5070038,65.713501,38.0957985,201.8739929,77.3902969,40.5992012,27.0
252.3209991,167.4100037,132.552002,39.3488998,40.7097015,3.1647999,273.5950012,180.8540039,150.4640045,37.3722,42.8347015,3.46295,52.8829994,2044.8000488,5.03514,61.7318993,65.7381973,3.3549399,52.4799004,2054.5500488,6.0258698,50.229599,63.6278992,1.8950599,219.7259979,76.7120972,39.4398003,214.6569977,90.1352005,42.7879982,0.0
259.9440002,188.5180054,150.6029968,40.1212006,41.5038986,3.1656699,275.6940002,197.3470001,158.5039978,37.7999001,43.4245987,3.51069,52.0373993,2045.6600342,4.2681398,61.2042007,59.1125984,2.9426799,52.3172989,2081.3898926,4.5745201,50.0629005,60.3366013,1.61983,218.3439941,77.5980988,39.2769012,209.7570038,84.3511963,42.4417,9.0
249.3639984,174.4409943,124.4950027,36.270401,41.9166985,2.99944,270.4159851,196.2109985,136.5180054,34.7384987,44.6660995,3.0632801,70.7714005,1950.6600342,4.92309,63.782299,61.7703018,4.3997598,68.0697021,2001.7399902,5.2399001,50.7173004,63.1949005,2.3827901,209.6390076,65.3984985,37.9127007,192.7149963,78.740097,40.137001,9.0
245.6900024,174.5429993,143.3509979,37.2151985,40.9006004,2.97405,264.6069946,176.8410034,145.2700043,35.7953987,44.0028992,3.14538,86.7220001,1877.1700439,5.5117402,64.5764999,64.2520981,5.76228,86.0587006,1916.5300293,7.12992,51.4313011,65.6100006,3.36396,211.4559937,63.0822983,38.5261993,213.8200073,68.3110962,41.2142982,18.0
259.9320068,190.3280029,150.8919983,40.2433014,41.5357018,3.1625299,275.1329956,189.5149994,156.3789978,37.7160988,43.2338982,3.5624199,47.2257996,2053.0,3.8395901,60.907299,55.5345993,2.421,46.8046989,2081.5400391,3.73751,50.0042,53.0023994,1.53987,218.4409943,78.8207016,39.2771988,209.0610046,81.2649002,42.2081985,0.0
250.6900024,203.7870026,125.8160019,36.2336006,42.0541992,3.0030799,271.1940002,219.6159973,138.0559998,34.8214989,44.9438019,3.0362101,57.3493004,2013.1300049,5.08181,64.1224976,61.1304016,3.7757299,55.453701,2050.0700684,4.8562799,50.7965012,56.6996002,2.0230899,211.5220032,65.9473038,38.0970001,201.8760071,77.7979965,40.5965996,27.0
255.9109955,187.875,142.0559998,39.9906006,41.0792007,3.1828301,275.2619934,199.5249939,157.6549988,37.7825012,43.2276001,3.5986099,48.9241982,2082.2399902,4.4956298,61.6334,64.8197021,2.5825801,50.4742012,2083.1201172,5.7479701,50.2356987,61.2994003,1.60686,221.647995,87.3738022,39.5410995,224.5339966,94.9205017,43.0326004,9.0
236.1779938,166.0829926,117.1829987,35.075901,40.0710983,2.9342599,261.4960022,185.4060059,130.697998,34.0835991,43.3297997,3.0385101,82.3211975,1893.25,5.3692799,64.1573029,63.4131012,4.9818802,82.5604019,1938.3000488,6.0368199,51.0602989,66.4709015,2.9670501,209.753006,64.1607971,38.4761009,192.7149963,75.3005981,41.0261002,0.0
261.5929871,199.0780029,155.7870026,40.675499,41.6561012,3.1834099,276.5,207.6649933,162.9909973,38.1456985,43.6138992,3.63887,47.7131996,2093.1599121,4.1173501,61.3298988,60.1313019,2.30303,51.3081017,2084.2600098,4.9488702,50.1980019,58.1386986,1.41935,219.6759949,84.9511032,39.4487,220.2059937,91.1396027,42.924099,0.0
249.0119934,175.3350067,123.439003,36.225399,41.8914986,3.0002899,270.3160095,198.1660004,135.9440002,34.7174988,44.6596985,3.0554199,70.6277008,1953.1500244,4.97963,63.8344002,62.0707016,4.4099202,67.819603,2002.6700439,5.29456,50.7302017,63.4380989,2.3694501,210.0299988,65.2249985,37.9463997,194.026001,77.8098984,40.2235985,9.0
256.3259888,188.8789978,143.0149994,40.0399017,41.1202011,3.1805301,275.2680054,199.7160034,157.5780029,37.7845993,43.2196007,3.6183901,47.7910995,2086.3898926,4.4111199,61.5643005,64.0911026,2.3951099,50.6323013,2082.6201172,5.7533302,50.2304001,60.1277008,1.5672801,221.0500031,87.4437027,39.542099,222.7250061,95.0603027,42.9847984,9.0
261.2829895,193.9859924,154.6349945,40.3876991,41.6166,3.17682,276.4060059,204.2830048,162.1759949,38.0259018,43.5982018,3.56282,48.5115013,2073.8601074,4.2637801,61.2723007,60.1487999,2.64993,50.0150986,2099.1000977,4.8326702,50.0962982,60.9440994,1.4404,219.2709961,81.4753036,39.3596001,215.2050018,87.5302963,42.7092018,0.0
243.3939972,166.1349945,127.2409973,36.9305,40.1505013,3.1321001,270.0289917,184.0390015,142.848999,35.5456009,43.417099,3.25962,70.9741974,1950.5400391,4.9568601,62.8110008,62.6255989,4.3026099,70.1352997,1992.4200439,5.52424,50.9384003,64.3076019,2.4117,218.1100006,67.0262985,38.8861008,197.5659943,82.764801,43.5172997,27.0
235.7299957,169.2380066,115.2519989,34.9732018,40.0775986,2.9385099,261.4760132,192.6809998,129.6600037,33.9854012,43.3540001,3.0216701,79.6065979,1905.3699951,5.3228798,64.2118988,63.6649017,4.8558898,78.9819031,1952.3299561,5.91366,51.0391006,66.8647003,2.8503799,210.5509949,64.2910995,38.5266991,194.3589935,74.3795013,41.1542015,18.0
240.9680023,172.9859924,130.1410065,36.1561012,40.4911003,2.9535301,263.0710144,179.7070007,137.4869995,34.9580002,43.6347008,3.09179,86.0686035,1879.8900146,5.5297599,64.4148026,64.2434006,5.6233602,87.4695969,1909.5500488,7.09059,51.2896996,65.7506027,3.4280801,210.6999969,63.2994003,38.5161018,204.4380035,69.4205017,41.1702003,18.0
239.7590027,183.7259979,124.9589996,35.6851006,40.469101,2.9500201,263.0,199.2749939,134.5829926,34.5287018,43.6416016,3.0448401,81.0214996,1911.4899902,5.35077,64.4853973,63.9401016,5.2197399,83.3431015,1926.5799561,6.6736698,51.2033997,63.6385994,3.18575,211.2160034,63.4942017,38.5377007,201.1199951,70.0522003,41.2739983,27.0
250.6959991,203.7030029,125.5960007,36.1727982,42.0714989,3.0016899,271.2630005,221.5169983,138.128006,34.7615013,44.9700012,3.0443499,56.2984009,2020.7099609,5.0455298,64.0531006,60.7603989,3.7346201,54.6576996,2057.7199707,4.8273301,50.7641983,56.6156998,1.92129,211.3710022,66.3077011,38.0918999,201.4049988,78.4624023,40.5872002,27.0
259.6679993,194.7649994,151.2230072,40.4262009,41.4679985,3.1852901,276.3959961,208.3249969,162.3829956,38.0761986,43.5682983,3.61888,48.7230988,2089.1699219,4.2867398,61.4482002,62.0676003,2.4587801,50.8101997,2089.8400879,5.1946998,50.1892014,60.3838997,1.43635,220.8789978,84.964798,39.4803009,221.4620056,92.4988022,42.9921989,27.0
252.6880035,176.9149933,137.5559998,39.3086014,41.030899,3.2377999,269.8070068,189.9329987,148.0809937,36.766201,42.864399,3.36376,62.9398994,1990.1700439,4.65556,62.865799,61.0573006,3.6919799,62.1417999,2033.3800049,4.9006901,49.8174019,62.1193008,1.9934601,222.6999969,71.0223007,40.5219002,204.0700073,81.343399,43.2916985,9.0
256.0050049,173.0650024,142.0279999,39.9099998,41.1511993,3.1538301,275.006012,189.3609924,155.7129974,37.6696014,43.1110001,3.6271701,43.4112015,2072.3898926,3.7307301,60.7041016,53.8804016,1.63834,47.6576004,2091.6201172,4.0662799,50.0382004,52.1066017,1.29686,217.8829956,74.1063995,39.4043007,200.8990021,86.3656006,42.2565002,0.0
235.7259979,171.0700073,115.026001,34.8885002,40.0811005,2.9373701,261.5400085,194.2610016,129.7709961,33.9174995,43.3806,3.0160699,75.7461014,1929.5,5.2663398,64.1744003,63.1576996,4.63166,73.4144974,1977.2800293,5.5866199,50.9902,65.4363022,2.59392,210.4730072,64.6496964,38.5281982,194.4559937,75.5121002,41.0852013,0.0
238.1089935,185.0379944,119.2770004,35.1203003,40.3667984,2.9478099,262.7990112,209.076004,132.6029968,34.0780983,43.6801987,3.01612,71.6259995,1945.4899902,5.1693001,64.3572006,63.4928017,4.5756102,72.5593033,1995.6199951,5.7307401,51.0535011,63.9892006,2.5190599,211.7660065,63.3917999,38.5699005,198.5630035,75.0048981,41.243,0.0
235.8659973,174.1799927,114.8089981,34.9780006,40.1301994,2.9428101,261.6879883,201.4170074,129.3170013,33.9854012,43.405899,3.0191801,78.6855011,1897.7700195,5.3091502,64.302002,64.0062027,4.88306,80.1075974,1951.1600342,6.06638,51.0830002,67.5951004,2.96962,211.2850037,63.8016014,38.5601006,195.2359924,73.5114975,41.3571014,18.0
239.2630005,169.6179962,125.8669968,35.8129997,40.3331985,2.9470799,262.5289917,180.2669983,135.3500061,34.6898994,43.5172997,3.0858901,85.9786987,1879.7399902,5.5416899,64.3289032,64.1924973,5.5089402,87.6781006,1911.8699951,6.9581699,51.2322998,66.4599991,3.3391099,210.401001,63.7459984,38.5046005,200.6670074,71.1983032,41.171299,18.0
250.2910004,200.4600067,124.663002,36.2276993,42.0376015,3.00597,271.2179871,214.8059998,137.9120026,34.7985992,44.9622002,3.0344601,61.901001,1999.5699463,5.0726299,64.1681976,62.0214996,3.97247,59.7551003,2034.9899902,5.0504699,50.8107986,58.0996017,2.1124599,212.1119995,65.6337967,38.1212997,203.2259979,77.5035019,40.6268005,0.0
244.8190002,164.404007,127.4599991,37.9662018,40.1419983,3.1818099,265.2600098,183.9700012,142.4830017,35.985199,42.4393005,3.3253701,65.3771973,1975.9599609,5.16149,63.3065987,63.9555016,4.1870899,66.3539963,2004.4499512,5.9809098,50.9628983,64.7553024,2.3672099,220.3699951,68.5295029,39.7541008,202.6199951,85.3720016,44.1633987,9.0
256.3869934,175.9149933,143.0469971,40.010601,41.1853981,3.1603999,275.1740112,192.3079987,156.3950043,37.7102013,43.1451988,3.6563399,42.2682991,2078.7800293,3.75423,60.8068008,54.9468002,1.4849,47.5094986,2094.1899414,4.3471498,50.071701,52.6478004,1.29318,218.5549927,76.3153,39.4529991,205.4259949,88.6147995,42.4325981,0.0
260.7869873,192.7949982,153.0189972,40.3336983,41.6063004,3.1663799,275.428009,192.0970001,157.7489929,37.7952995,43.3204002,3.56389,47.2290001,2056.8798828,3.9168501,60.9922981,56.5199013,2.46963,47.4911003,2083.7199707,3.9446599,50.0189018,54.210701,1.5188,218.6880035,80.172699,39.2868004,212.326004,81.8416977,42.3390999,0.0
253.9320068,175.6000061,136.9279938,39.5849991,40.8725014,3.1714301,274.3070068,188.7910004,153.3860016,37.5381012,42.9957008,3.5012801,50.5684013,2061.4299316,4.8397102,61.6557999,64.8001022,3.0904901,50.4002991,2075.4299316,5.7646499,50.2148018,63.4985008,1.74554,220.2279968,79.3434982,39.4594994,216.7059937,90.944397,42.8479996,9.0
245.5480042,166.2969971,129.2489929,38.0489006,40.2294998,3.18238,265.5220032,185.3300018,143.2610016,36.0223007,42.4987984,3.3299799,65.2865982,1978.3499756,5.05054,63.2686005,63.2019005,4.10921,65.3767014,2011.6899414,5.7233701,50.9365997,64.343399,2.3001399,220.154007,68.3532028,39.7327995,201.5800018,84.5317001,44.0942993,27.0
239.3099976,200.7200012,121.987999,35.2027016,40.4940987,2.94789,263.4670105,216.0420074,134.6139984,34.1576996,43.8260002,3.0195701,62.3389015,1992.25,5.0225601,64.3984985,61.8218994,4.12884,60.9390984,2029.7099609,5.16008,51.0283012,58.1711998,2.23401,211.7310028,65.1843033,38.6035995,201.8630066,76.4656982,41.2737999,0.0
233.3179932,163.5769958,116.1090012,33.4029999,39.7384987,2.8786299,259.2070007,180.5930023,129.6970062,32.0127983,43.0330009,3.01878,79.558197,1903.9399414,5.0753598,62.4528999,62.2598,4.5209498,77.6919022,1958.1500244,5.5577302,49.7669983,64.5814972,2.7623301,206.727005,64.2247009,38.3633003,185.4069977,79.174202,40.3713989,18.0
238.5700073,180.826004,121.6429977,35.4816017,40.3482018,2.94414,262.3299866,200.5919952,132.121994,34.3465004,43.4962997,3.02916,82.4082031,1905.1700439,5.4053602,64.4336014,64.1242981,5.18293,86.1829987,1907.2700195,6.73943,51.1753998,64.262001,3.33251,210.9980011,63.7181015,38.5175018,197.4080048,69.5432968,41.2933006,27.0
237.2429962,174.9900055,118.8000031,35.2904015,40.2038002,2.9387,261.7879944,196.5559998,130.697998,34.2316017,43.3852997,3.03585,83.9150009,1875.2299805,5.4347,64.3237991,63.9660988,5.2308898,88.8721008,1900.9699707,6.6823401,51.1752014,66.4878006,3.4746499,210.4790039,63.5559998,38.5023994,193.9660034,71.3576965,41.3130989,27.0
238.5679932,172.7680054,123.2170029,35.6304016,40.293499,2.9440701,262.223999,186.6699982,133.4989929,34.5201988,43.4673996,3.0590799,84.8236008,1880.3100586,5.4882898,64.3319016,64.0958023,5.3952799,88.3647003,1904.6700439,6.8576999,51.2084999,66.0401993,3.4223199,210.4389954,63.5049019,38.5068016,198.2599945,70.7409973,41.1950989,0.0
238.7359924,168.0899963,124.6589966,35.712101,40.2803001,2.94503,262.3619995,179.8529968,134.8289948,34.6142006,43.4813004,3.08603,85.6910019,1881.75,5.5461102,64.2918015,64.1498032,5.4492302,87.2465973,1915.3399658,6.88167,51.2108002,66.6517029,3.2792001,210.2740021,63.9813004,38.5000992,199.5460052,72.0363998,41.1605988,18.0
262.7730103,189.1909943,141.6860046,39.6514015,42.9221992,3.17608,280.2290039,197.8130035,150.8540039,37.3111,44.8384018,3.4003699,55.6850014,2007.0799561,4.4538898,61.365799,57.5834007,3.25771,55.4658012,2055.5800781,4.3773599,49.2767982,57.2470016,1.83324,217.4490051,72.4615021,39.6968994,203.8179932,79.7677994,42.9911995,27.0
257.2969971,188.5200043,145.3679962,40.1543007,41.2382011,3.1737001,275.4590149,201.2449951,158.0549927,37.8185005,43.2476006,3.6586599,44.9402008,2087.7700195,4.0918002,61.2522011,60.1897011,1.91548,50.3404999,2087.3601074,5.2512898,50.1674004,56.358799,1.40718,219.9019928,83.7174988,39.5181999,216.3049927,93.2855988,42.8053017,27.0
261.6610107,193.9199982,155.3139954,40.4364014,41.675499,3.1702099,275.9039917,195.5570068,160.0269928,37.9244995,43.4533997,3.57476,46.7490005,2064.4399414,3.97686,61.0512009,57.3163986,2.4226601,48.362999,2087.3701172,4.1837201,50.0369987,55.4127007,1.44666,218.9230042,81.3315964,39.3121986,216.2480011,82.969902,42.5507011,0.0
242.3480072,178.0579987,133.2700043,36.3568001,40.6492004,2.95977,263.7579956,183.7279968,139.2109985,35.1032982,43.7737007,3.09583,85.9676971,1889.5999756,5.47469,64.5414963,64.2594986,5.6865001,85.558197,1917.6300049,7.12955,51.3214989,64.7657013,3.34777,211.1809998,63.1736984,38.5307007,207.8110046,68.2970963,41.2181015,18.0
254.098999,180.4750061,137.4400024,39.6374016,40.8797989,3.1759601,274.3710022,190.3329926,153.7610016,37.5441017,42.9912987,3.51895,49.953701,2067.0900879,4.7477298,61.6862984,65.1468964,3.0085599,49.9788017,2080.7700195,5.7821999,50.2302017,63.3725014,1.75969,220.9980011,83.174202,39.4858017,221.352005,92.2764969,42.8992004,9.0
256.269989,173.7100067,142.7079926,39.9812012,41.1815987,3.1577301,275.1130066,190.227005,156.0639954,37.6890984,43.1307983,3.64727,42.4006996,2075.9199219,3.7002599,60.7271996,53.9948997,1.47938,47.0892982,2093.8100586,4.1291299,50.0526009,52.1665001,1.29182,218.279007,74.9505005,39.4295998,203.3650055,87.3581009,42.3474998,0.0
261.32901,199.4109955,155.1869965,40.6926003,41.6329994,3.1830699,276.3859863,208.1940002,162.5619965,38.1325989,43.5788002,3.65499,47.448101,2094.6298828,4.0827398,61.3242989,59.9373016,2.2184601,51.6921005,2081.6398926,4.9896102,50.2162018,57.4019012,1.4244,219.5529938,84.9964981,39.4681015,219.5579987,92.1434021,42.9202995,0.0
237.1600037,180.1470032,117.1600037,35.0171013,40.2792015,2.9481399,262.4230042,206.3600006,131.3500061,33.9958,43.5998993,3.0109,72.4324036,1942.9599609,5.2016301,64.3236008,63.7942009,4.5976,72.4961014,1996.0600586,5.7308202,51.0287018,65.3071976,2.47929,211.871994,63.4572983,38.5775986,198.1940002,74.6889038,41.2314987,0.0
256.0920105,176.8480072,141.8529968,39.7661018,41.1040993,3.16857,274.9599915,194.3480072,155.8430023,37.6755981,43.2123985,3.4948001,51.8284988,2055.3898926,4.7742801,61.5214996,63.1917,3.12958,51.4347992,2078.1201172,5.4832602,50.1589012,63.7333984,1.66666,219.1329956,75.3883972,39.389801,209.7350006,89.0026016,42.6884995,0.0
257.4360046,179.947998,144.5019989,39.8317986,41.2459984,3.1647301,275.1470032,195.7910004,156.246994,37.6725998,43.2883987,3.4781799,54.1834984,2041.2700195,4.6459498,61.4205017,61.8470993,3.2463901,53.611599,2073.6999512,5.2104301,50.118,63.5178986,1.72672,218.4380035,74.4553986,39.3153992,206.8379974,87.107399,42.4939003,27.0
238.7980042,175.4349976,123.4649963,35.6683006,40.3210983,2.94435,262.2489929,187.9920044,133.375,34.5369987,43.4714012,3.04954,84.1993027,1886.4300537,5.48353,64.3578033,64.1381989,5.4025202,88.3226013,1900.9399414,6.9319301,51.2168999,65.2067032,3.4918201,210.5,63.3451004,38.5125999,198.6759949,69.6580963,41.1796989,0.0
231.0379944,164.1430054,119.1029968,33.8725014,38.5788002,2.9252999,251.3419952,181.3150024,131.2839966,32.3124008,41.1925011,3.04269,74.7434998,1935.0100098,5.13943,61.8072014,63.4015999,4.3922901,74.6919022,1966.0999756,6.07797,49.9208984,64.5807037,2.7172201,211.0010071,65.9048004,37.7322006,195.4400024,80.2444992,41.2840996,27.0
253.302002,169.3899994,135.3739929,39.4995995,40.8264008,3.1661201,274.2080078,187.0090027,152.8190002,37.5340996,42.9888992,3.48558,51.5820007,2054.2600098,4.9454598,61.6295013,64.5266037,3.1684401,51.2308998,2066.8701172,5.75284,50.2025986,63.4093018,1.72269,219.4960022,75.1162033,39.4426994,211.7980042,89.5969009,42.8367996,9.0
234.503006,174.5310059,119.0029984,33.5749016,39.8913002,2.8899,259.9689941,194.4149933,132.3079987,32.1675987,43.2374001,3.0475399,71.3335037,1948.3499756,4.9981399,62.5323982,61.5469017,4.2329402,68.7266998,2004.5300293,5.12219,49.7705994,63.2505989,2.3287799,208.2089996,66.1164017,38.4628983,191.0919952,79.8688965,40.6744003,9.0
256.5100098,178.0090027,143.2830048,39.9628983,41.1912003,3.1556101,275.0880127,193.2929993,156.2599945,37.7034988,43.1417007,3.63047,43.8576012,2070.8999023,3.78968,60.7818985,54.7867012,1.76121,48.4841003,2090.9899902,4.2192302,50.0419998,52.3540993,1.30214,218.102005,75.5074997,39.4147987,203.1300049,87.1498032,42.3274002,0.0
236.2799988,162.7929993,124.2969971,36.1300011,39.2145996,3.0250101,255.970993,176.0299988,134.9490051,34.7122993,41.7834015,3.1338,79.2105026,1914.2700195,5.3604202,63.8685989,63.9589996,4.9892402,79.2907028,1939.7399902,6.5210199,51.3039017,65.0876999,2.9447501,212.4819946,66.020401,37.9931984,201.7899933,77.8139038,40.773201,18.0
238.5010071,185.852005,120.7539978,35.2929001,40.3865013,2.9468801,262.7789917,207.7649994,132.8430023,34.216301,43.6393013,3.0248799,75.467598,1926.3199463,5.2296801,64.4123001,63.5623016,4.8027802,77.8294983,1962.3599854,6.0814199,51.1164017,63.8412018,2.8566599,211.4530029,63.5383987,38.5555,198.4980011,73.2040024,41.3042984,18.0
258.2359924,182.2429962,145.5610046,39.8302994,41.3592987,3.1547699,274.9530029,191.2149963,154.7680054,37.5656013,43.2571983,3.4556301,58.1915016,2010.8800049,4.2880998,61.1721001,58.5441017,3.34583,57.1783981,2053.1398926,4.4058099,50.0443001,60.1306992,1.86445,217.5449982,73.7058029,39.1987991,204.2319946,82.2394028,42.1778984,9.0
235.5570068,164.8910065,115.5100021,34.8400002,39.9968987,2.9258399,261.2430115,182.8910065,129.5780029,33.8874016,43.2621994,3.02422,79.9626007,1904.3800049,5.2828798,64.0634995,62.6099014,4.7607799,78.3507004,1956.8900146,5.58355,50.9883995,65.0052032,2.78773,208.7660065,64.2342987,38.4188995,188.8309937,77.6335983,40.7765007,18.0
257.9100037,186.3659973,146.6950073,40.153801,41.3223,3.16271,275.3649902,200.2350006,157.6710052,37.7868996,43.2332001,3.64975,44.2678986,2070.0200195,3.84304,60.9205017,56.0728989,1.86087,49.5239983,2090.1699219,4.4315901,50.0558014,52.8723984,1.32407,218.8789978,78.1230011,39.4438019,209.3500061,88.8814011,42.5297012,0.0
236.3269958,163.6179962,118.4970016,35.1577988,40.0466995,2.9328899,261.5339966,180.1940002,131.7630005,34.1764984,43.3138008,3.0606899,81.8844986,1899.7099609,5.43713,64.1044998,63.3426018,4.9617901,82.0414963,1941.6099854,6.0981302,51.0695,66.058197,2.92397,209.4129944,64.6961975,38.4611015,192.8329926,76.4141006,40.9874992,27.0
228.5910034,165.2779999,119.1940002,34.6166992,38.0788002,2.9930601,252.9889984,181.1580048,134.0399933,33.3809013,41.1903992,3.1144199,69.6168976,1955.5699463,5.2081599,62.6834984,63.9560013,4.22264,71.1921005,1980.8699951,6.27491,50.0480995,64.0776978,2.65256,217.1269989,66.9070969,39.4546013,199.1950073,81.7092972,43.2420998,9.0
251.5110016,170.6940002,132.6920013,38.2840996,41.1335983,3.1866701,270.6740112,186.9080048,144.9149933,36.0414009,43.2268982,3.2948899,67.8752975,1965.6300049,4.90096,62.7468987,61.6217995,3.8697901,67.0370026,2009.8800049,5.2104101,50.0096016,63.1847,2.1369801,219.2180023,68.0614014,39.7422981,200.0579987,81.9450989,42.8992996,18.0
238.2640076,170.5200043,122.7170029,35.577301,40.2585983,2.9431701,262.1539917,185.0709991,133.4389954,34.4873009,43.4519997,3.06424,85.0569,1879.0,5.4920998,64.3006973,64.0547028,5.3709302,87.9897003,1909.3199463,6.7807899,51.1934013,66.5049973,3.3473301,210.3370056,63.6853981,38.5021019,197.7850037,71.656601,41.1825981,0.0
259.644989,193.6779938,150.7940063,40.3358002,41.4920006,3.1659501,275.5379944,203.3419952,158.6589966,37.8432007,43.3061981,3.6513,44.6711998,2065.3601074,3.8452799,60.9608002,56.3544998,2.0297201,49.0611,2089.6599121,4.3301902,50.0261002,52.7162018,1.35065,219.2879944,79.7651978,39.4283981,213.3829956,87.9576035,42.5976982,0.0
261.3640137,195.0829926,155.0010071,40.4645004,41.6265984,3.1791301,276.4979858,204.9980011,162.7030029,38.0733986,43.6133995,3.58709,47.8877983,2080.3000488,4.2089701,61.280899,60.1654015,2.5095301,50.0853996,2095.8400879,4.8408399,50.115799,59.8987999,1.40653,219.6649933,82.9122009,39.3903008,218.4499969,88.2554016,42.8235016,0.0
253.5240021,181.1269989,138.0220032,38.5807991,41.362999,3.19279,271.3940125,193.9120026,147.4819946,36.1966019,43.3685989,3.34203,61.0015984,1991.5400391,4.6388001,62.6580009,59.3899994,3.44396,60.7741013,2038.9100342,4.6929202,49.9930992,60.2271004,1.92325,219.5480042,70.5603027,39.7346001,203.0970001,81.0193024,42.9662018,9.0
254.4429932,186.8939972,135.3390045,36.9417992,42.3264999,3.05007,273.2600098,199.2149963,143.9389954,34.8100014,44.6109009,3.25068,58.9740982,2005.7099609,4.4890499,61.839901,59.1535988,3.35162,57.3731003,2050.7800293,4.33814,49.8390007,58.074501,1.88853,212.4579926,71.032402,38.2266998,200.8439941,79.3556976,41.6856995,27.0
258.7120056,190.1710052,148.5709991,40.2333984,41.4019012,3.1633699,275.4379883,202.8200073,158.1390076,37.8079987,43.2657013,3.65485,44.4785004,2065.1499023,3.8355501,60.9271011,56.0840988,1.9425,49.4763985,2090.0200195,4.3740802,50.0298996,52.6130981,1.33065,219.1199951,78.614502,39.4421997,211.326004,88.6352005,42.5764999,0.0
259.3729858,188.7030029,149.8370056,40.2419014,41.4812012,3.16208,275.0509949,190.0549927,156.2089996,37.7158012,43.1853981,3.59284,45.0377998,2061.7700195,3.77619,60.8470993,54.9928017,2.16311,45.7061996,2087.2900391,3.7697101,50.0042,51.7290993,1.45232,218.5279999,78.4965973,39.3190002,207.9539948,82.5214996,42.2102013,0.0
236.5310059,177.302002,116.1309967,35.0309982,40.1959,2.9428101,261.9620056,204.647995,130.0590057,34.026001,43.4664993,3.0215399,78.0850983,1898.4100342,5.2890501,64.3255005,63.8731003,4.8747802,80.5351028,1951.9200439,6.0936899,51.1016998,67.0246964,2.9948599,211.2769928,63.514801,38.5513,195.0919952,73.7070007,41.3718987,18.0
233.970993,163.3880005,118.7369995,33.6195984,39.7820015,2.8861101,259.5069885,180.8869934,132.227005,32.2113991,43.108799,3.0514901,77.526001,1919.7399902,5.1463599,62.3823013,62.5457001,4.3663998,76.8147964,1961.2700195,5.7552299,49.7714005,64.6287003,2.67098,207.5180054,65.1723022,38.4222984,188.4550018,79.7506027,40.6043015,27.0
236.3040009,173.8939972,116.1869965,35.0703011,40.1377983,2.9373801,261.6369934,200.0319977,129.6089935,34.0783005,43.3713989,3.0343001,82.5332031,1866.3699951,5.37222,64.2885971,63.7851982,5.1065998,86.7645035,1917.9300537,6.3850498,51.1548004,67.9269028,3.37165,210.5559998,63.5196991,38.5130997,192.3410034,73.3311996,41.3992996,0.0
256.3710022,175.8379974,143.0209961,40.0181999,41.1847992,3.16115,275.1879883,192.2019958,156.4089966,37.7106018,43.1444016,3.6615901,41.8923988,2080.0,3.7465401,60.8101997,54.9931984,1.43238,47.1962013,2094.9899902,4.3687501,50.075901,52.6735992,1.29073,218.628006,76.5697021,39.4600983,205.8600006,88.8578033,42.4502983,0.0
256.9190063,181.9349976,144.1260071,39.8997002,41.1780014,3.1738901,275.2749939,197.6529999,157.3939972,37.7577019,43.2845001,3.51805,50.3703003,2066.0300293,4.6932702,61.5252991,63.3092003,3.0016999,50.2422981,2088.5700684,5.4798899,50.1641006,63.7840004,1.61255,219.6450043,78.384201,39.4150009,212.5820007,90.2137985,42.7445984,0.0
257.519989,191.6840057,145.9759979,40.1964989,41.2482986,3.1809101,275.6409912,203.5480042,159.076004,37.8823013,43.3237,3.63486,47.6329994,2089.9699707,4.2934599,61.4738998,62.7659988,2.28585,51.0962982,2083.5800781,5.5164199,50.2142982,59.219799,1.4958301,220.7689972,86.4835968,39.5279007,221.4790039,94.5020981,42.9664001,0.0
236.2319946,178.1170044,115.5329971,34.8667984,40.1623001,2.94136,261.9249878,202.3730011,130.4720001,33.8953018,43.4953003,3.01195,69.3145981,1964.8599854,5.2076302,64.2015991,62.793499,4.3598499,66.1483994,2011.4100342,5.3394098,50.9584007,63.6879997,2.2845399,211.0980072,65.0736008,38.571701,197.1450043,75.8667984,41.1498985,9.0
249.8410034,165.1589966,132.0379944,39.1581993,40.6878014,3.24105,269.519989,184.8789978,148.1629944,36.8261986,42.7081985,3.401,55.8987999,2030.6600342,5.1135502,63.0205002,64.5973969,3.47121,55.1515007,2047.3399658,5.8253498,49.9562988,63.7804985,1.8472199,223.6929932,71.2469025,40.6388016,208.7120056,87.1335983,43.7075005,9.0
253.5460052,179.529007,139.9880066,39.4571991,41.1110992,3.2411499,270.1749878,191.8410034,149.7599945,36.8699989,42.9327011,3.3935101,60.1478996,2004.2900391,4.5910501,62.8376999,60.7691002,3.51157,59.5595016,2045.9499512,4.8442202,49.8252983,61.8019981,1.8952301,222.9210052,72.4260025,40.5304985,205.7640076,81.975502,43.3651009,9.0
238.5740051,179.102005,122.2799988,35.6086006,40.3087006,2.9419501,262.0969849,188.4080048,132.3609924,34.4751015,43.4297981,3.02455,82.8544998,1899.3900146,5.47192,64.3575974,64.1707993,5.3941202,87.7057037,1899.3000488,7.0114002,51.2083015,63.7967987,3.5845201,210.3829956,63.1002007,38.5276985,198.697998,68.2302017,41.0780983,0.0
251.4259949,176.923996,130.7440033,39.2729988,40.5830994,3.1719301,273.1430054,179.677002,148.5330048,37.2274017,42.6220016,3.4826901,50.4902,2058.4699707,4.8692698,61.8079987,66.3877029,3.1946101,50.6715012,2068.4599609,6.07412,50.2776985,63.4866982,1.9758101,221.1940002,84.9784012,39.4976997,225.2460022,92.4608002,42.8739014,0.0
258.8399963,184.8710022,147.4069977,39.9673004,41.4328995,3.1551299,274.9869995,188.9750061,155.1340027,37.6044998,43.2424011,3.48913,54.7134018,2021.0300293,4.02075,60.9902992,56.3454018,3.00722,53.5073013,2059.9599609,3.86906,50.0102997,56.5259018,1.75884,217.6759949,75.1215973,39.2034988,205.1569977,80.5431976,42.1259003,27.0
253.9400024,186.4069977,133.7449951,36.8235016,42.2845001,3.0474701,273.1210022,200.0249939,143.0140076,34.7429008,44.6001015,3.2319701,59.9071007,2001.25,4.5436101,61.8875999,59.3456993,3.4598401,58.0173988,2047.5699463,4.4058299,49.8516006,58.3423996,1.9282399,212.4100037,70.1013031,38.2322006,200.0189972,79.0734024,41.6780014,27.0
236.3040009,169.125,116.9759979,35.1176987,40.1119003,2.93806,261.5799866,191.1519928,130.4089966,34.1086998,43.3596001,3.03438,82.5242996,1885.1800537,5.37989,64.2309036,63.7773018,5.0532098,84.1829987,1929.5,6.2266302,51.0954018,67.2841034,3.1047101,210.3410034,63.9466019,38.5079994,193.9490051,73.7771988,41.1847992,0.0
260.144989,192.9199982,151.8809967,40.3722992,41.5475006,3.16681,275.2229919,194.3289948,157.1679993,37.7803993,43.2275009,3.6152899,44.3440018,2067.0800781,3.8108599,60.9225998,55.8213997,2.12185,46.1869011,2090.0400391,3.9878199,50.0163994,51.9401016,1.41602,219.0110016,80.1673965,39.353199,211.4680023,84.0483017,42.3353004,0.0
256.4060059,176.1450043,143.0829926,40.0022011,41.1859016,3.15959,275.1600037,192.5200043,156.3880005,37.7103004,43.1460991,3.65078,42.6715012,2077.4399414,3.7650199,60.8054008,54.9353981,1.54466,47.8480988,2093.3500977,4.3308601,50.0674019,52.6328011,1.2956001,218.477005,76.0970993,39.4458008,204.9869995,88.3789978,42.4149017,0.0
237.5339966,178.8249969,118.6289978,35.2649002,40.2509003,2.9391401,261.8179932,202.8079987,129.7969971,34.145401,43.3727989,3.01599,83.4402008,1902.0300293,5.4387898,64.4176025,64.2408981,5.1349201,87.6632004,1896.7199707,6.74404,51.1325989,64.7354965,3.3742299,210.947998,64.0326996,38.4952011,194.2720032,69.302002,41.3446999,27.0
249.4360046,185.9160004,123.6589966,36.1526985,41.9487,3.0013499,270.6319885,210.0630035,136.4519958,34.6952019,44.773201,3.05024,62.9734993,1990.7399902,5.0133901,63.8933983,61.516201,4.0743198,60.5234985,2038.2700195,5.0764499,50.7235985,61.142601,2.06989,210.6710052,65.7189026,38.0124016,197.0690002,77.9676971,40.3809013,0.0
234.9089966,173.8699951,112.4670029,34.8728981,40.073101,2.9508901,261.5660095,200.072998,128.4279938,33.8785019,43.3894005,3.00056,74.0728989,1942.1300049,5.2665801,64.3145981,64.2787018,4.6371298,71.9018021,1988.3399658,5.7410402,50.9869003,66.5202026,2.4813199,212.3049927,64.3655014,38.6304016,199.6719971,73.072998,41.2919998,0.0
259.6319885,195.7510071,151.1529999,40.4575005,41.4637985,3.18503,276.302002,208.2089996,162.0070038,38.0677986,43.5373001,3.6329801,48.5502014,2092.6298828,4.2497101,61.4464989,61.9514999,2.37746,51.3419991,2085.4899902,5.2417798,50.209301,59.6780014,1.44677,220.6869965,85.6472015,39.4934998,221.6529999,93.2276001,42.9986992,27.0
241.4440002,181.8249969,130.3829956,36.1012001,40.608799,2.95719,263.7130127,189.3820038,137.7700043,34.8820992,43.7541008,3.08113,84.8812027,1900.1300049,5.41505,64.5747986,64.1561966,5.6435399,84.3485031,1926.1600342,7.0728598,51.2882004,63.9996986,3.24863,211.2510071,63.2496986,38.539299,206.1580048,68.736702,41.2470016,18.0
259.3250122,186.5549927,148.7310028,40.0311012,41.4687996,3.1585,275.2059937,191.2330017,156.1679993,37.6664009,43.2974014,3.49789,53.5758018,2028.8599854,4.0851102,61.0545998,57.1549988,2.96767,52.9137001,2066.4899902,4.0690198,50.0247002,57.3928986,1.71209,217.9029999,76.2170029,39.2247009,207.1649933,81.4412003,42.228199,0.0
256.9599915,181.1679993,144.4490051,40.0649986,41.2304001,3.16221,275.2669983,196.6029968,157.0449982,37.7517014,43.1873016,3.65168,43.5376015,2076.6298828,3.83917,60.9045982,56.0289993,1.70044,49.0512009,2091.4699707,4.5110798,50.0786018,53.1641998,1.31291,218.7539978,77.6676025,39.4561996,207.6349945,89.3317032,42.5019989,0.0
240.7980042,182.3679962,128.2709961,35.9477997,40.5488014,2.9540701,263.3630066,193.1309967,136.4440002,34.7509995,43.7002983,3.06444,83.1260986,1904.8900146,5.3948698,64.5262985,64.0726013,5.4434099,84.164299,1923.1800537,6.90099,51.2528992,63.7834015,3.2486,211.2120056,63.3391991,38.5371017,204.0220032,69.1112976,41.2485008,0.0
246.0059967,168.1199951,130.0870056,38.0549011,40.2935982,3.18033,265.5710144,185.7819977,143.0549927,35.9944,42.5265999,3.31918,67.0709991,1970.2900391,4.94454,63.2347984,62.4892998,4.1599398,66.4448013,2010.2700195,5.4869399,50.9119987,63.9519005,2.3226099,219.7879944,68.0777969,39.6968994,199.9080048,83.1451035,43.9826012,27.0
247.1809998,184.4420013,128.3170013,34.6934013,41.5694008,2.9159701,267.32901,204.5119934,138.7380066,32.8908005,44.3288994,3.0855601,60.4780006,1994.4100342,4.7135501,61.8958015,59.5791016,3.67397,58.3661003,2045.7199707,4.4503298,49.4794998,59.5477982,1.92579,209.2709961,67.9764023,37.7244987,198.2920074,79.4962006,41.0139999,27.0
257.1019897,189.802002,144.9069977,40.1374016,41.2081985,3.1773901,275.4419861,201.4660034,158.1210022,37.8228989,43.2535019,3.64609,46.1817017,2089.4899902,4.2298198,61.4000015,62.0293007,2.10817,50.6749992,2084.8200684,5.5125198,50.2005005,58.0499001,1.47109,220.378006,85.8006973,39.5321999,219.3919983,94.3638992,42.9001007,0.0
236.2359924,167.5390015,117.0569992,35.0962982,40.0923996,2.93644,261.5400085,188.2449951,130.5599976,34.094799,43.3470993,3.0357201,82.3654022,1890.3499756,5.3724599,64.1949005,63.6106987,5.0134501,83.1501999,1934.8399658,6.12151,51.0750008,66.8878021,3.0202799,210.0809937,64.0688019,38.4944,193.5079956,74.4925995,41.1040993,0.0
249.5050049,164.076004,130.2200012,38.9883003,40.656601,3.2367499,268.9979858,183.0339966,145.822998,36.6627007,42.6511993,3.3406501,61.6439018,2002.1899414,5.18188,63.0607986,64.8487015,3.8513701,60.678299,2025.3000488,5.8888001,49.9210014,64.3862991,2.0431299,223.3159943,69.5966034,40.6049004,206.4100037,85.2779007,43.5113983,9.0
237.5549927,164.3110046,122.25,35.4984016,40.1489983,2.93995,261.9930115,177.9069977,134.0160065,34.4651985,43.3969002,3.0922,83.3447037,1896.8000488,5.5669198,64.1798019,63.9555016,5.2130799,84.1020966,1932.0999756,6.6276999,51.1543007,66.606102,3.06144,209.8990021,64.8914032,38.489399,197.1970062,74.6037979,41.1183014,18.0
262.1499939,195.6289978,156.7879944,40.5497017,41.7100983,3.17542,276.375,200.9279938,162.3289948,38.0647011,43.5814018,3.59919,46.596199,2076.6999512,4.03614,61.1377983,58.3871994,2.3384099,49.6212997,2089.2800293,4.5097799,50.0807991,56.7214012,1.38037,219.2870026,82.848999,39.3639984,219.7700043,85.7391968,42.7868996,9.0
239.2660065,193.1849976,122.4459991,35.3431015,40.475399,2.9491301,263.2730103,210.5749969,134.2519989,34.259201,43.7510986,3.0244401,70.3740997,1955.4699707,5.1296101,64.4442978,62.9238014,4.5802398,70.9572983,1990.7199707,5.7536302,51.0946007,61.1265984,2.5977001,211.6239929,64.0355988,38.577301,201.0010071,74.1356964,41.2770004,0.0
259.019989,189.0579987,149.2059937,40.2378998,41.4379997,3.1624401,275.2179871,195.628006,157.095993,37.7624016,43.214901,3.62342,44.2593002,2065.25,3.796,60.8699989,55.3753014,2.0217099,47.1278992,2090.25,4.0443201,50.0164986,51.8610992,1.37401,218.7319946,78.461998,39.3773003,209.0269928,85.256897,42.3614998,0.0
256.4070129,176.3439941,143.0679932,39.9870987,41.1846008,3.1582799,275.1359863,192.6329956,156.3430023,37.7080002,43.1447983,3.64363,43.1184998,2075.5400391,3.7739999,60.7970009,54.8610992,1.61438,48.1605988,2092.4199219,4.29634,50.0601997,52.5681,1.29728,218.348999,75.7696991,39.4356995,204.2510071,87.9953995,42.385601,0.0
238.6049957,188.6309967,120.5559998,35.2089996,40.4123001,2.94807,262.9930115,210.0350037,133.2819977,34.1492996,43.712101,3.0197301,71.2478027,1948.4799805,5.1539998,64.3925018,63.2784004,4.5723801,72.2957001,1992.1800537,5.7444401,51.0719986,62.8202019,2.56727,211.7109985,63.6455994,38.5730019,199.4340057,74.7455978,41.2658997,0.0
259.2149963,186.5350037,148.5549927,40.0461998,41.4678001,3.15728,275.0809937,189.3190002,155.6909943,37.6459999,43.2551003,3.5083699,52.5497017,2030.2700195,3.9712,60.967701,56.1161995,2.8460701,51.5373001,2066.6799316,3.8222001,50.0087013,55.6706009,1.6927,217.875,76.2279968,39.222599,206.4490051,80.6613007,42.1624985,27.0
239.003006,191.772995,120.802002,35.1155014,40.4674988,2.9498899,263.3420105,211.9700012,134.3009949,34.0691986,43.8403015,3.0150399,66.3352966,1977.7399902,5.0736899,64.3590012,62.8987007,4.2899098,65.6297989,2026.1400146,5.3568201,51.0131989,61.3563004,2.1901,212.121994,63.948101,38.5918999,200.7369995,76.8270035,41.1926003,9.0
240.2649994,186.1609955,126.3259964,35.7566986,40.5290985,2.9525299,263.355011,199.2960052,135.6179962,34.5906982,43.7103004,3.0505099,80.0552979,1917.9100342,5.3101201,64.5264969,63.7765999,5.23804,81.2522964,1939.0300293,6.6254702,51.2117996,62.9818001,3.0873799,211.3269958,63.473999,38.5479012,202.871994,70.2846985,41.2687988,27.0
253.0769958,182.8280029,134.9340057,39.5606003,40.7624016,3.1779499,273.9349976,186.6790009,152.1569977,37.4411011,42.8508987,3.5343499,49.5169983,2069.5100098,4.7161798,61.7762985,66.4014969,2.94467,50.2215996,2076.1499023,6.0543098,50.2709007,62.7818985,1.85569,221.6790009,88.4052963,39.5315018,227.0449982,94.2833023,42.9651985,0.0
237.9250031,164.3549957,123.947998,36.6189003,39.2983017,3.1109099,262.1170044,183.3249969,139.3580017,35.0477982,42.2835007,3.2467899,68.2369003,1967.0600586,5.2258301,63.9109001,64.137001,4.0936599,68.8336029,1990.0200195,5.9632902,50.6990013,64.2881012,2.45542,218.9900055,67.8506012,39.4071007,200.6080017,83.2105026,44.7823982,9.0
259.8930054,190.5579987,150.9790039,40.2812996,41.5318985,3.1634901,275.07901,189.651001,156.2850037,37.7204018,43.2052002,3.5807099,45.7975006,2059.0500488,3.8019099,60.8838997,55.3209991,2.2812099,45.8021011,2085.2900391,3.7441001,50.0032997,52.1638985,1.49473,218.5930023,79.1417999,39.2986984,209.1239929,81.7783966,42.2047997,0.0
252.095993,171.8500061,132.2129974,39.3460007,40.672699,3.1684501,273.473999,180.6239929,150.0310059,37.3352013,42.7673988,3.4756401,51.4720001,2052.6201172,4.9593101,61.7607994,66.0276031,3.26121,51.3464012,2062.2800293,6.0477099,50.2487984,63.5623016,1.91325,220.3679962,80.5578995,39.4684982,219.2369995,91.2491989,42.8368988,0.0
256.2009888,188.6490021,142.7389984,40.0261993,41.1078987,3.1818099,275.2879944,199.8910065,157.7140045,37.7901993,43.2304993,3.6092601,48.4105988,2084.7199707,4.4503198,61.5984993,64.4488983,2.4887199,50.6082001,2082.75,5.7462201,50.2335014,60.7141991,1.58513,221.3339996,87.4737015,39.5410995,223.6750031,95.0103989,43.0105019,9.0
261.6229858,197.5370026,155.6450043,40.5648003,41.6651001,3.1763799,276.2090149,203.076004,161.5859985,38.0383987,43.5228996,3.6225901,46.3129997,2080.9499512,4.0022802,61.1573982,58.3837013,2.25336,49.7961006,2087.2900391,4.5643702,50.1057014,55.9774017,1.39029,219.3890076,83.2996979,39.3972015,218.673996,87.5089035,42.7605019,9.0
255.6970062,184.5330048,133.1820068,36.4487991,42.6640015,3.02741,270.4649963,200.4450073,140.6569977,33.8101006,44.4855003,3.1824901,59.6633987,1994.6400146,4.5918002,62.6110992,59.4726982,3.60888,57.8054008,2045.7900391,4.4365201,49.4724998,58.6548996,1.97044,212.7920074,68.6165009,37.3154984,199.1940002,79.1705017,41.263401,27.0
241.3249969,182.9429932,129.9720001,36.0620995,40.6082993,2.95698,263.7399902,190.6880035,137.6000061,34.8466988,43.7578011,3.07816,84.4540024,1903.1899414,5.3955898,64.5865021,64.1041031,5.6312299,83.8711014,1929.2800293,7.0479698,51.2825012,63.7425003,3.21896,211.2769928,63.2649994,38.542099,205.9759979,68.8594971,41.2514,18.0
233.9680023,164.0970001,124.6719971,36.8744011,38.7447014,3.0940199,257.9129944,176.701004,138.3359985,35.7617989,41.8189011,3.2184501,71.8267975,1941.9000244,5.2729301,64.661499,63.7219009,4.6385298,72.9132004,1972.2199707,6.2863698,51.3885994,64.2164001,2.69645,218.4320068,67.0632019,39.6901016,203.7339935,80.6688004,42.6699982,18.0
252.345993,174.8919983,136.901001,39.2803993,40.9799004,3.2381301,269.8129883,189.7960052,148.3350067,36.7832985,42.8569984,3.3661101,62.2066002,1996.1800537,4.7634301,62.8988991,61.8095016,3.6861401,61.4957008,2036.0999756,5.12745,49.844101,62.9620018,1.97712,222.779007,70.7894974,40.5365982,204.1799927,82.7694016,43.3456993,18.0
263.3450012,190.1629944,143.3789978,39.7787018,42.9747009,3.1793001,280.4450073,197.5919952,151.9320068,37.3860016,44.8692017,3.42483,54.1162987,2014.2700195,4.3825202,61.3568001,57.3778992,3.1382599,53.9916992,2061.3500977,4.3066502,49.2831993,56.8540001,1.78447,217.6300049,73.479599,39.7042999,205.0509949,80.0775986,43.0334015,27.0
241.6239929,180.5930023,130.9850006,36.1567001,40.6128998,2.9575801,263.6950073,187.8009949,138.0390015,34.9313011,43.7526016,3.0847399,85.2981033,1896.7800293,5.43573,64.5623016,64.2030029,5.6561298,84.8190994,1922.9000244,7.0960302,51.2957001,64.2650986,3.2818501,211.2230072,63.2321014,38.5362015,206.4579926,68.593399,41.2402992,18.0
236.7070007,165.6909943,118.9860001,35.2335014,40.1043015,2.9362199,261.6589966,183.121994,131.7769928,34.2218018,43.3521004,3.05476,83.4533997,1888.9899902,5.43431,64.1740036,63.6226006,5.1006598,84.5102005,1929.75,6.2813702,51.0999985,66.6359024,3.0601699,209.8070068,64.2297974,38.4788017,194.0610046,74.7730026,41.0648994,27.0
237.9290009,168.6450043,122.0889969,35.5154991,40.2209015,2.94188,262.0599976,183.6329956,133.272995,34.4450989,43.4309006,3.0669799,84.9722977,1880.5600586,5.4936399,64.2671967,63.9985008,5.32829,87.3367996,1914.3599854,6.6946402,51.1750984,66.7209015,3.27075,210.2120056,63.8860016,38.4970016,197.1820068,72.5063019,41.1594009,0.0
257.0169983,180.7030029,144.4689941,40.0088997,41.2406998,3.1561,275.1059875,194.2859955,156.4230042,37.7134018,43.1562004,3.6275001,44.0789986,2067.8300781,3.7903199,60.7915001,54.8368988,1.84281,48.3166008,2090.6201172,4.1619701,50.0299988,52.1390991,1.31519,218.1750031,75.9464035,39.4043999,204.0619965,86.6500015,42.3264008,0.0
234.9980011,164.9880066,122.2549973,35.2097015,39.1116982,3.0538299,261.2890015,182.7660065,137.1060028,33.8908997,42.3987007,3.16522,74.316803,1937.0200195,5.0390301,62.9603996,62.8875999,4.3260598,73.1969986,1976.7199707,5.6399899,50.0443993,64.3841019,2.53511,218.3099976,66.1956024,38.1851006,195.1049957,81.1977005,43.0845985,27.0
239.3650055,187.9109955,121.3679962,35.0444984,40.5036011,2.9498799,263.4580078,211.9559937,134.7660065,34.0085983,43.8959007,3.01069,65.9406967,1981.5200195,5.07864,64.2854004,62.9947014,4.2786002,65.1761017,2036.3000488,5.3342099,50.9788017,62.3544998,2.00226,212.0370026,63.3829002,38.5493011,199.0610046,77.4738998,41.0247993,9.0
251.0650024,169.8939972,133.6679993,39.1109009,40.8405991,3.2356701,269.4020081,186.9909973,146.8090057,36.6971016,42.7669983,3.34182,63.6889992,1990.2199707,4.9386101,62.9636002,62.9183006,3.8382101,62.8349991,2026.0999756,5.4127002,49.8651009,63.7616997,2.04878,222.7669983,69.3834,40.5503006,203.5209961,83.3976974,43.3527985,27.0
260.0159912,193.4230042,151.9170074,40.341301,41.4912987,3.1826401,276.3800049,207.2220001,162.2510071,38.0372009,43.577301,3.58009,48.6741982,2082.1298828,4.3754001,61.418499,61.9719009,2.6493599,49.7401009,2100.7600098,5.1584802,50.1455002,62.1414986,1.44489,220.3130035,82.9623032,39.4306984,217.4369965,90.8911972,42.8474998,27.0
257.6690063,191.9570007,146.3769989,40.2210999,41.2644997,3.1830399,275.7770081,204.6470032,159.7100067,37.9188995,43.3698997,3.628,48.3456993,2089.3798828,4.3309999,61.5112991,63.1417007,2.3784399,51.0886002,2084.0800781,5.50138,50.218399,59.9127998,1.50161,221.0809937,86.5279007,39.5262985,222.4909973,94.4792023,43.0054016,0.0
256.723999,179.6679993,143.8910065,40.0485992,41.2088013,3.1625299,275.243988,195.4380035,156.8659973,37.7406006,43.1735992,3.6558299,43.0512009,2078.8601074,3.8299601,60.8992004,56.0042,1.62098,48.6292,2092.4499512,4.5360098,50.0849991,53.2103004,1.30893,218.7799988,77.6691971,39.463501,207.503006,89.5371017,42.5052986,0.0
245.1170044,174.5119934,125.5630035,35.1935997,41.2179985,2.9679301,269.7099915,191.8589935,138.6269989,33.737999,44.3678017,3.1298699,70.3487015,1950.6700439,4.82832,62.3471985,60.7058983,4.0096302,68.5410995,2005.1800537,4.97258,49.6515999,62.3746986,2.2724299,210.1840057,66.8231964,37.8814011,194.0050049,79.3907013,42.2929001,9.0
259.2659912,193.6589966,150.0370026,40.3445015,41.4454994,3.1704299,275.7200012,205.2380066,159.3569946,37.8974991,43.3487015,3.6575501,45.3199005,2076.2099609,3.9288099,61.0811996,57.6787987,2.0018001,50.6029015,2087.1799316,4.6725502,50.0962982,54.2843018,1.35967,219.4179993,81.2450027,39.4612007,214.7440033,90.3940964,42.7102013,9.0
236.3619995,179.8509979,115.5220032,34.8843994,40.1966019,2.9455199,262.0929871,204.3220062,130.6349945,33.8984985,43.5421982,3.0083799,68.584198,1971.4499512,5.19418,64.2474976,63.1142006,4.3509402,65.414299,2017.2800293,5.3712802,50.9584999,63.7252998,2.21753,211.6470032,64.9151993,38.5984993,198.9120026,75.4083023,41.1907997,9.0
264.1940002,186.0140076,146.0050049,39.707901,42.5573006,3.14889,278.8500061,196.3040009,153.776001,37.1618004,44.1310997,3.46104,57.0915985,2009.5699463,4.39393,61.4337006,57.5466995,3.0457301,56.8372002,2052.6499023,4.35042,49.9267998,58.8112984,1.76632,217.7700043,72.7938995,38.9113998,204.7660065,81.5195007,42.9420013,0.0
237.9019928,165.4049988,122.9049988,35.5587006,40.1897011,2.9414999,262.098999,178.5469971,134.1909943,34.5046005,43.4221992,3.08916,84.4157028,1890.3100586,5.5577898,64.2174988,64.0289993,5.30336,85.4598999,1925.5100098,6.71451,51.1719017,66.7106018,3.1392901,210.0189972,64.5442963,38.4921989,197.8430023,73.7343979,41.1307983,18.0
237.2189941,177.1459961,118.1829987,35.2433014,40.2122002,2.9377201,261.7200012,200.4660034,129.8589935,34.1621017,43.3604012,3.0237999,83.7906036,1886.4300537,5.4404802,64.365097,64.0929031,5.1857901,88.7746964,1895.4799805,6.73456,51.1585007,65.6348038,3.47716,210.6470032,63.7765007,38.4962997,193.3820038,70.2628021,41.3436012,27.0
259.8359985,188.5420074,150.2250061,40.1276016,41.5163002,3.16102,275.3330078,191.6860046,156.897995,37.7187004,43.3195,3.5185299,51.3807983,2038.5,4.02986,61.031601,56.9168015,2.8008399,51.0262985,2073.1000977,4.01827,50.0225983,56.4747009,1.6407,218.1340027,77.5197983,39.2443008,208.927002,81.5112,42.2770996,0.0
253.2940063,177.9790039,139.6109924,39.4449997,41.0680008,3.2419901,270.2369995,192.352005,150.272995,36.902401,42.9373016,3.3990099,59.1015015,2012.4799805,4.6966701,62.8694992,61.5469017,3.4888401,58.5892982,2050.9399414,5.0774999,49.8535004,62.7681007,1.8650399,223.0240021,72.3691025,40.5475998,205.9199982,83.5986023,43.4278984,18.0
261.2219849,196.5709991,154.5480042,40.4939003,41.6389999,3.1719501,275.7099915,198.5639954,159.3619995,37.9071999,43.3751984,3.61764,45.1022987,2072.3400879,3.89891,61.0391006,57.0696983,2.20456,47.7090988,2089.1298828,4.2367301,50.0495987,53.6851006,1.40572,219.2720032,82.0930023,39.3675003,215.9680023,85.2154007,42.544899,0.0
239.2570038,182.2850037,123.5739975,35.6038017,40.4164009,2.9475501,262.7030029,199.7169952,133.5599976,34.4567986,43.5794983,3.03842,81.661499,1907.9100342,5.37675,64.4588013,64.0302963,5.2041202,84.7435989,1917.4599609,6.7058401,51.1932983,63.9799004,3.2583599,211.1150055,63.5658989,38.5292015,199.5110016,69.8402023,41.2807007,27.0
250.2449951,189.951004,125.737999,36.2150002,42.0153008,3.0007701,270.9150085,213.7259979,137.7109985,34.7412987,44.8279991,3.06271,58.2207985,2006.5999756,4.9363399,63.8224983,60.5486984,3.8309801,56.1427002,2056.6201172,4.82866,50.6977997,59.5998001,1.95015,210.3200073,66.5438995,37.9902,196.3150024,79.5942993,40.3367996,27.0
258.4320068,193.4680023,148.1730042,40.3027992,41.3464012,3.17854,275.7929993,205.1159973,159.654007,37.924099,43.364399,3.65044,46.8148994,2090.6699219,4.1530099,61.3451996,61.0066986,2.135,51.3712997,2083.8898926,5.2667599,50.1896019,57.614399,1.43637,220.1889954,85.1087036,39.5089989,219.1360016,93.5468979,42.8950996,27.0
260.4410095,195.503006,152.7129974,40.4248009,41.5662994,3.1695001,275.6149902,200.8359985,158.9649963,37.8777008,43.3376999,3.63447,44.8168983,2070.1201172,3.86921,61.0059013,56.7300987,2.1115401,48.2729988,2089.3100586,4.2802901,50.0453987,53.1119995,1.38121,219.2590027,81.1062012,39.3969994,214.5559998,86.6171036,42.5586014,0.0
260.7619934,190.8600006,152.8690033,40.2514992,41.578701,3.16903,275.973999,198.6759949,159.9450073,37.8908997,43.4906998,3.53336,50.0443001,2056.0500488,4.20717,61.1827011,58.9160004,2.7695701,50.9830017,2087.9399414,4.5415201,50.0623016,59.6491013,1.5325,218.6230011,79.2319031,39.2984009,212.5579987,84.544899,42.5387001,9.0
243.3059998,176.4759979,136.1940002,36.6007004,40.714901,2.9634299,263.9750061,180.572998,140.8919983,35.3073006,43.8293991,3.1099999,86.364502,1884.2700195,5.4941902,64.5422974,64.2665024,5.7206998,85.8061981,1916.6199951,7.1408501,51.3532982,65.1210022,3.3708501,211.2140045,63.1222,38.5287018,209.6940002,68.2090988,41.2053986,18.0
260.2820129,190.3190002,151.5220032,40.2151985,41.5577011,3.1633201,275.4190063,191.9989929,157.451004,37.7607002,43.3325996,3.5372601,49.5363998,2046.6999512,3.9833901,61.0145988,56.7499008,2.65729,49.4766998,2078.1999512,3.9862101,50.0213013,55.6096001,1.5823801,218.3549957,78.6847992,39.2621994,210.5319977,81.6195984,42.3171005,0.0
255.1940002,186.1649933,140.1470032,39.8802986,40.9948006,3.1793699,274.8129883,194.7749939,155.8049927,37.6725006,43.0997009,3.59727,47.9681015,2081.6599121,4.5370798,61.653801,65.3375015,2.5354099,50.297699,2079.9499512,6.0007501,50.2480011,60.9641991,1.65891,221.1580048,88.3500977,39.549099,223.7019958,95.3480988,42.9846001,0.0
258.0409851,185.201004,146.8869934,40.1253014,41.3418007,3.1591101,275.177002,195.7579956,156.8470001,37.7406006,43.1907005,3.6279099,44.1952019,2065.2800293,3.79089,60.8296013,55.0769005,1.93415,47.8815002,2090.4499512,4.1066298,50.0200005,51.9356003,1.34124,218.4859924,77.0988007,39.3945007,206.7290039,86.1279984,42.3596992,0.0
240.7259979,181.0829926,128.151001,35.9632988,40.5292015,2.9532399,263.2049866,191.8410034,136.1999969,34.7624016,43.6693993,3.06266,83.5147018,1902.2600098,5.42172,64.5036011,64.143898,5.4456401,85.1212006,1916.1999512,6.9416299,51.2546005,63.9487,3.3166599,211.125,63.3296013,38.5318985,203.5879974,68.7754974,41.2332001,0.0
250.7799988,203.4089966,126.2279968,36.2771988,42.0461006,3.0030999,271.1159973,218.8549957,137.9989929,34.8697014,44.9203987,3.03076,57.9626007,2007.4499512,5.1291499,64.1671982,61.2818985,3.81933,56.1497002,2044.7199707,4.9018002,50.8208008,56.832901,2.0987599,211.4750061,65.5710983,38.0950012,201.8699951,77.0955963,40.6013985,27.0
254.0980072,182.3919983,134.5399933,36.9119987,42.2790985,3.0483899,273.1220093,195.4579926,143.6529999,34.8014984,44.5768013,3.24788,62.5934982,1991.2199707,4.5641198,61.8110008,59.6945,3.5213799,61.0853004,2036.6099854,4.5522699,49.8448982,59.5709991,1.99421,212.1900024,70.3788986,38.2106018,199.2890015,79.7847977,41.655899,0.0
234.7220001,171.7350006,112.322998,34.8569984,40.0387993,2.94751,261.3850098,197.1889954,128.279007,33.8727989,43.3493996,3.0034599,74.969902,1938.7600098,5.2853899,64.2766037,64.1192017,4.6476698,71.9942017,1982.4300537,5.71491,50.9832993,66.5755997,2.52371,211.871994,64.7870026,38.6146011,198.6900024,73.2236023,41.2622986,0.0
257.9219971,187.9830017,146.8130035,40.1929016,41.3153992,3.1677201,275.4920044,201.7140045,158.1829987,37.8237991,43.2633018,3.6577799,44.5200005,2078.3000488,3.92009,61.0430984,57.4779015,1.8546799,50.1974983,2088.9799805,4.7311401,50.1027985,54.1304016,1.3447,219.2599945,80.2317963,39.4734993,212.2050018,90.7359009,42.6497993,9.0
258.9530029,193.8549957,149.3809967,40.3457985,41.4059982,3.1749699,275.8070068,205.4559937,159.6929932,37.9263992,43.3690987,3.6571901,46.0279007,2086.0100098,4.0318799,61.213501,59.2862015,2.03843,51.2282982,2085.0400391,4.9849601,50.1517982,55.9611015,1.39218,219.7250061,83.2826004,39.4864006,216.7819977,92.1669006,42.8061981,0.0
240.8280029,183.7489929,128.279007,35.9301987,40.5637016,2.9545901,263.4849854,194.2449951,136.5859985,34.7363014,43.7229004,3.06446,82.6193008,1908.2800293,5.3689599,64.5460968,63.9930992,5.4391599,83.2263031,1929.4599609,6.8642902,51.2503014,63.5079002,3.1926301,211.2700043,63.3488007,38.5419006,204.3350067,69.3520966,41.2555008,0.0
236.871994,167.0820007,119.1549988,35.2663994,40.1309013,2.9377501,261.7160034,185.1450043,131.7409973,34.2416992,43.3690987,3.0519099,83.8326035,1884.6300049,5.43431,64.2080002,63.7464981,5.1498699,85.4977036,1924.4100342,6.3689399,51.1160011,66.8610001,3.1312699,210.0090027,64.0459976,38.4883995,194.5879974,73.9957962,41.1128006,27.0
258.2189941,182.1699982,145.4629974,39.8294983,41.3672981,3.15277,274.8559875,189.4640045,154.3240051,37.5409012,43.2313004,3.45508,58.5500984,2006.5100098,4.1902099,61.0978012,57.6043015,3.32529,57.2784996,2049.1699219,4.1679902,50.0270004,58.9000015,1.87879,217.4219971,73.4738007,39.1814003,203.5549927,81.1535034,42.1081009,0.0
254.1419983,184.4100037,137.5709991,39.7262993,40.8810005,3.1794701,274.4230042,191.0090027,154.2559967,37.5722008,42.9958992,3.5622399,49.101799,2074.6799316,4.6470199,61.732399,66.0912018,2.7902501,50.2462006,2078.1298828,6.0251398,50.2597008,62.1832008,1.76273,221.572998,88.4830017,39.5402985,225.8139954,94.8408966,42.9916992,0.0
235.9869995,176.9519958,114.8949966,34.899601,40.1147003,2.9296801,261.625,205.7480011,128.5610046,34.0124016,43.3554001,3.0515299,82.517601,1850.1300049,5.3524899,64.2805023,63.4936981,5.15446,87.9212036,1912.4599609,6.4390898,51.2644997,68.1110992,3.67449,210.0130005,63.218399,38.4817009,188.2259979,74.2900009,41.6781006,0.0
236.8130035,163.6679993,120.1350021,35.3101006,40.0830002,2.9360199,261.7219849,179.072998,132.8390045,34.3106995,43.3465004,3.0774701,82.1874008,1900.4599609,5.5061202,64.129097,63.632,5.0501099,82.7441025,1938.4000244,6.3344598,51.1067009,66.3162003,2.97051,209.6439972,64.9266968,38.4763985,194.8339996,75.7882004,41.0588989,9.0
255.4730072,186.4779968,140.822998,39.9201012,41.0251999,3.17874,274.901001,195.5829926,156.1049957,37.6927986,43.1183014,3.6105299,47.280899,2084.0300293,4.4872699,61.6132011,64.9002991,2.41628,50.2182999,2080.8999023,5.9853401,50.2422981,60.3498993,1.62078,220.9470062,88.1112976,39.5521011,222.6450043,95.4337006,42.9695015,0.0
256.3009949,173.8659973,142.802002,39.9985008,41.1861992,3.15889,275.144989,190.3710022,156.1399994,37.6931,43.1337013,3.65504,41.9169006,2077.4099121,3.68664,60.7313004,54.0303001,1.40926,46.7285995,2094.8701172,4.1511502,50.0577011,52.1814995,1.28778,218.3919983,75.3034973,39.4393005,204.0870056,87.7072983,42.3753014,0.0
236.0899963,162.3350067,124.1829987,36.1080017,39.1828003,3.0258601,255.9160004,176.048996,135.102005,34.6930008,41.7573013,3.14254,77.2261963,1924.4799805,5.3393102,63.8501015,63.9499016,4.8657098,77.0547028,1948.9499512,6.4507999,51.2919998,64.8664017,2.8552301,212.5249939,66.517601,38.0042992,202.0200043,78.8753967,40.7849998,18.0
237.947998,183.3659973,119.348999,35.2039986,40.3336983,2.9454899,262.54599,207.5559998,132.0050049,34.1484985,43.5934982,3.02284,76.1336975,1918.3000488,5.2452798,64.3834991,63.6674004,4.8109398,78.778801,1960.0,6.0789099,51.1091995,64.8479996,2.8884101,211.4140015,63.4443016,38.551899,197.2330017,73.4712982,41.3212013,18.0
249.8930054,194.6620026,123.8330002,36.1235008,42.0098991,3.00314,271.0100098,215.4750061,137.151001,34.6999016,44.905899,3.0416701,61.1898003,2004.0,5.0517201,64.0262985,61.6814003,3.98316,59.1898994,2045.5799561,5.0562401,50.7551994,59.4225006,1.98112,211.5189972,65.6006012,38.0806999,200.6620026,77.7926025,40.5311012,0.0
256.5350037,175.8860016,141.8339996,39.6791,41.1649017,3.1593699,274.7590027,192.2250061,154.3419952,37.5554008,43.2015991,3.4502499,57.1164017,2024.25,4.6972499,61.4322014,61.8963013,3.4486799,56.1612015,2057.9699707,5.2197399,50.1156998,63.5037003,1.84858,218.0859985,72.4363022,39.2817001,205.0149994,86.1334991,42.4033012,27.0
244.6649933,161.3399963,128.5839996,37.1237984,40.9217987,3.0429001,267.6390076,177.8959961,140.1320038,35.8282013,43.9776001,3.16096,80.8747025,1903.7700195,5.4702501,64.1922989,63.1534996,4.9693799,81.6625977,1936.3499756,6.59237,51.0889015,66.0166016,2.9196301,211.5220032,64.0077972,38.7710991,197.3029938,75.9701004,41.0113983,18.0
258.6830139,185.0039978,147.9409943,40.0155983,41.3602982,3.17048,275.6080017,199.9589996,158.503006,37.8028984,43.4025002,3.5053301,51.8353996,2056.3100586,4.5763698,61.4034996,61.7667007,3.07265,51.6711998,2088.2700195,5.1954298,50.1164017,63.6251984,1.6186,218.7380066,76.7898026,39.3414001,208.4210052,88.1481018,42.5569992,27.0
238.9080048,187.7619934,121.836998,35.362999,40.4261017,2.94804,262.9620056,207.6860046,133.4940033,34.271801,43.6735992,3.0270901,74.9207993,1932.1400146,5.2160401,64.4358978,63.4594002,4.8023901,76.9123993,1964.7900391,6.0795298,51.1231995,63.0681,2.83215,211.477005,63.6310005,38.5592003,199.5579987,72.9978027,41.2937012,18.0
249.798996,181.3829956,125.2200012,36.2573013,41.9654999,3.0008199,270.6669922,204.2350006,137.2129974,34.7471008,44.7444992,3.0648701,64.5967026,1978.9300537,4.9161801,63.7900009,61.2160988,4.10917,61.9464989,2029.6899414,5.0218201,50.7025986,61.6315994,2.15837,210.0039978,66.1276016,37.9499016,194.5149994,79.2985001,40.2300987,0.0
236.5149994,164.5440063,118.7289963,35.1938019,40.0755005,2.93451,261.5939941,181.5019989,131.7550049,34.1968994,43.3328018,3.0572801,82.8208008,1893.8599854,5.4337602,64.1391983,63.4814987,5.0374198,83.3770981,1935.4100342,6.1874499,51.0839996,66.3615036,2.99192,209.6009979,64.4364014,38.4690018,193.4129944,75.5893021,41.0214005,27.0
261.5639954,192.345993,155.0249939,40.3745995,41.6526985,3.1714799,276.2210083,199.0630035,161.2870026,37.9766006,43.5528984,3.5539,48.4566002,2063.7800293,4.1412802,61.1520004,58.6344986,2.6050999,50.1498985,2090.6899414,4.4974599,50.0595016,58.6750984,1.45621,218.8659973,80.6325989,39.3151016,215.8860016,84.4144974,42.6498985,9.0
241.8679962,179.427002,131.7669983,36.2276993,40.6221008,2.95821,263.6910095,186.1439972,138.4100037,34.9929008,43.7551994,3.0885401,85.5958023,1893.6600342,5.4542298,64.5500031,64.2344971,5.6639299,85.2071991,1919.9699707,7.1103401,51.3045998,64.493103,3.31444,211.1970062,63.2113991,38.5332985,206.871994,68.4526978,41.2310982,18.0
258.4140015,183.0299988,146.1159973,39.8832016,41.3937988,3.15271,274.8590088,188.3630066,154.4349976,37.5551987,43.221199,3.4693401,57.0568008,2010.8599854,4.0673599,61.0098991,56.543499,3.1752999,55.6380997,2052.1101074,3.9106901,50.0111008,57.2795982,1.8322099,217.4660034,73.928299,39.1831017,203.7140045,80.3869019,42.0788002,27.0
259.8640137,196.6159973,151.6060028,40.4702988,41.4926987,3.1781399,276.0339966,206.9589996,160.7870026,38.0027008,43.4490013,3.6554201,46.733799,2089.4499512,4.05584,61.2610016,59.6249008,2.1255901,51.5295982,2083.2800293,4.9924798,50.1720009,56.5887985,1.40631,219.7389984,84.1380997,39.4791985,218.1719971,92.1880035,42.8548012,0.0
248.947998,163.1040039,129.2120056,38.9855003,40.5844994,3.2390201,268.9089966,180.9360046,145.822998,36.6736984,42.5980988,3.3586099,59.0112,2015.2199707,5.2486801,63.1040001,65.8016968,3.7583301,58.1198006,2030.9599609,6.1139498,49.9603996,64.3935013,2.0162001,223.7859955,71.5495987,40.6380997,209.6190033,86.8394012,43.6306,0.0
255.522995,173.0800018,140.0910034,39.6557007,41.0545998,3.1638401,274.6879883,191.5859985,154.4790039,37.5940018,43.1562004,3.4716001,53.8959999,2042.4799805,4.8261099,61.5197983,63.0906982,3.2827499,53.2165985,2066.3300781,5.4776902,50.1525993,63.700901,1.7462699,218.7149963,73.0923996,39.3582993,207.5500031,87.9380035,42.6105003,0.0
240.378006,180.2940063,127.2139969,35.9262009,40.4861984,2.95105,262.928009,190.7640076,135.4389954,34.7271996,43.6125984,3.0541999,83.4756012,1902.0200195,5.4450498,64.4701996,64.1949997,5.4295502,86.030098,1908.8399658,6.9773102,51.2475014,63.8634987,3.40171,210.970993,63.2999992,38.5279007,202.5619965,68.3500977,41.1977005,0.0
258.2420044,191.1430054,147.6490021,40.2556992,41.3376999,3.1728599,275.6409912,203.7019958,158.8910065,37.8723984,43.3105011,3.6585701,45.3899002,2084.6599121,4.0177498,61.1814003,59.0712013,1.95683,50.8568001,2086.5800781,4.9951701,50.1436005,55.5914001,1.3823299,219.6719971,82.6512985,39.4928017,215.5650024,92.1876984,42.7695007,0.0
235.5939941,170.3049927,114.7050018,34.9706001,40.0816002,2.94082,261.4790039,195.2250061,129.3130035,33.9800987,43.3580017,3.0193801,79.4714966,1903.1300049,5.3277798,64.2478027,63.9077988,4.87429,79.274498,1950.8800049,5.9852901,51.0512009,67.3623962,2.8889699,210.9140015,64.2353973,38.5472984,195.1060028,73.7344971,41.2372017,18.0
235.7949982,170.2310028,115.3850021,34.8694,40.0675011,2.9337599,261.5039978,192.1049957,129.9210052,33.9081001,43.362999,3.01846,75.9716034,1926.9000244,5.25563,64.1317978,62.7876015,4.61165,73.7472992,1976.5600586,5.5026498,50.9822998,64.9039001,2.60094,209.9730072,64.5898972,38.4976006,192.8200073,76.4562988,40.9990005,0.0
259.0969849,185.6199951,148.2250061,39.9860992,41.4262009,3.1619799,275.3989868,195.5879974,157.0209961,37.7066002,43.357399,3.4869399,54.3768997,2033.6600342,4.3329101,61.2280998,59.3483009,3.1266501,54.1007996,2072.1899414,4.6212702,50.0643005,60.9364014,1.71582,218.0659943,75.8721008,39.2543983,207.3410034,84.0912018,42.3571014,9.0
260.8800049,193.6130066,153.9490051,40.3694992,41.5663986,3.1818099,276.4590149,207.279007,162.7669983,38.0475998,43.6231003,3.5599699,48.8437996,2079.2600098,4.4282899,61.3905983,61.828701,2.7711999,49.5441017,2105.8300781,5.1798902,50.1211014,63.3027992,1.45412,219.5549927,81.5631027,39.3951988,212.9279938,90.3725967,42.700901,27.0
249.5559998,189.7890015,123.4990005,36.1162987,41.969101,3.0017099,270.7569885,213.5330048,136.5420074,34.6823997,44.8233986,3.0453501,61.7523003,1998.8599854,5.04425,63.9474983,61.5704002,4.0276699,59.6264,2044.25,5.07586,50.7346992,60.4518013,2.00489,211.0200043,65.5934982,38.043499,198.5639954,77.714798,40.4532013,0.0
247.6649933,171.7409973,128.5749969,36.3033981,41.4678993,3.0599,278.9020081,187.3379974,144.9279938,35.3451996,45.3939018,3.2358301,70.2516022,1953.5300293,4.8117099,62.2517014,60.9612007,3.9535501,68.729599,2002.6400146,5.0726199,50.0242996,62.7346001,2.26441,215.7070007,67.4934006,39.1086998,195.1459961,80.9854965,43.1171989,9.0
248.977005,163.6840057,129.6340027,39.0377007,40.5859985,3.2406299,269.0559998,181.0529938,146.473999,36.7187004,42.6030006,3.38111,56.9110985,2025.1999512,5.2149501,63.0940018,65.7554016,3.62041,56.1249008,2038.5400391,6.0952201,49.9765015,64.1324997,1.95971,223.973999,72.5748978,40.6506004,210.9530029,87.634903,43.7006989,0.0
257.3240051,183.2460022,145.3079987,40.0951996,41.2653008,3.16204,275.302002,198.0780029,157.2830048,37.7655983,43.2052994,3.64889,43.9491997,2073.5900879,3.842,60.9076996,56.0105019,1.78063,49.3432999,2090.6899414,4.4682698,50.0684013,53.027401,1.31717,218.7579956,77.7366028,39.4482994,208.0529938,89.0541,42.5033989,0.0
261.8869934,196.2310028,156.0480042,40.6334991,41.7226982,3.1750801,275.0159912,191.651001,156.2380066,37.7616997,43.1654015,3.6073401,44.6176987,2068.5500488,3.8266201,60.9921989,56.2752991,2.23701,45.4089012,2089.5200195,3.9201901,50.0057983,52.0895996,1.47478,219.647995,81.691597,39.3160019,214.2400055,82.2695007,42.2006989,0.0
251.2940063,180.901001,130.5460052,39.278801,40.5591011,3.1751201,273.098999,180.7819977,148.2839966,37.2014008,42.5760002,3.49772,49.8652992,2063.7299805,4.7853799,61.8322983,66.6229019,3.1025,50.3389015,2072.8000488,6.0900002,50.2949982,63.2439995,1.98771,221.8059998,88.1326981,39.5229988,229.1640015,93.5819016,42.9169998,0.0
239.1300049,195.7480011,121.5920029,35.2200012,40.4732018,2.9488201,263.3380127,213.0050049,134.2810059,34.1618004,43.7985001,3.0197301,66.4778976,1974.3000488,5.0732198,64.4065018,62.5783997,4.3298998,66.0052032,2014.0600586,5.4208698,51.0483017,60.1423988,2.36251,211.8289948,64.4511032,38.594799,201.2859955,75.7871017,41.2668991,9.0
248.75,174.1430054,131.9429932,36.9972,40.9500999,3.13586,269.927002,189.2089996,143.6269989,34.9706993,43.3366013,3.2462299,67.8541031,1964.0600586,4.7648501,61.8522987,60.7322006,3.7992101,67.1561966,2009.3599854,4.9990602,49.3969994,62.1939011,2.1037199,219.4459991,68.1849976,38.5499001,198.8589935,81.2128983,41.4048996,9.0
235.6269989,162.9250031,122.1949997,35.9000015,39.1651993,3.0199699,255.75,179.151001,133.7109985,34.510601,41.7470016,3.1099801,77.8644028,1918.6400146,5.20222,63.7509995,63.3656998,4.8132701,77.2500992,1954.5500488,6.0223799,51.2182999,64.7405014,2.7844901,211.8690033,65.3404999,37.9476013,196.5310059,79.3852997,40.6086006,27.0
256.3999939,188.7920074,143.177002,40.0484009,41.1285019,3.1793201,275.2539978,199.5319977,157.4680023,37.7793999,43.2103004,3.6270499,47.1375008,2087.5600586,4.37117,61.5270004,63.6856003,2.2998099,50.5620995,2083.0,5.7453399,50.2252007,59.5424004,1.5463099,220.8179932,87.2203979,39.5432014,221.727005,95.0435028,42.9594994,9.0
251.9219971,172.6759949,136.2129974,39.2714996,40.9208984,3.2395201,269.82901,189.5469971,148.7389984,36.8175011,42.843399,3.37658,60.3470001,2007.5100098,4.8731899,62.9328003,62.6329002,3.625,59.6399002,2041.7800293,5.35392,49.8762016,63.5620995,1.92889,223.0180054,70.8072968,40.5634003,205.147995,84.3066025,43.4421005,27.0
257.2019958,188.4960022,145.3609924,40.1679001,41.2322006,3.18852,276.1279907,206.1040039,161.4720001,37.9982986,43.5009003,3.59659,49.6725006,2080.1000977,4.4861498,61.5999985,64.0550995,2.6686399,50.0099983,2091.8200684,5.4409399,50.1966019,62.2202988,1.49667,222.4909973,84.4738998,39.5242996,223.3249969,93.7245026,43.0942993,0.0
261.6409912,195.8200073,155.4369965,40.4943008,41.6764984,3.17191,275.8089905,196.5930023,159.7339935,37.9221992,43.4146004,3.5972199,45.6809998,2069.9499512,3.93104,61.0470009,57.2025986,2.30441,47.672699,2088.6699219,4.1907201,50.0430984,54.3899994,1.4241,219.1549988,82.0988007,39.3378983,216.5950012,83.8516006,42.5437012,0.0
250.0659943,200.3569946,123.8860016,36.2299004,42.0405006,3.00896,271.3200073,213.4519958,138.2310028,34.7793007,45.0115013,3.0379801,61.9081993,2003.2199707,5.0319901,64.1958008,62.0089989,3.94944,59.1595001,2036.4499512,5.0153899,50.8011017,58.0318985,2.0915899,212.7050018,66.1477966,38.1669998,205.1580048,77.8588028,40.6991997,0.0
249.5659943,183.3209991,124.3310013,36.2027016,41.9518013,3.0009999,270.6210022,206.9960022,136.7480011,34.719101,44.7519989,3.0569699,63.901001,1984.0500488,4.96807,63.8414001,61.3755989,4.0983701,61.301899,2033.3299561,5.0525699,50.7132988,61.4600983,2.1216099,210.326004,65.891098,37.9807014,195.7160034,78.5578995,40.3054008,0.0
257.4169922,186.1210022,145.5399933,40.0102005,41.2252007,3.1789,275.5480042,200.6649933,158.7079926,37.8288002,43.3455009,3.54265,49.5500984,2073.8000488,4.6075301,61.5396996,63.5105019,2.88111,49.6497002,2094.5200195,5.4703698,50.1735001,63.5345001,1.5739501,220.3500061,81.3237991,39.4445,216.2290039,91.4478989,42.8255005,0.0
244.1289978,161.2799988,127.0419998,36.9884987,40.8764,3.0408499,267.4779968,178.970993,139.371994,35.7070007,43.9430008,3.15113,79.7152023,1908.6099854,5.3673401,64.1520004,63.0027008,4.8227201,80.1924973,1944.1500244,6.29914,51.0424004,65.7057037,2.8294799,211.2949982,64.2875977,38.7607994,195.2059937,77.2530975,40.9483986,9.0
233.7859955,164.2149963,123.7949982,36.7854004,38.7378998,3.09097,257.7929993,178.4230042,137.6029968,35.6828995,41.8117981,3.2013299,73.0093994,1936.6300049,5.2322898,64.6280975,63.4743996,4.6679301,73.7729034,1971.3499756,6.1167998,51.3577003,64.2576981,2.70032,218.0829926,66.2404022,39.6674995,200.9559937,80.4872971,42.5959015,9.0
238.4309998,165.5019989,125.177002,36.668499,39.3619003,3.1106801,262.3680115,184.1609955,139.9859924,35.0752983,42.3356018,3.2492599,68.4915009,1965.0200195,5.1234498,63.8653984,63.4048996,4.09477,68.4072037,1996.1999512,5.7494302,50.6837997,64.1626968,2.4106801,218.7050018,67.4998016,39.3889999,199.4190063,82.8058014,44.7182007,27.0
239.2700043,196.7689972,122.1100006,35.2640991,40.4850998,2.9487901,263.381012,213.2400055,134.4230042,34.1996994,43.793499,3.0209899,66.4393005,1973.8599854,5.07059,64.422699,62.4561005,4.35251,66.0014038,2011.4399414,5.4474301,51.0593987,59.7742996,2.40187,211.7290039,64.5158005,38.5917015,201.4579926,75.4035034,41.2719994,9.0
253.5099945,181.4019928,132.7129974,36.7813988,42.229599,3.0454099,272.9429932,195.6329956,142.5390015,34.7229004,44.5565987,3.2274001,64.0264969,1984.0999756,4.6170602,61.8605995,59.9113998,3.64995,62.1749992,2031.0200195,4.6199799,49.8578987,59.8774986,2.0523601,212.1089935,69.3314972,38.2132988,198.2460022,79.4134979,41.6371002,0.0
256.4259949,176.9459991,143.1009979,39.9724998,41.1845016,3.15695,275.1130066,192.9409943,156.3059998,37.7061996,43.1433983,3.63695,43.5251999,2073.4599609,3.78427,60.7907982,54.8349991,1.68704,48.4121017,2091.6201172,4.26647,50.0525017,52.4968987,1.29889,218.2220001,75.580101,39.4259987,203.6199951,87.6288986,42.3578987,0.0
257.0889893,183.5859985,144.8119965,40.1054001,41.2358017,3.16645,275.3500061,198.3789978,157.4190063,37.7759018,43.2074013,3.6608901,43.5575981,2081.3500977,3.90588,61.0135002,57.3081017,1.70682,49.3740005,2091.0600586,4.77037,50.1095009,54.0541992,1.33312,219.1670074,79.6969986,39.4836998,210.6790009,90.8809967,42.6150017,9.0
250.4559937,196.1069946,125.4960022,36.1315002,42.0457993,2.9988599,271.0379944,220.6640015,137.6230011,34.7048988,44.8913002,3.0559001,56.0289993,2019.0699463,5.00559,63.8849983,60.3510017,3.7679801,54.8717003,2065.4299316,4.8422899,50.712101,58.3195,1.85535,210.5370026,66.2317963,38.0265999,197.7559967,79.0266037,40.4449997,27.0
237.0059967,168.5829926,119.2519989,35.2911987,40.1534004,2.93887,261.7600098,187.3159943,131.6600037,34.2561989,43.3819008,3.0492401,84.0158005,1880.8299561,5.4346199,64.237999,63.8394012,5.1858501,86.3679962,1919.3900146,6.4481001,51.1314011,67.0026016,3.2037599,210.1759949,63.8905983,38.4962006,194.904007,73.3255997,41.160099,27.0
237.6269989,167.0370026,121.5419998,35.4597015,40.1850014,2.94047,261.9700012,182.2030029,133.1380005,34.4071999,43.4095993,3.0694799,84.6541977,1883.8900146,5.4958301,64.2332001,63.9272003,5.2759299,86.4748001,1919.75,6.60811,51.1571007,66.7624969,3.1948099,210.0720062,64.1074982,38.4915009,196.5879974,73.3246002,41.1315994,0.0
260.1830139,196.4290009,152.2480011,40.4530983,41.5325012,3.1731999,275.8970032,205.8029938,160.2019958,37.9558983,43.4123001,3.65255,45.7563019,2078.7299805,3.94783,61.1198997,57.9728012,2.0868299,50.5402985,2086.1398926,4.65414,50.1064987,54.7317009,1.37494,219.4499969,82.2358017,39.4473991,216.3179932,89.9272003,42.7405014,9.0
239.3690033,186.3350067,123.4850006,35.5289001,40.4542007,2.9491401,263.0159912,204.026001,134.0839996,34.4033012,43.6619987,3.0357699,78.0164032,1921.8299561,5.2769899,64.4710007,63.6748009,5.0173998,80.240097,1944.9699707,6.3832598,51.1659012,63.2314987,3.01373,211.345993,63.5727005,38.5488014,200.3869934,71.4608994,41.2896996,0.0
260.9039917,191.548996,153.8209991,40.3185997,41.5677986,3.1789401,276.3280029,205.6000061,162.1950073,38.0057983,43.6063995,3.53842,49.7492981,2072.0300293,4.4850202,61.3757019,61.6966019,2.90007,50.0978012,2102.9699707,5.1865401,50.1069984,63.8414001,1.49675,218.9559937,79.6280975,39.3639984,209.4640045,89.5774994,42.5901985,27.0
240.0709991,184.9210052,125.8160019,35.7331009,40.5040016,2.95154,263.2019958,199.0820007,135.2140045,34.5704002,43.6813011,3.04865,80.572403,1914.5600586,5.3310399,64.5073013,63.8637009,5.23419,82.280098,1933.0899658,6.6535602,51.2094002,63.3209,3.1344199,211.279007,63.4705009,38.5432014,202.1660004,70.1632996,41.270401,27.0
238.9850006,191.3329926,121.6200027,35.2848015,40.448101,2.94859,263.1489868,210.4340057,133.8309937,34.2109985,43.7346992,3.02246,70.7903976,1952.3299561,5.1410298,64.4216003,63.0853004,4.5734801,71.6416016,1990.7399902,5.75067,51.0849991,61.8370018,2.5892701,211.6640015,63.8830986,38.575901,200.3119965,74.417099,41.2751999,0.0
252.5769958,176.0149994,135.5149994,38.4392014,41.2532005,3.1898201,271.0650024,190.5980072,146.3269958,36.1257019,43.3045006,3.3192301,64.5351028,1978.4100342,4.7662201,62.7014008,60.4883995,3.6572499,64.0245972,2024.8100586,4.9526901,50.0015984,61.8325005,2.02949,219.3630066,69.3170013,39.7373009,201.4230042,81.5748978,42.9309998,9.0
238.3029938,166.7059937,123.723999,35.6315994,40.2344017,2.9432499,262.2260132,179.2400055,134.4689941,34.5555992,43.4510002,3.0871601,85.2005997,1885.1899414,5.55124,64.2557983,64.0970993,5.3836198,86.5261002,1919.8000488,6.8025799,51.1913986,66.7310028,3.21383,210.1499939,64.237999,38.4959984,198.6519928,72.8567963,41.1464996,18.0
251.4839935,172.1849976,134.375,39.1214981,40.8998985,3.2342601,269.4100037,187.4980011,146.4859924,36.667099,42.7840996,3.33323,65.4200974,1979.6300049,4.8248501,62.9277,62.0838013,3.8878601,64.5361023,2021.3100586,5.1816802,49.8339005,63.1980019,2.0918801,222.5090027,69.3757019,40.5234985,202.3840027,81.9813004,43.2571983,18.0
254.9779968,185.2420044,139.7799988,39.8443985,40.980999,3.18274,274.9809875,196.5339966,156.5119934,37.703701,43.1544991,3.56512,49.6422005,2075.1599121,4.60677,61.6898994,65.3192978,2.8011701,50.0253983,2084.2600098,5.74862,50.2360992,62.5475006,1.67582,222.0140076,86.3812027,39.5297012,225.1959991,94.1567993,43.0276985,9.0
250.9069977,200.2440033,126.0159988,36.0657005,42.0942001,2.9954,271.1889954,225.2400055,137.852005,34.6767998,44.9527016,3.05652,54.9126015,2026.1899414,5.0411301,63.8917999,60.0984993,3.7251401,54.4259987,2069.0300293,4.8464198,50.7136002,57.4085999,1.7848001,210.3560028,66.134903,38.0353012,198.0839996,78.9244995,40.5036011,27.0
235.8789978,162.6150055,123.1819992,36.0089989,39.1790009,3.0228801,255.8399963,177.7819977,134.3869934,34.6074982,41.7574997,3.1245999,77.9235001,1919.5100098,5.2768502,63.8028984,63.6528015,4.8585601,77.685997,1949.3699951,6.2466102,51.2574005,64.8666992,2.83693,212.2169952,65.7393036,37.9757996,199.2400055,78.9037018,40.703701,9.0
252.7630005,175.8300018,130.7250061,36.6721992,42.146801,3.0414701,272.6659851,190.9880066,141.4539948,34.6604004,44.4958992,3.2135601,68.7117996,1962.4899902,4.7130699,61.8544006,60.5461006,3.89447,66.7792969,2011.0699463,4.8597498,49.8703995,61.4642982,2.21702,211.6909943,68.0286026,38.1910019,195.6690063,79.6688995,41.5730019,9.0
237.2960052,180.5079956,117.8170013,35.1175003,40.2700005,2.9439299,262.2690125,206.647995,131.0540009,34.0864983,43.5337982,3.0222001,77.1788025,1907.2700195,5.2674799,64.3551025,63.7672005,4.8454399,79.9938965,1955.0899658,6.0980802,51.1077003,65.9703979,2.9535799,211.3339996,63.412899,38.5486984,195.9389954,73.620903,41.3493004,18.0
257.9389954,191.647995,146.9530029,40.2364006,41.2988014,3.1764901,275.6430054,203.6649933,158.9440002,37.8769989,43.3126984,3.65326,46.1255989,2089.1699219,4.13169,61.3111992,60.7291985,2.0562999,51.0471992,2085.0600586,5.2687101,50.1799011,57.1114998,1.42723,220.0899963,84.6235962,39.5130997,218.1049957,93.4847031,42.8599014,27.0
239.2380066,189.4900055,122.7310028,35.4193001,40.4594002,2.9490499,263.125,207.6329956,134.0449982,34.3175011,43.7032013,3.0290899,74.3155975,1937.25,5.20047,64.4569016,63.3406982,4.80019,75.8767014,1968.0500488,6.0657001,51.1287994,62.3890991,2.8049099,211.4949951,63.7212982,38.5629005,200.4859924,72.8687973,41.2860985,18.0
