DI_Al_0_2,DI_Ca_0_2,DI_Fe_0_2,DI_K_0_2,DI_Mg_0_2,DI_P_0_2,DI_Al_2_6,DI_Ca_2_6,DI_Fe_2_6,DI_K_2_6,DI_Mg_2_6,DI_P_2_6,TOC_0_2,IC_0_2,TN_0_2,TOC_2_6,IC_2_6,TN_2_6,PhosphorusTreatment
209.2330017,93.1604004,120.072998,57.6996002,31.7887993,19.8966999,230.0469971,91.9300995,124.8759995,47.5323982,33.6133995,16.0715008,206.8609924,46.1982002,28.2537003,190.7200012,59.8974991,23.2254009,0.0
195.1029968,112.5780029,126.1490021,67.0110016,30.7427998,16.6466007,258.256012,131.8569946,141.6640015,56.2737999,37.9389992,11.5649004,210.9290009,53.9278984,29.4120998,184.6849976,72.8613968,25.8432999,0.0
209.7899933,88.4246979,120.5920029,59.0223007,31.8502007,20.8939991,226.147995,85.9688034,124.2850037,50.906601,33.5309982,17.1009007,206.371994,47.6795006,26.9006004,184.7440033,60.4682999,22.2518997,0.0
210.1179962,90.066803,120.7279968,59.4025002,31.8810005,21.1664009,227.4409943,87.4527969,124.098999,51.7546997,33.5634995,17.3125,206.3040009,48.4522018,26.7859993,183.7940063,60.7411003,22.1028004,0.0
198.9940033,119.6309967,130.1950073,72.1345978,30.8964005,16.3139992,255.1889954,138.8350067,143.0330048,63.8115005,37.2513008,11.5953999,211.1909943,59.6794014,29.7824993,192.2449951,78.5031967,26.4747009,0.0
206.6430054,120.3069992,119.4889984,60.2249985,31.5254002,20.0170994,238.1040039,119.2229996,118.0350037,44.9547005,32.9622993,15.0873003,207.522995,43.4632988,34.4485016,195.5189972,58.1211014,25.4934006,0.0
198.4140015,115.7839966,132.802002,74.3086014,30.8605003,16.0433006,268.1229858,142.6649933,142.9570007,59.8434982,37.8849983,12.8582001,209.8639984,53.6022987,29.5177002,195.4380035,69.4843979,26.1779003,5.6
209.5149994,88.0883026,120.512001,58.5984993,31.8223991,20.5769997,225.2380066,85.5395966,124.0650024,50.1152,33.5035019,16.8395004,206.4660034,47.2961006,27.0524998,186.0169983,60.2944984,22.4461002,0.0
196.7339935,93.9962997,128.9779968,60.2705994,29.7602005,16.7837009,230.8899994,100.8259964,135.4349976,52.098999,32.7899017,14.9446001,194.1470032,50.0831985,26.2917995,194.0,62.6730003,23.6166,11.3
197.9720001,121.1419983,132.8849945,75.3559036,30.8500996,16.6924992,264.6279907,139.1790009,143.0859985,63.9183998,37.8064003,12.3751001,210.2610016,55.1050987,30.2863007,192.6580048,70.1135025,25.6411991,0.0
206.7709961,120.5530014,119.3649979,60.3226013,31.5387993,20.0510998,239.4340057,120.2639999,117.9179993,44.8153992,33.0147018,15.0469999,207.572998,43.2181015,34.7742996,195.1369934,58.1385994,25.5914001,0.0
205.4839935,105.2389984,120.4290009,57.9754982,31.3913002,19.7740002,225.5789948,102.7490005,122.2659988,45.7354012,32.5317993,15.3133001,206.9019928,45.9146004,29.9041004,193.9720001,59.5906982,23.7516003,0.0
203.772995,94.4859009,130.3480072,74.9029999,31.5258999,18.1847992,252.7169952,112.8970032,136.1190033,67.6938019,37.6661987,12.2847996,212.4640045,60.2182999,27.8379002,188.8119965,77.7722015,24.9095001,0.0
203.8609924,178.1499939,128.5930023,68.4938965,31.2859993,13.7264004,267.881012,195.7059937,147.772995,63.3084984,37.5042992,8.9356298,211.7779999,65.6560974,33.2815018,198.8600006,86.1183014,28.0055008,0.0
204.3480072,86.1227036,122.6679993,56.7855988,31.2210007,19.6734009,213.1759949,80.5252991,123.5159988,49.1464005,32.5558014,16.3402996,202.1799927,48.3390007,26.5433006,186.8809967,60.9488983,22.0977001,16.9
199.727005,131.951004,129.9839935,71.4487,30.9701004,15.9601002,257.5559998,149.6139984,145.1069946,63.7112007,37.3132019,11.1146002,211.2660065,60.7459984,30.6821995,192.9369965,81.228302,26.8612003,0.0
200.2259979,139.1000061,129.8350067,71.0718002,31.0202999,15.7473001,258.9930115,156.0310059,146.7109985,63.8494987,37.354599,10.7552996,211.3370056,61.5438004,31.3260994,193.2050018,82.930603,27.1285992,5.6
204.5500031,102.1050034,122.0490036,53.3036003,31.2115993,18.9235001,234.4960022,100.0400009,136.7709961,44.0573997,33.0187988,15.6857004,202.6690063,47.7458992,26.6551991,195.3789978,61.0051994,22.8854008,0.0
197.3269958,115.6360016,132.9320068,75.1503983,30.8188992,17.0380993,260.2969971,134.3699951,142.8549957,64.8610992,37.7369995,12.1966,210.4380035,56.6487007,30.0720005,191.3880005,73.6503983,25.8244991,16.9
206.2279968,88.0947037,119.7720032,59.0500984,31.4936008,20.6345997,229.3070068,93.9904022,124.8410034,46.0794983,32.828701,15.8390999,206.647995,43.2682991,28.9162998,186.1840057,59.2797012,23.2609005,0.0
204.4929962,101.4850006,122.1169968,52.9925003,31.2019997,18.8010998,235.0379944,99.3181,137.8529968,43.8564987,33.0169983,15.6711998,202.6679993,47.9071999,26.1478996,196.5050049,60.9813995,22.8612995,0.0
204.5059967,100.1800003,122.0439987,53.8907013,31.2129002,19.0158997,231.977005,98.0234985,134.8179932,44.5794983,32.9733009,15.6768999,202.6360016,47.6477013,26.8733997,194.2460022,61.0266991,22.7737999,0.0
198.6159973,109.8399963,130.2940063,72.6437988,30.8754005,16.7579002,253.4279938,129.5899963,142.5130005,64.6320038,37.2333984,11.6478004,211.3009949,60.021801,29.3274002,190.3970032,78.8634033,26.1478004,0.0
196.5610046,102.6610031,133.0310059,75.2861023,30.7609005,17.4554996,254.8800049,122.9339981,139.7879944,65.8309021,37.6245995,12.3536997,210.602005,57.5611992,29.0231991,190.1900024,74.9459991,25.4974995,0.0
204.628006,97.9815979,121.8619995,55.9580994,31.2465992,19.4925995,227.2200012,96.110199,129.4459991,45.9963989,32.9253006,15.7391996,202.5709991,46.9553986,28.2803993,189.9100037,61.1711006,22.6210003,16.9
200.0350037,125.1429977,129.927002,71.5792007,31.0174999,15.9650002,257.3670044,143.4530029,150.6880035,64.2061005,37.3661995,10.7054005,211.2590027,61.1897011,31.4887009,190.75,82.3563004,27.3813,0.0
196.7369995,101.2870026,132.9210052,75.0626984,30.7429008,16.7493,256.7780151,126.5670013,139.026001,63.7139015,37.6277008,12.6276999,210.3029938,55.7910004,28.9211998,191.9980011,71.6299973,25.4951992,0.0
197.4689941,116.7770004,132.9210052,75.2125015,30.8246994,16.9514008,261.2520142,135.4219971,142.8209991,64.6380997,37.7508011,12.2489996,210.3939972,56.2426987,30.1079998,191.7120056,72.6219025,25.7723007,0.0
179.9450073,79.3588028,135.0010071,64.6047974,27.8299007,19.3136997,194.0910034,80.7313995,126.7740021,57.2482986,29.0328999,15.6716003,198.6269989,50.8835983,25.2642994,189.9369965,65.2182007,22.0487995,0.0
205.4519958,96.979599,120.6080017,58.1633987,31.3913994,19.9494991,222.0390015,95.1812973,122.4950027,46.9099007,32.4636002,15.6395998,206.6779938,46.1731987,28.8411007,191.1990051,59.7877998,23.2458,0.0
204.3480072,85.6308975,122.9560013,56.9665985,31.2212009,19.6746006,209.3589935,77.9792023,121.6100006,49.915699,32.4496994,16.5303001,202.0980072,48.9067001,26.3181,186.1349945,60.8964005,22.1126995,16.9
200.0119934,127.1289978,129.9199982,71.5404968,31.0116997,15.9772997,257.6400146,145.3529968,149.348999,64.1568985,37.3600998,10.7460003,211.2929993,61.2639008,31.3281002,191.1569977,82.3093033,27.2320995,0.0
199.3070068,122.4100037,130.1029968,71.9378967,30.934,16.2556992,255.9450073,141.1569977,144.4920044,64.0438004,37.2845001,11.3083,211.2660065,60.410099,30.1956997,191.8320007,80.1669006,26.6229,16.9
207.4980011,139.2630005,118.7389984,61.4679985,31.6044998,19.9367008,249.6399994,137.2330017,112.6200027,44.0988998,33.2728004,14.6584997,208.2619934,42.3105011,38.9712982,200.8560028,57.3678017,27.4911995,0.0
199.7669983,129.8860016,129.970993,71.530899,30.9785004,16.0161991,257.4289856,147.8300018,145.9219971,63.9655991,37.3224983,11.0148001,211.3009949,60.9883995,30.7851009,192.3200073,81.5858002,26.8924007,0.0
201.8710022,163.5559998,129.326004,69.9671021,31.1546993,14.9014997,264.3479919,179.4409943,149.0509949,63.8765984,37.4626007,9.8608999,211.5160065,63.3059006,32.9323006,195.977005,85.2643967,27.8313999,0.0
206.5330048,119.6060028,119.5849991,60.0901985,31.5137997,19.9883995,236.9499969,118.0719986,118.314003,45.0371017,32.9202995,15.1115999,207.4750061,43.6764984,34.0988007,195.6230011,58.1613998,25.3673992,0.0
198.5330048,124.1579971,132.848999,75.2917023,30.8840008,16.4480991,268.0509949,142.5590057,143.5839996,62.9756012,37.8746986,12.4748001,210.1340027,54.3140984,30.3721008,193.6560059,69.388298,25.6361008,0.0
198.7599945,113.2809982,130.2550049,72.4620972,30.8834,16.5872993,254.0079956,132.901001,142.7319946,64.3760986,37.2384987,11.6233997,211.2610016,59.908699,29.5107994,191.0870056,78.7668991,26.2770996,0.0
208.7720032,88.9805984,122.2870026,57.3479004,31.7416,19.3988991,200.897995,72.7736969,114.7519989,51.6313019,32.780899,17.1299992,206.1730042,50.6758003,25.7108002,185.227005,60.0950012,22.9055004,16.9
204.2649994,107.2060013,122.1869965,51.946701,31.1702995,18.573,236.5050049,103.8929977,138.151001,42.2025986,33.0387993,14.875,202.9759979,48.6733017,24.9960003,203.1640015,61.0339012,22.4698009,0.0
198.4400024,110.6460037,130.3430023,72.6587982,30.8439999,16.6191006,253.0709991,130.8289948,141.1750031,64.216301,37.1987,11.9165001,211.1829987,59.1582985,29.1296005,191.6410065,77.0645981,26.1462002,0.0
197.0850067,110.2750015,132.9579926,75.1956024,30.7964001,17.1133995,258.5589905,130.2070007,141.5460052,64.9840012,37.6968002,12.2983999,210.4629974,56.7481995,29.6350002,191.1589966,73.6350021,25.6814003,16.9
199.4109955,127.7460022,130.0809937,71.6927032,30.9354,16.0664997,256.7390137,145.9429932,144.0639954,63.5335007,37.2857018,11.3671999,211.2030029,60.0979996,30.2754993,192.9440002,79.7186966,26.7110996,16.9
201.1349945,146.8220062,129.6009979,70.8877029,31.1014004,15.4143,262.0150146,163.8439941,151.0359955,64.3977966,37.4398994,10.2728004,211.3840027,62.0317993,32.6948013,194.0449982,83.7489014,27.8556995,5.6
197.5339966,118.6709976,132.9149933,75.2021027,30.8316002,16.9407005,261.7229919,136.7810059,143.2610016,64.6565018,37.7622986,12.2083998,210.3919983,56.2496986,30.2630005,191.7510071,72.6817017,25.8229008,0.0
200.5800018,141.6660004,129.7369995,70.9645004,31.0538006,15.6169996,259.9809875,158.6380005,148.5559998,64.0438995,37.3875999,10.5131998,211.3670044,61.8933983,31.8469009,193.2160034,83.4438019,27.3924007,5.6
228.4620056,136.8950043,113.3889999,65.0093994,34.8031998,18.1471004,263.7229919,143.8829956,132.4669952,53.2859001,37.9854012,12.7065001,209.0599976,51.6189995,34.3965988,192.552002,70.2854004,27.0475998,0.0
200.6340027,147.4909973,129.7100067,70.653801,31.0576,15.5141001,260.3500061,163.4859924,147.2230072,63.7696991,37.382,10.5167999,211.3809967,62.1041985,31.7756996,193.9830017,84.1977997,27.3122005,0.0
202.2250061,82.4946976,130.9779968,76.8569031,31.3705006,18.9927006,238.5610046,97.4570999,127.2570038,72.2502975,37.2695999,13.4555998,212.5749969,59.2678986,26.8246002,190.0209961,75.634201,24.2387009,0.0
199.4140015,130.6920013,132.8379974,75.3679962,30.9498997,16.3260002,272.5360107,146.8430023,144.8190002,62.6699982,37.9772987,12.4695997,210.0549927,53.7187996,30.7042999,194.4810028,69.0414963,25.6266003,0.0
198.2890015,92.4188995,130.2259979,71.4190979,30.9190998,16.3999004,246.7899933,111.7809982,148.8099976,59.8997002,37.219799,10.5199003,210.7230072,60.4990997,28.7763996,178.128006,81.5467987,25.9029007,16.9
193.4329987,71.6793976,133.1490021,74.721199,30.4473,16.3523998,228.1089935,87.9829025,127.5029984,66.8749008,36.8656006,12.5402002,210.272995,56.7715988,26.1613998,188.3280029,72.5907974,23.8875999,16.9
196.7180023,103.4769974,132.9960022,75.273201,30.7612991,17.1968002,255.9420013,124.8659973,139.5850067,65.2086029,37.6323013,12.4533005,210.4909973,56.8196983,29.0692997,190.9609985,73.4721985,25.4818993,16.9
197.8760071,122.3030014,132.8930054,75.3506012,30.8493996,16.7831993,264.0320129,139.5180054,143.5149994,64.290802,37.8000984,12.2839003,210.3090057,55.4500999,30.4330006,192.3379974,70.6042023,25.7240009,0.0
198.7519989,99.8016968,130.2409973,72.0485992,30.9312,16.6121006,252.6959991,120.137001,149.1560059,62.5390015,37.3149986,10.9034996,211.0970001,60.7089996,29.5431995,184.3419952,81.2121964,26.3344002,16.9
204.5350037,101.8359985,122.0650024,53.2577019,31.2094002,18.9013004,234.4730072,99.745903,136.9179993,44.0421982,33.0154991,15.6843004,202.6660004,47.7801018,26.5456009,195.5639954,60.9992981,22.8742008,0.0
194.0679932,74.6513977,132.0579987,73.6892014,30.4845009,15.1822004,257.1820068,132.9909973,139.6260071,58.2388992,37.6248016,12.7360001,209.9049988,55.3544006,28.7884998,192.4550018,70.3383026,26.4999008,0.0
205.7279968,109.3730011,120.2269974,58.4622002,31.4199009,19.8143005,228.4759979,106.9520035,121.4059982,45.4838982,32.6258011,15.2505999,207.048996,45.3814011,30.9312,194.6139984,59.2215996,24.1590004,5.6
204.0610046,96.3351974,122.2750015,53.1445999,31.1590996,18.6100006,229.6269989,93.6379013,135.5160065,44.2228012,32.8727989,15.4035997,202.6239929,48.1865005,25.4365005,197.1170044,60.969101,22.4626999,0.0
204.4570007,95.3914032,122.052002,55.3345985,31.2220001,19.3064003,226.0099945,93.0546036,130.2140045,45.9970016,32.8674011,15.7521,202.5299988,47.4048004,27.3602009,191.1239929,61.0653992,22.5237007,0.0
202.5370026,170.6580048,129.0970001,69.5348969,31.2008991,14.5405998,266.2030029,186.9400024,148.8350067,63.7472,37.4912987,9.5520697,211.602005,63.9952011,33.2221985,197.1759949,85.5755005,27.9510994,0.0
204.375,96.0490036,122.1200027,54.5512009,31.2056999,19.0953999,227.6029968,93.6054001,132.1809998,45.4089012,32.8793983,15.6892004,202.5599976,47.6623993,26.8104992,192.9190063,61.0158997,22.5618,11.3
204.5529938,103.7149963,122.1449966,52.2647018,31.1986008,18.5790997,239.4550018,101.5589981,141.272995,43.0355988,33.1010017,15.6396999,202.7319946,48.0900002,25.5023994,199.326004,60.9798012,22.9736996,0.0
202.0110016,69.5447998,123.262001,55.4782982,30.9848995,18.3929996,192.6060028,63.3160019,120.7200012,47.9976006,31.9162006,15.6244001,202.0950012,48.0112,26.2495003,190.3139954,60.262001,21.4766006,0.0
204.4859924,101.8130035,122.1389999,52.7574997,31.1982994,18.7229004,236.0390015,99.6222,138.8159943,43.6299019,33.0321999,15.6576996,202.6809998,47.9841995,25.8948994,197.3529968,60.9756012,22.8778,0.0
205.4859924,107.0449982,120.4049988,57.9192009,31.3906002,19.7422009,226.2189941,104.2990036,122.2539978,45.5078011,32.5419006,15.2567997,206.9409943,45.8937988,30.093399,194.5330048,59.5611,23.8451004,0.0
192.2969971,83.6768036,122.0670013,58.7206001,29.6991997,17.4645004,241.6340027,111.6080017,137.9069977,48.3067017,34.1113014,15.1422005,195.371994,49.3064995,27.0433006,192.201004,60.9900017,24.3862991,11.3
206.6009979,111.4589996,119.512001,59.8665009,31.5224991,20.1536999,236.3529968,112.9690018,119.9909973,45.1307983,32.9527016,15.2132998,207.3240051,43.4314003,33.0993996,192.4409943,58.5863991,24.882,11.3
203.746994,88.1985016,122.427002,54.3619995,31.1401005,18.7775993,219.8059998,84.9561005,129.746994,45.9261017,32.6549988,15.4671001,202.4589996,48.1487999,25.7483997,193.5090027,60.9053001,22.1131992,11.3
197.3220062,112.6220016,132.9329987,75.2307968,30.8076,16.9503994,260.20401,132.5890045,141.7559967,64.5338974,37.7229996,12.3548002,210.3869934,56.1545982,29.7604008,191.7140045,72.3450012,25.6574001,0.0
206.5169983,110.9250031,119.6009979,59.7891998,31.5130005,20.1408005,235.3690033,111.9800034,120.0390015,45.2918015,32.914299,15.2563,207.2839966,43.6333008,32.8544006,192.6139984,58.6258011,24.8024998,11.3
209.3059998,89.0877991,120.302002,58.149601,31.8003006,20.2367001,226.5690002,87.2763977,124.3219986,48.8883018,33.5358009,16.4650002,206.6369934,46.6719017,27.5058002,187.9980011,60.0806999,22.7644997,0.0
198.6300049,95.9814987,130.2409973,71.7794037,30.9325008,16.4598999,250.1900024,115.9000015,150.2810059,61.5195999,37.2826004,10.7261,210.9210052,60.5810013,29.4099007,181.9389954,81.4448013,26.3537006,16.9
197.2030029,115.1740036,132.9409943,75.0671997,30.8160992,17.1289005,259.4869995,133.7779999,143.1410065,65.0839996,37.728199,12.1173,210.4859924,57.1085014,30.0998001,191.0220032,74.8634033,25.9069004,0.0
233.0180054,137.302002,119.1780014,64.6063004,35.1259995,18.0091,256.3099976,142.2409973,131.3970032,53.3442001,36.5360985,13.2328997,209.423996,51.1082993,35.0634995,195.9830017,68.6324005,27.7451992,0.0
211.0249939,93.3871002,120.7539978,60.3128014,31.9664993,21.8631992,234.3910065,92.7546997,124.7300034,52.9734993,33.7649002,17.6151009,206.253006,49.7011986,26.8264008,182.2709961,61.3380013,21.8092003,0.0
201.173996,147.4170074,129.5899963,70.8746033,31.1044998,15.3992004,262.1889954,164.4250031,151.0910034,64.4115982,37.4431992,10.2587996,211.3880005,62.0489006,32.7408981,194.1439972,83.7771988,27.8759995,5.6
206.1130066,116.5439987,119.9110031,59.3289986,31.4662991,19.8605995,232.947998,113.8610001,119.7600021,45.1227989,32.7719994,15.1426001,207.2969971,44.5294991,32.6853981,195.8110046,58.5337982,24.8470001,11.3
197.6889954,119.9520035,132.904007,75.277298,30.8384991,16.8589001,262.7669983,137.8220062,143.2570038,64.4469986,37.7780991,12.2603998,210.3480072,55.8306007,30.3036995,192.0549927,71.5865021,25.7605991,5.6
217.9349976,107.8359985,129.2089996,57.2014008,32.8157997,18.2912006,243.5119934,109.75,138.5809937,48.544899,34.0285988,15.5296001,192.9579926,46.6417999,26.2646999,196.6940002,61.4016991,23.8381996,0.0
204.5330048,97.6260986,121.9690018,55.2599983,31.2294998,19.3089008,227.8430023,95.4925003,130.901001,45.6632996,32.9147987,15.7187004,202.5749969,47.2807999,27.6562004,191.3630066,61.1008987,22.6228008,0.0
204.2559967,94.1899033,122.2020035,54.4962006,31.1928005,19.0314999,225.9720001,91.5184021,131.7480011,45.5595016,32.8317986,15.6667995,202.5310059,47.8036995,26.5011005,193.0890045,60.9840012,22.4659996,11.3
194.9129944,81.9036026,133.1260071,75.3785019,30.5879993,17.0886002,242.3569946,105.6460037,132.2940063,66.328598,37.2711983,12.8551998,210.4730072,56.8277016,27.3791008,190.1779938,72.7814026,24.7667007,16.9
206.1260071,104.4489975,119.9940033,59.2160988,31.4692993,20.1268005,230.2039948,104.7180023,121.2559967,46.0265999,32.7438011,15.4710999,207.0189972,44.5460014,31.1289005,191.7649994,59.0651016,24.1413994,0.0
205.7619934,105.2190018,120.2549973,58.5942993,31.4255009,19.9176006,227.4309998,103.651001,121.5589981,45.9639015,32.6176987,15.3907003,206.9620056,45.3554001,30.5177994,193.1620026,59.3112984,23.9533997,5.6
219.1100006,112.7139969,130.029007,60.4819984,32.6801987,18.1553001,249.6940002,114.7959976,141.029007,50.725399,33.9151001,15.0022001,197.246994,48.6236,27.1616001,197.4909973,63.2752991,23.5962009,0.0
195.8009949,89.1026993,132.6690063,74.3361969,30.6443996,16.0198994,255.2230072,126.8880005,138.3079987,61.0589981,37.5732994,12.7481003,210.0670013,55.2532997,28.5291004,192.5189972,70.7807007,25.7873001,0.0
203.2700043,83.7284012,122.5299988,54.2593994,31.0918999,18.5550995,215.1049957,80.4848022,128.1040039,46.0619011,32.519001,15.2002001,202.4210052,48.282299,25.3064995,193.7420044,60.8853989,21.8029995,11.3
209.2539978,90.5238037,120.197998,57.9439011,31.7935009,20.0781994,227.8860016,89.0279007,124.5199966,48.2775002,33.5658989,16.2814007,206.7339935,46.4351006,27.8127003,189.1519928,59.9934998,22.9570999,0.0
197.8289948,114.1470032,131.996994,67.5472031,30.7061005,16.8675995,273.7449951,126.6500015,148.4360046,56.8616982,38.2232018,13.7839003,208.9490051,52.9449997,28.3523006,196.1970062,67.4561005,25.4740009,0.0
199.1699982,114.9260025,130.1450043,72.1676025,30.9360008,16.4909,255.1719971,134.2120056,145.8919983,64.2361984,37.2983017,11.2024002,211.302002,60.6973,30.0862999,189.871994,80.6809998,26.5450001,16.9
201.371994,156.875,129.4859924,70.2727966,31.1175995,15.1605997,262.7170105,172.7429962,148.8269958,63.9077988,37.4341011,10.1015997,211.4579926,62.8260002,32.5667,195.0140076,84.9063034,27.6753998,0.0
199.0749969,121.9789963,130.177002,72.0154037,30.9013004,16.2259998,255.6439972,140.9470062,143.1499939,63.587101,37.2570992,11.5858002,211.1670074,59.5994987,29.8705006,192.621994,78.407402,26.5389996,0.0
204.5449982,97.9576035,121.9550018,55.264801,31.2308006,19.3127995,228.076004,95.8516998,130.9600067,45.6240005,32.921299,15.7139997,202.5820007,47.2573013,27.7140999,191.3639984,61.1076012,22.6368008,0.0
197.2140045,113.1539993,132.9440002,75.1650009,30.8089008,17.0786991,259.4819946,132.4299927,142.2980042,64.9272003,37.7190018,12.2363005,210.4519958,56.7257004,29.875,191.2539978,73.7249985,25.7653008,16.9
197.1719971,109.1679993,132.9389954,75.221199,30.7908001,16.9284,259.2090149,130.4199982,140.852005,64.3952026,37.6960983,12.4442997,210.3739929,56.0686989,29.4808006,191.7610016,72.1350021,25.5793991,0.0
199.1029968,112.2490005,130.1649933,72.216301,30.9349003,16.5562992,254.8959961,131.7359924,146.3919983,64.1489029,37.3031998,11.1738997,211.2960052,60.7299004,30.0128002,189.1239929,80.767601,26.5112991,16.9
204.6260071,103.8619995,121.9489975,53.6110001,31.2231998,19.0394001,234.5910034,101.8840027,135.8370056,44.1207008,33.0372009,15.6690998,202.6920013,47.5340996,27.3419991,194.3939972,61.0531998,22.9435005,0.0
204.6000061,104.5559998,122.137001,52.1209984,31.2012997,18.5450993,240.8139954,102.4319992,142.1100006,42.8400993,33.1315994,15.6431999,202.753006,48.1082001,25.4225998,199.9429932,60.9831009,23.0203991,0.0
200.4570007,98.4337997,126.2450027,58.8266983,30.3411999,17.5529003,244.6179962,113.0070038,139.1380005,48.9926987,33.8213997,15.4052,194.8049927,48.6819992,26.6984005,197.0670013,61.5401001,24.4200001,0.0
204.3809967,96.2190018,122.1169968,54.5252991,31.2059994,19.0918999,227.7890015,93.7909012,132.2910004,45.3732986,32.8834991,15.6878004,202.5630035,47.6608009,26.8132,192.977005,61.0167007,22.5702991,11.3
197.0870056,112.5130005,132.9559937,75.0983963,30.8059998,17.1821003,258.6520081,131.5930023,142.5399933,65.177002,37.7099991,12.1608,210.503006,57.1861992,29.8820992,190.848999,74.862999,25.8314991,0.0
198.0460052,121.1039963,132.878006,75.3414993,30.8530006,16.6394005,265.1019897,139.473999,143.026001,63.7043991,37.8142014,12.4088001,210.2350006,54.9375,30.257,192.8500061,69.9352036,25.625,0.0
200.1490021,138.9129944,129.8580017,71.0798035,31.0123005,15.7632999,258.8280029,155.7779999,146.2330017,63.760601,37.3468018,10.8250999,211.322998,61.4136009,31.2080994,193.3190002,82.7642975,27.0767002,5.6
206.7680054,105.802002,119.2699966,59.6594009,31.5466003,20.2231998,237.7590027,110.7679977,122.0019989,44.4714012,33.0671005,15.092,207.253006,42.7137985,32.4426003,189.2850037,58.7398987,24.5632,11.3
205.8059998,100.0889969,120.3050003,58.7188988,31.4323997,20.0739994,226.0930023,99.4774017,122.0100021,46.5602989,32.6055984,15.5965004,206.8300018,45.3469009,29.8873997,191.2510071,59.4407997,23.6546993,5.6
206.3500061,120.0670013,119.7249985,59.8577003,31.4944,19.9032001,235.447998,117.4089966,118.7099991,45.0028992,32.8576012,15.0983,207.4320068,44.024601,33.6918983,196.2819977,58.1609001,25.2348003,0.0
203.9759979,102.0159988,122.2350006,52.3342018,31.1439991,18.4692001,232.5449982,98.8448029,136.6710052,42.9539986,32.9306984,14.9181004,202.822998,48.5674019,24.8719006,201.0350037,61.0465012,22.3188,0.0
201.753006,155.7460022,129.4459991,70.8693008,31.1499004,15.2748003,265.5329895,172.8650055,151.9080048,64.742897,37.5084,10.1155996,211.4459991,62.0428009,33.4991989,195.7700043,83.9521027,28.1849995,5.6
206.4779968,112.0510025,119.6409988,59.7877007,31.5083008,20.1063995,235.1560059,112.4970016,119.7809982,45.3233986,32.8967018,15.2484999,207.2969971,43.7492981,32.9426994,193.1670074,58.5881004,24.8539009,11.3
204.5359955,99.4626007,121.9810028,54.6077003,31.2233009,19.1716995,230.154007,97.3371964,132.8150024,45.075901,32.952301,15.6842003,202.6170044,47.4225006,27.4041004,192.7369995,61.0760994,22.7196007,11.3
205.727005,110.8180008,120.2129974,58.4364014,31.4193993,19.7877998,228.8990021,108.1190033,121.3580017,45.3268013,32.6316986,15.2094002,207.0789948,45.3709984,31.0834999,195.0619965,59.1808014,24.2322006,5.6
202.951004,76.1162033,123.0559998,55.6377983,31.0750008,18.7397995,201.1029968,69.6955032,121.7369995,48.2695999,32.1762009,15.7607002,202.1569977,48.4611015,25.9584007,189.6390076,60.5508003,21.7245007,0.0
200.1410065,138.5079956,129.8600006,71.1008987,31.0116997,15.7728996,258.7839966,155.4369965,146.2819977,63.7829018,37.3466988,10.8248997,211.322998,61.4095993,31.2042999,193.2590027,82.7247009,27.0751991,5.6
204.0429993,91.316597,122.3180008,54.4639015,31.1707001,18.9304008,223.0780029,88.3078995,130.7850037,45.7952003,32.7501984,15.6032,202.4909973,47.9842987,26.1285992,193.2149963,60.9422989,22.3069,11.3
207.3809967,137.6390076,118.3899994,61.0940018,31.5944004,19.8955994,247.8560028,137.4869995,115.387001,43.6988983,33.2907982,14.3046999,208.4149933,43.0719986,39.5783005,195.3280029,58.4000015,26.4176006,0.0
198.0220032,92.6335983,130.4660034,72.4502029,30.8794003,17.3869991,263.6220093,118.3840027,146.4420013,62.3292007,37.5971985,11.0040998,211.2779999,61.3521004,28.0711994,182.4380035,80.4738998,24.7133999,0.0
204.3139954,97.4343033,122.1819992,53.6329002,31.1900005,18.8549004,230.2899933,94.9682999,134.9230042,44.6169014,32.9137001,15.6184998,202.6040039,47.9188004,26.1506004,195.2319946,60.9776993,22.625,0.0
198.6009979,114.0070038,130.3040009,72.4648972,30.8554001,16.4710999,253.8950043,133.9700012,141.677002,63.8507004,37.2134018,11.8683996,211.1459961,59.0749016,29.3124008,192.1159973,77.0006027,26.2733994,0.0
205.2189941,110.2699966,122.0130005,51.2394981,31.2478008,18.3819008,253.0440063,108.8939972,148.8890076,41.7052002,33.4336014,15.8954,202.8890076,48.053299,25.1963997,203.6109924,60.9925003,23.5545006,0.0
173.0200043,87.490799,132.0010071,68.1259003,27.2999992,16.8211002,216.6809998,98.2626038,130.7339935,57.5591011,33.0466003,12.5207005,207.0220032,52.8518982,27.1567993,188.6199951,67.7223969,22.6450996,0.0
207.125,126.1259995,118.9820023,60.6590996,31.5737,20.0256996,243.9170074,126.6460037,116.875,44.2304001,33.1651001,14.7952003,207.8450012,42.7109985,36.4000015,195.4459991,58.0688019,26.0963001,0.0
195.8600006,93.0242004,133.1640015,75.7090988,30.6996002,17.8838005,249.5119934,113.0550003,135.7460022,67.2695999,37.4925995,12.6618996,210.7640076,57.9747009,28.0783005,189.7160034,74.9132996,25.0403004,0.0
200.4869995,103.2649994,123.3040009,64.689003,30.927,18.6459999,221.1600037,106.6119995,135.6069946,53.8232002,32.1893005,14.1646004,202.1009979,47.8338013,33.016201,190.9329987,64.5456009,26.9295006,11.3
199.7720032,106.4700012,130.2519989,72.1781006,31.0160007,15.7234001,249.9869995,123.1800003,163.75,66.2723999,37.2929001,10.8902998,210.8439941,60.0484009,32.8693008,190.1620026,82.0847015,29.3593006,0.0
206.9170074,128.0299988,119.2539978,60.7771988,31.5543003,19.9859009,241.9179993,126.0759964,116.1549988,44.6078987,33.0657997,14.9433002,207.7660065,42.9696007,36.1013985,197.4589996,57.6506004,26.1959,0.0
196.0359955,91.8414993,132.7799988,74.5824966,30.6695004,16.2698994,254.6640015,125.0970001,137.977005,62.050499,37.5633011,12.7341995,210.1459961,55.428299,28.5125008,192.2920074,71.052597,25.6201,0.0
206.5740051,120.262001,119.5510025,60.1589012,31.5181999,19.9927006,237.4320068,118.7590027,118.1380005,44.9971008,32.9357986,15.0978003,207.5,43.5965004,34.2789001,195.723999,58.1164017,25.4384003,0.0
204.4799957,101.4940033,122.1330032,52.8787003,31.1991997,18.7570992,235.4100037,99.3006973,138.2929993,43.7551003,33.0210991,15.6609001,202.6719971,47.9542007,25.9964008,196.9470062,60.9774017,22.8603992,0.0
196.0460052,93.9229965,133.0570068,75.3911972,30.6970997,17.2693996,251.0639954,116.9919968,136.4530029,65.7118988,37.5068016,12.6793003,210.5209961,56.8886986,28.2999992,190.7259979,73.2128983,25.1907997,16.9
197.404007,114.7109985,132.927002,75.2266998,30.8167,16.9501991,260.7770081,134.0010071,142.2879944,64.5821991,37.7378998,12.3038998,210.3890076,56.1853981,29.9323006,191.7169952,72.4437027,25.7101994,0.0
204.6100006,97.0475006,121.8919983,56.0064011,31.2451992,19.5072002,226.5469971,95.1404037,129.173996,46.153801,32.9090004,15.7650003,202.5500031,46.9931984,28.1606998,189.7359924,61.1567001,22.5823994,16.9
206.4880066,119.9229965,119.6220016,60.049099,31.5091,19.9643993,236.5899963,118.0279999,118.3550034,45.0340004,32.9042015,15.1078997,207.4680023,43.7626991,34.0276985,195.8630066,58.1417007,25.3486996,0.0
198.9049988,103.512001,130.2160034,72.1299973,30.9365997,16.6016998,253.5769958,123.6139984,148.798996,63.1845016,37.3184013,10.9794998,211.1719971,60.7434006,29.7919998,185.9660034,81.1567001,26.4629002,16.9
221.0110016,118.947998,122.3529968,65.6013031,34.1170006,18.8997002,245.871994,124.2220001,131.8309937,53.5593987,36.0064011,13.7741003,204.875,50.3835983,32.5600014,188.0480042,68.2586975,26.5303993,11.3
198.8699951,120.2539978,130.2429962,72.1350021,30.8747997,16.2399006,255.3130035,139.5449982,142.4380035,63.2442017,37.2383003,11.7901001,211.0919952,58.9548988,29.6130009,192.9279938,76.8942032,26.4745998,0.0
205.7669983,102.6080017,120.2890015,58.6310997,31.427,19.9834995,226.625,101.4710007,121.7740021,46.260601,32.6062012,15.4864998,206.8950043,45.3834,30.1809998,192.2539978,59.388401,23.7968006,5.6
204.4750061,101.9219971,122.1529999,52.6479988,31.1956997,18.6760006,236.5099945,99.7020035,139.276001,43.5113983,33.0391998,15.6396999,202.6889954,48.0285988,25.7479,197.8630066,60.9751015,22.8764,0.0
206.8059998,126.6709976,119.3529968,60.6568985,31.5436001,19.9734001,240.5820007,124.4300003,116.6169968,44.7062988,33.0237999,14.9835997,207.697998,43.1478996,35.6489983,197.2599945,57.6805992,26.0132008,0.0
197.5820007,114.060997,132.901001,75.2233963,30.8173008,16.7311001,262.072998,134.7899933,141.7640076,63.7815018,37.7514,12.4607,210.2810059,55.405201,29.7880001,192.4389954,70.9296036,25.6142998,5.6
204.5829926,99.0711975,121.9110031,55.2837982,31.2350998,19.3246994,228.8090057,97.0361023,131.1289978,45.4964981,32.9420013,15.6975002,202.6029968,47.1811981,27.9125004,191.3650055,61.1302986,22.6826,0.0
204.5449982,99.7435989,121.9720001,54.5987015,31.2241993,19.1735001,230.3600006,97.6358032,132.8869934,45.0402985,32.9575996,15.6819,202.621994,47.4087982,27.4438,192.7510071,61.080101,22.7320004,11.3
206.0950012,117.6190033,122.3610001,67.0030975,32.296299,18.8689995,249.7200012,129.3390045,134.7429962,57.2014008,37.398201,12.4860001,219.3240051,54.0075989,31.6802006,187.4750061,74.4937973,25.2765999,0.0
199.8800049,111.3130035,130.1159973,71.9550018,31.0209999,15.8283997,252.776001,128.9199982,159.404007,65.3274002,37.3302994,10.7704,210.973999,60.3829994,32.3955002,189.6809998,82.1949997,28.6142998,0.0
195.8300018,92.7984009,133.1759949,75.7478027,30.6989994,17.9591007,249.3280029,112.5550003,135.6069946,67.4317017,37.4905014,12.6666002,210.7940063,58.0959015,28.0370007,189.6080017,75.0807037,25.0156994,0.0
198.8869934,116.75,130.2220001,72.2835999,30.8899994,16.4302006,254.6329956,136.1840057,142.8710022,64.0703964,37.2443008,11.6126003,211.2200012,59.7663002,29.6611004,191.7619934,78.5910034,26.3887997,0.0
197.6049957,115.5410004,132.9060059,75.2630997,30.8230991,16.7886009,262.1749878,135.3130035,142.1210022,64.0526962,37.7571983,12.4040003,210.3090057,55.5540009,29.9165993,192.272995,71.1215973,25.6359005,5.6
206.0579987,107.0220032,120.026001,59.1352997,31.4603996,20.0294991,230.2369995,106.3710022,120.9020004,45.8616982,32.7252998,15.3877001,207.0700073,44.7052002,31.3686008,192.8630066,59.0141983,24.2628002,0.0
196.8820038,108.2060013,132.9830017,75.1662979,30.7877998,17.2775002,257.178009,127.9660034,141.4250031,65.3778,37.6766014,12.2432003,210.5359955,57.3046989,29.5147991,190.5899963,74.8207016,25.6935997,0.0
209.3930054,88.2723999,120.413002,58.3694992,31.8099003,20.4057999,225.6260071,86.0628967,124.1650009,49.5228004,33.5130997,16.6583996,206.5440063,46.9738998,27.2418995,186.9309998,60.1839981,22.5895004,0.0
207.2619934,134.4909973,118.9440002,61.1898994,31.5853996,19.9685001,246.447998,132.6269989,114.2210007,44.2680016,33.1926994,14.7746,208.0410004,42.5191002,37.7827988,199.1309967,57.472599,26.9221001,0.0
204.7230072,106.3280029,122.112999,51.8588982,31.2098007,18.4941006,243.7310028,104.302002,143.798996,42.473999,33.2001991,15.6703997,202.7949982,48.1246986,25.3183994,201.0769958,60.9884987,23.1327991,0.0
198.4889984,105.9700012,130.3309937,72.8087006,30.8731003,16.9743004,253.1210022,125.810997,142.6569977,64.8000031,37.2422981,11.6176004,211.3580017,60.2759018,29.1366997,189.276001,79.2285995,25.9937992,0.0
195.7220001,90.1228027,133.0859985,75.4349976,30.6665001,17.2749004,248.6199951,113.560997,135.1190033,65.9845963,37.4425011,12.7599001,210.5269928,56.9119987,28.0034008,190.5930023,73.1204987,25.0646,16.9
204.4649963,90.6669998,122.1819992,56.3333015,31.2317009,19.5963993,220.9190063,87.8562012,126.9589996,47.4342003,32.7649002,15.9903002,202.3809967,47.4394989,27.2754993,188.4940033,61.0516014,22.3013,16.9
208.8470001,88.5053024,121.8710022,57.5825005,31.7488003,19.6525993,206.5469971,75.4100037,116.9909973,51.4068985,32.9454002,17.0086002,206.2350006,50.1245003,25.9540005,185.6809998,60.259201,22.6732998,16.9
206.9069977,122.3180008,119.2259979,60.4566002,31.5524998,20.0538006,241.1000061,122.4260025,117.5490036,44.6063995,33.0716019,14.9684,207.6629944,42.9870987,35.3279991,195.2109985,58.096199,25.7791004,0.0
200.5809937,146.7120056,129.727005,70.6895981,31.0529003,15.5396004,260.1879883,162.7559967,147.0890045,63.7588005,37.3781013,10.5515003,211.375,62.0340996,31.7126007,193.9250031,84.0884018,27.2851009,0.0
204.5970001,99.7251968,121.8949966,55.2263985,31.2360992,19.3148003,229.3209991,97.7089996,131.378006,45.3860016,32.9536018,15.6863003,202.6159973,47.1661987,27.9731007,191.5039978,61.1372986,22.7108994,0.0
207.7180023,143.7890015,118.6119995,61.7949982,31.6217003,19.9074001,252.6660004,141.2030029,110.677002,44.0536995,33.3350983,14.6134005,208.4530029,42.0605011,39.9253998,203.4589996,57.0945015,28.1774006,0.0
198.4559937,110.8529968,130.3390045,72.6461029,30.8456001,16.6126995,253.1289978,131.0110016,141.2350006,64.2092972,37.2004013,11.9062004,211.1840057,59.1778984,29.1473007,191.6450043,77.1138,26.1544991,0.0
205.9170074,94.1644974,120.3330002,58.9112015,31.4475994,20.3395004,225.1309967,94.8547974,122.9290009,47.2384987,32.6124992,15.8958998,206.6549988,45.2070007,29.1053009,188.8029938,59.5660019,23.2828007,5.6
198.177002,121.6119995,132.8670044,75.3164978,30.8600998,16.5667992,265.9349976,140.2640076,143.0970001,63.4146996,37.8300018,12.4427004,210.197998,54.7154007,30.2591991,193.1260071,69.7266998,25.6215,0.0
196.4519958,99.4076004,133.0220032,75.327301,30.7362995,17.2465992,254.0310059,121.5339966,138.2960052,65.4227982,37.584301,12.5485001,210.5099945,56.8755989,28.7353992,190.8430023,73.4030991,25.3591995,16.9
204.4750061,97.9502029,122.0370026,54.6111984,31.2168007,19.1494007,229.0599976,95.7117004,132.5059967,45.2421989,32.9221992,15.6927996,202.5910034,47.5150986,27.1581993,192.75,61.0512009,22.6518993,11.3
200.2429962,139.1430054,129.8300018,71.0699997,31.0219994,15.7433996,259.0310059,156.0870056,146.8179932,63.8661995,37.3563004,10.7409,211.3399963,61.5681992,31.3521004,193.1829987,82.9611969,27.1406994,5.6
198.2359924,100.0759964,130.3999939,73.0326004,30.8649006,17.3456001,253.3000031,120.2900009,142.548996,64.7385025,37.2709007,11.5932999,211.4420013,60.6057014,28.6891003,187.3899994,79.539299,25.6450996,0.0
204.1840057,98.5912018,130.2250061,74.3917999,31.5526009,17.5505009,254.0850067,118.0739975,138.473999,66.6118011,37.6926003,12.0436001,212.2389984,59.8199997,28.4137001,189.2550049,77.6840973,25.2721996,0.0
197.6390076,113.8830032,132.8880005,75.1764984,30.8180008,16.6495991,262.54599,135.298996,141.7160034,63.4371986,37.7584,12.5026999,210.2420044,55.1884003,29.7528992,192.6950073,70.6416016,25.6200008,5.6
201.0650024,152.996994,129.5800018,70.4262009,31.0937004,15.3093996,261.7009888,168.8650055,148.3110046,63.8676987,37.4133987,10.2587004,211.4279938,62.5605011,32.2661018,194.5070038,84.697403,27.5361004,0.0
188.3350067,104.3730011,130.3480072,66.9877014,29.3554001,17.2696991,244.8849945,115.3669968,135.8820038,56.5825005,35.7228012,12.5651999,211.0809937,54.0419998,27.2112007,193.0839996,68.4422989,23.4589005,5.6
206.3990021,112.7720032,119.7129974,59.7206993,31.4990005,20.0615005,234.5110016,112.5070038,119.663002,45.3773994,32.8642998,15.2475004,207.2910004,43.9427986,32.8806992,193.7079926,58.5797997,24.8502007,11.3
200.378006,140.173996,129.7920074,71.0222015,31.0351009,15.6948996,259.3970032,157.1179962,147.5019989,63.9420013,37.3689003,10.6419001,211.3549957,61.7304993,31.5473003,193.1609955,83.2050018,27.2348003,5.6
198.404007,123.0039978,132.8529968,75.2833023,30.8747005,16.4768009,267.3080139,141.7189941,143.3699951,63.0550995,37.8586006,12.4736004,210.1499939,54.4301987,30.3094997,193.5099945,69.4991989,25.6348991,0.0
200.3070068,143.9109955,129.8119965,70.8044968,31.0273991,15.6429005,259.4649963,159.9759979,146.0700073,63.5662994,37.355999,10.7648001,211.3280029,61.6032982,31.3505001,193.8930054,83.5560989,27.1362991,0.0
199.25,119.4850006,130.1190033,72.0509033,30.934,16.3582001,255.5970001,138.4519958,144.9049988,64.2061005,37.2876015,11.2739,211.2890015,60.5419998,30.1495991,191.1320038,80.3722992,26.5832996,16.9
204.5429993,94.3920975,122.0009995,56.0719986,31.2383003,19.5247002,224.5140076,92.2354965,128.4790039,46.5942001,32.8558006,15.8395996,202.4880066,47.1640015,27.7569008,189.3950043,61.1086998,22.4701004,16.9
206.2039948,115.2799988,119.8570023,59.4855003,31.4766006,19.9253006,233.348999,113.3150024,119.6029968,45.2686005,32.7980003,15.1858997,207.2940063,44.3563004,32.770401,195.1640015,58.5401993,24.8572998,11.3
204.2129974,96.9919968,122.2320023,53.3563004,31.1767006,18.7336006,230.2740021,94.418602,135.4700012,44.4048996,32.9001999,15.5416002,202.6119995,48.0537987,25.7847996,196.1970062,60.966301,22.5708008,0.0
206.5709991,124.262001,119.5469971,60.3431015,31.5200005,19.9251995,237.9869995,121.387001,117.5940018,44.8330994,32.9388008,15.0354996,207.576004,43.5643005,34.7438011,197.0339966,57.7879982,25.6534996,0.0
204.4700012,97.9847031,122.0429993,54.5536995,31.2157001,19.1352997,229.1779938,95.737999,132.6549988,45.2034988,32.9230995,15.6907997,202.5919952,47.535099,27.1131001,192.8760071,61.0470009,22.6546001,11.3
205.7949982,103.9039993,120.2509995,58.6707001,31.4298992,19.9662991,227.2539978,102.677002,121.6139984,46.1237984,32.6220016,15.4449997,206.9340057,45.3055992,30.4116993,192.6159973,59.3251991,23.8955002,5.6
204.4909973,91.7493973,122.1190033,56.2626991,31.2341003,19.5788002,222.0639954,89.1975021,127.4300003,47.1729012,32.7947006,15.9422998,202.4140015,47.3372002,27.4260998,188.7489929,61.0696983,22.3512993,16.9
195.5460052,148.4660034,124.2269974,69.8643036,30.4141998,16.3959007,267.3619995,159.7749939,135.3040009,58.6179008,37.4133987,11.3250999,219.4360046,56.8134003,34.7677994,201.0809937,74.719902,28.8752003,0.0
225.5919952,143.1690063,117.4729996,63.1467018,33.8778,18.1480999,255.3829956,148.2400055,126.2080002,51.5747986,35.1380005,13.2242002,210.7510071,50.0125999,35.4143982,197.9279938,67.9089966,26.8603001,0.0
204.4179993,88.25,122.362999,56.5657997,31.2280006,19.6574993,217.7819977,84.5328979,125.5670013,48.1882019,32.6828995,16.1413002,202.2910004,47.7536011,26.9349003,187.7089996,61.0113983,22.1863995,16.9
200.6000061,74.9611969,132.2749939,79.7152023,31.2231007,20.5597,221.9819946,86.7115021,120.4309998,77.7891998,36.790699,14.9958,212.7169952,58.8624992,26.5100002,190.348999,75.2776031,23.8131008,0.0
197.6239929,117.1100006,132.9089966,75.2779999,30.8286991,16.8353004,262.2890015,136.052002,142.5480042,64.2734985,37.7636986,12.3421001,210.3329926,55.7108002,30.0594997,192.128006,71.3749008,25.6795998,5.6
207.8569946,145.4190063,118.5090027,61.9126015,31.6315002,19.8917999,254.3919983,142.9579926,109.8259964,44.0133018,33.3760986,14.5691996,208.576004,41.9780006,40.4020996,204.5700073,57.0838013,28.4918003,0.0
198.7879944,113.8980026,130.246994,72.4285965,30.8852997,16.5597,254.1260071,133.4819946,142.7920074,64.3314972,37.2402,11.6148996,211.2559967,59.9012985,29.5454998,191.1880035,78.7753983,26.2994003,0.0
200.8130035,144.0679932,129.6750031,70.8877029,31.0739994,15.5179005,260.7470093,161.0019989,149.5059967,64.1423035,37.4076004,10.3934002,211.378006,62.0262985,32.1753006,193.5010071,83.6604996,27.5664997,5.6
196.7819977,102.2399979,132.9360046,75.1240005,30.7497005,16.8271999,256.8599854,126.5479965,139.173996,64.0008011,37.6329994,12.5984001,210.3339996,55.9221001,28.9766998,191.8600006,71.8338013,25.4836006,0.0
206.8410034,126.9309998,119.3209991,60.6870003,31.5468998,19.9804993,240.9859924,124.8440018,116.4990005,44.6797981,33.0372009,14.9731998,207.7160034,43.0912018,35.7729988,197.2619934,57.6851997,26.0613003,0.0
196.3549957,95.8591003,132.8670044,74.836998,30.7028999,16.5244999,255.2230072,124.9720001,138.1829987,62.9497986,37.5828018,12.7048998,210.227005,55.6038017,28.6348,192.1399994,71.3296967,25.5223007,0.0
205.9210052,77.9853973,119.5220032,58.4510994,31.4752998,20.8274994,227.5200043,87.3936996,126.435997,45.4000015,32.8457985,15.8554001,206.4499969,42.1744995,27.3407993,184.1640015,59.3270988,22.8199997,0.0
199.848999,127.8860016,129.9530029,71.5735016,30.9916992,16.0391006,257.4429932,146.0559998,147.3289948,64.1004028,37.3389015,10.8901997,211.3130035,61.1724014,30.9750996,191.6190033,81.9431,26.9972992,0.0
199.7400055,132.0420074,129.9799957,71.4427032,30.9717007,15.9576998,257.5830078,149.697998,145.173996,63.728199,37.3144989,11.1013002,211.2700043,60.7794991,30.7017002,192.9170074,81.2949982,26.868,0.0
206.4459991,123.6200027,119.6409988,60.1521988,31.507,19.8829994,236.7980042,120.2720032,118.1070023,44.8210983,32.8964996,15.0391998,207.5279999,43.7961006,34.3181992,197.1309967,57.835701,25.4925003,0.0
206.7740021,121.5479965,119.3659973,60.3698006,31.5389996,20.0375996,239.6009979,120.9309998,117.685997,44.8061981,33.0147018,15.0379,207.5930023,43.2192993,34.9171982,195.5059967,58.0746002,25.6618004,0.0
205.4539948,94.7118988,120.6790009,58.2349014,31.3924999,20.0205002,220.9210052,92.9450989,122.5680008,47.3247986,32.4404984,15.7662001,206.6000061,46.2927017,28.5065002,190.3079987,59.8522987,23.0865002,0.0
204.0279999,91.3089981,122.3219986,54.4081993,31.1686001,18.9101009,223.1320038,88.3037033,130.901001,45.7454987,32.7492981,15.5893002,202.4940033,48.0004997,26.0832996,193.3659973,60.9403992,22.3027,11.3
204.5859985,101.9550018,121.9599991,54.0564003,31.2233009,19.0902996,232.7339935,99.9149017,134.5769958,44.5185013,33.0019989,15.6703997,202.6620026,47.4818001,27.3568993,193.7429962,61.0668983,22.8462009,0.0
197.2940063,117.387001,132.9299927,75.0472031,30.8239994,17.0872993,260.1520081,135.5670013,143.5950012,65.0197983,37.7422981,12.0851002,210.4720001,57.0391998,30.2754993,191.1710052,74.8408966,25.9636002,0.0
205.727005,107.1340027,120.2529984,58.4958,31.4206009,19.8579998,227.7899933,105.1159973,121.5130005,45.7290001,32.6156998,15.3185997,207.0,45.4039001,30.6762009,193.8990021,59.2867012,24.0382004,5.6
198.602005,109.1090012,130.2980042,72.6713028,30.8764,16.7994003,253.3840027,128.8639984,142.6159973,64.6761017,37.2364006,11.6306,211.3150024,60.0987015,29.3061008,190.147995,78.9980011,26.1243992,0.0
203.9920044,96.7995987,122.2809982,52.9490013,31.1501999,18.5352001,229.9299927,94.043602,135.8200073,43.9808006,32.8731995,15.2950001,202.651001,48.2694016,25.2311001,197.9389954,60.9836998,22.4123001,0.0
204.5110016,101.6819992,122.0999985,53.0550003,31.2045994,18.8327007,234.9649963,99.5501022,137.6309967,43.8995018,33.0186996,15.6792002,202.6679993,47.8683014,26.2721996,196.2220001,60.9856987,22.8722,0.0
196.3309937,99.0934982,133.0690002,75.4036026,30.7404995,17.5793991,253.1820068,119.5459976,138.4700012,66.217598,37.5833015,12.4528999,210.647995,57.6823997,28.6863003,190.0140076,74.8957977,25.3449001,0.0
196.2570038,98.0703964,133.0820007,75.4449005,30.7343998,17.6312008,252.6300049,118.4820023,138.072998,66.3729019,37.5704002,12.4802999,210.6679993,57.7486,28.5863991,189.9360046,74.935997,25.2980995,0.0
204.5859985,95.8265991,121.9339981,56.0684013,31.2430992,19.5261002,225.6300049,93.8481979,128.8090057,46.3674011,32.8865013,15.8009005,202.5220032,47.0499992,28.0004997,189.5070038,61.1376991,22.5310001,16.9
206.6629944,120.2900009,119.4710007,60.2406998,31.5275993,20.0240993,238.3009949,119.3450012,118.0189972,44.9385986,32.9702988,15.0832996,207.5299988,43.4241982,34.493,195.4450073,58.1257019,25.5067005,0.0
205.9980011,109.7809982,120.0439987,59.043499,31.4526997,19.9375992,230.4720001,108.262001,120.6620026,45.6245003,32.7134018,15.2974005,207.121994,44.8196983,31.6098995,193.9750061,58.9483986,24.3882008,0.0
205.447998,100.3550034,120.5299988,58.0523987,31.3894005,19.8586998,223.4839935,98.3190994,122.4160004,46.3744011,32.4900017,15.4826002,206.7769928,46.0681992,29.2756996,192.4400024,59.7136002,23.4554996,0.0
197.2230072,110.1750031,132.9369965,75.2263031,30.7959995,16.9309998,259.5440063,131.0679932,141.1049957,64.4207001,37.7047005,12.4218998,210.3760071,56.0746994,29.5590992,191.7630005,72.1546021,25.5984993,0.0
196.6349945,103.8960037,133.0189972,75.2527008,30.7674007,17.4155006,255.4160004,124.0709991,140.197998,65.7188034,37.6372986,12.3239002,210.5870056,57.5154991,29.1368008,190.2619934,74.9506989,25.5463009,0.0
203.3240051,102.1019974,129.3439941,61.8077011,30.5172005,16.4750004,242.1029968,108.6729965,136.8439941,53.4555016,34.0318985,14.2657003,198.9499969,51.7373009,27.0259991,195.0339966,64.2317963,23.6476994,0.0
206.0180054,88.1604004,120.3600006,59.0751991,31.4615993,20.6732006,224.3170013,90.0703964,124.3410034,47.9105988,32.6185989,16.2591991,206.4459991,45.0046997,28.2115993,186.4299927,59.6883011,22.8444996,5.6
200.1269989,122.2799988,129.9440002,71.6548996,31.0314999,15.8829002,256.6789856,140.4380035,153.8600006,64.5231018,37.3734016,10.6528997,211.173996,60.9574013,31.9747009,190.470993,82.4466019,27.8358002,0.0
204.1990051,89.9960022,122.3000031,55.4681015,31.1961994,19.2476006,220.6000061,86.7697983,128.2030029,46.8191986,32.7223015,15.8088999,202.4170074,47.7905998,26.6842003,190.6190033,60.969799,22.2730999,0.0
206.4949951,123.762001,119.6050034,60.2271004,31.5121002,19.9016991,237.2389984,120.6299973,117.9059982,44.8372993,32.9127007,15.0408001,207.5449982,43.7056007,34.4761009,197.0599976,57.8228989,25.5510998,0.0
205.9819946,89.1539001,120.3990021,59.0326004,31.4566994,20.6063004,224.0449982,90.5976028,124.0199966,47.908699,32.6024017,16.2129993,206.4689941,45.1772003,28.2984009,186.8190002,59.7029991,22.8920994,5.6
203.9909973,99.1549988,130.0549927,76.3227005,31.5902004,21.2784004,260.6419983,111.612999,128.4210052,70.2630005,37.9085999,12.8645,214.3589935,62.9650993,26.6116009,191.5809937,78.5246964,24.1275997,0.0
180.0379944,85.3186035,134.3939972,68.7436981,28.5007,16.8724003,221.8899994,96.9873962,136.901001,58.1916008,34.5597,13.1296997,207.4369965,52.0856018,28.8521004,191.1410065,66.5095978,24.0618992,16.9
205.8350067,97.716301,120.3280029,58.7797012,31.4367008,20.1639996,225.5339966,97.5440979,122.3119965,46.8446999,32.6020012,15.7082005,206.7610016,45.3338013,29.5669003,190.3139954,59.5004997,23.5044994,5.6
199.2169952,116.8440018,130.1309967,72.1191025,30.9368,16.4368992,255.3730011,135.9900055,145.5659943,64.2517014,37.2952995,11.2195997,211.302002,60.6651001,30.1343994,190.3710022,80.6164017,26.5692997,16.9
228.3769989,130.1840057,113.4800034,65.1369019,34.7989006,18.2618008,262.4379883,138.4640045,133.4859924,53.594101,37.9679985,12.8346004,208.9160004,51.7944984,33.5396996,191.1009979,70.8424988,26.7147007,0.0
208.6690063,86.308197,121.2979965,57.4457016,31.7297993,19.7035999,212.6589966,77.6901016,120.2539978,50.3311996,33.1156006,16.6485004,206.3650055,48.9623985,26.3057003,187.3390045,60.3101006,22.4619007,16.9
198.9720001,119.2559967,130.2019958,72.155899,30.8941994,16.3255997,255.1089935,138.5050049,142.9629974,63.8212013,37.2492981,11.6093998,211.1900024,59.6520004,29.7551994,192.2220001,78.4308014,26.4619999,0.0
203.7120056,83.4681015,122.6500015,55.5693016,31.1480007,19.0571995,212.1860046,78.7192001,125.1460037,47.6777,32.4897995,15.7993002,202.2879944,48.2543983,26.1133003,190.0970001,60.8186989,21.9806995,0.0
204.125,96.6063995,122.2600021,53.2165985,31.1662998,18.6562996,229.9629974,93.9585037,135.572998,44.2869987,32.8852005,15.4645004,202.6190033,48.1360016,25.5655003,196.7810059,60.9659996,22.5112,0.0
208.8300018,135.1349945,119.848999,64.5131989,31.7968998,19.0615005,246.2519989,140.3289948,126.1060028,52.155201,33.4005013,13.7693005,206.6439972,47.5261993,34.5826988,195.8370056,65.3167038,26.1056995,0.0
198.7630005,125.776001,132.8419952,75.280899,30.9004002,16.3945999,269.3039856,143.8359985,143.9049988,62.7705994,37.9025993,12.4870996,210.102005,54.1119003,30.4416008,193.9490051,69.2658997,25.6487007,0.0
204.2550049,90.947998,122.2509995,55.4546013,31.2019005,19.2667007,221.6629944,87.9184036,128.5879974,46.6809006,32.7514,15.8038998,202.4360046,47.7145004,26.7987003,190.6860046,60.9883995,22.3178997,0.0
199.8860016,127.8960037,129.9440002,71.5608978,30.9960003,16.0263004,257.5150146,146.0679932,147.6809998,64.1100006,37.343399,10.8579998,211.3119965,61.2084999,31.0429001,191.5399933,82.0376968,27.0375004,0.0
206.2180023,99.8579025,119.9319992,59.2725983,31.4822998,20.2931995,230.1679993,101.7990036,122.1660004,46.1799011,32.7765007,15.6015997,206.9210052,44.2257996,30.5979996,189.9089966,59.1491013,23.8990993,0.0
199.0800018,122.0270004,130.1750031,72.0121994,30.9018993,16.2252998,255.654007,140.9869995,143.1699982,63.5936012,37.2575989,11.5809002,211.1690063,59.6138992,29.8771,192.6159973,78.4409027,26.5410004,0.0
206.2109985,101.8239975,119.9309998,59.2915993,31.4804993,20.2357006,230.4799957,103.2369995,121.762001,46.0924988,32.7751007,15.5439997,206.970993,44.2887993,30.8897991,190.5930023,59.0968018,24.0230999,0.0
204.6269989,102.189003,121.8820038,54.6460991,31.2334995,19.2098999,231.7610016,100.1709976,133.1199951,44.8078003,32.9980011,15.6552,202.6640015,47.2550011,27.9064999,192.6349945,61.1272011,22.8302994,11.3
199.0189972,107.5429993,130.1900024,72.1894989,30.9382,16.5935993,254.3370056,127.3789978,147.8699951,63.7126007,37.3157997,11.0630999,211.2409973,60.7692986,29.9391994,187.4850006,81.0345993,26.5088997,16.9
198.1909943,106.1600037,130.4060059,72.9468002,30.8253994,16.843399,251.875,126.5,140.279007,64.7353973,37.1753998,12.0091,211.2369995,59.2358017,28.8414993,191.0429993,77.0319977,25.9491997,0.0
197.2400055,113.5149994,132.9420013,75.1687012,30.8104992,17.0643005,259.6629944,132.7420044,142.348999,64.893898,37.7221985,12.2379999,210.4459991,56.6747017,29.8985004,191.3049927,73.6137009,25.7667007,16.9
204.3639984,86.594902,122.572998,56.7220001,31.2226009,19.6720009,214.5590057,81.6203995,124.1529999,48.8675003,32.5942001,16.2796001,202.2109985,48.1540985,26.6438999,187.1269989,60.9676018,22.1135006,16.9
205.7299957,107.7170029,120.2450027,58.4925995,31.4207001,19.8474007,227.9859924,105.6029968,121.4759979,45.6668015,32.6190987,15.3009996,207.0140076,45.3930016,30.7497997,194.0809937,59.2673988,24.0720005,5.6
197.9629974,120.8899994,132.8849945,75.3499985,30.8491993,16.6910992,264.5690002,139.0410004,143.0379944,63.9007988,37.8050003,12.3799,210.2610016,55.1071014,30.2668991,192.6609955,70.1380005,25.6394997,0.0
204.4170074,98.637001,122.1159973,53.7923012,31.2024002,18.9463997,231.0330048,96.3263016,134.8040009,44.6449013,32.9420013,15.6610003,202.6150055,47.782299,26.5067997,194.6470032,60.9995995,22.6973991,0.0
198.848999,119.7979965,130.2480011,72.158699,30.8731003,16.2542992,255.2149963,139.1499939,142.3800049,63.2761002,37.2363014,11.7988997,211.0930023,58.9491997,29.5891991,192.8809967,76.8712006,26.4610004,0.0
212.5820007,106.314003,128.9450073,61.6041985,31.7989998,17.2996006,256.0090027,118.2330017,141.8119965,51.1442986,35.1459007,14.8993998,197.7630005,49.9336014,27.6417999,196.9160004,62.9808998,24.1926003,0.0
199.8430023,129.378006,129.951004,71.5298996,30.9885006,16.0149002,257.5429993,147.3939972,146.7189941,64.052002,37.3334999,10.9272003,211.3130035,61.1404991,30.9239006,191.9920044,81.8764038,26.9606991,0.0
206.6390076,124.7190018,119.4929962,60.4339981,31.5268993,19.9447994,238.6860046,122.0950012,117.3290024,44.8163986,32.9627991,15.0275002,207.6060028,43.4412003,34.9816017,197.0169983,57.767601,25.7453995,0.0
208.3950043,149.6100006,118.3339996,62.4336014,31.6714001,19.8570004,260.7210083,147.1690063,106.3180008,44.0251999,33.5093994,14.5893002,208.8939972,41.3204994,41.3044014,210.3439941,56.5735016,29.9151993,0.0
196.7689972,106.1849976,132.9989929,75.2016983,30.7784996,17.3393002,256.375,126.1650009,140.8809967,65.5243988,37.6589012,12.2781,210.5590057,57.4053993,29.3409004,190.4320068,74.8934021,25.6284008,0.0
195.1719971,83.0296021,132.4450073,74.0001984,30.5844994,15.6420002,255.7949982,129.3600006,138.7769928,59.6907005,37.5850983,12.7497997,209.9759979,55.196701,28.5860004,192.595993,70.5281982,26.0706005,0.0
199.75,131.026001,129.9759979,71.4871979,30.9745998,15.9870005,257.4970093,148.8249969,145.4830017,63.8524017,37.3176994,11.0619001,211.2859955,60.8837013,30.7360001,192.6439972,81.4346008,26.8747997,0.0
197.6100006,114.7360001,132.901001,75.2388,30.8204002,16.7402992,262.2449951,135.1309967,141.9060059,63.8400993,37.7557983,12.4454002,210.2859955,55.4163017,29.8395004,192.4210052,70.9237976,25.6191998,5.6
204.6999969,101.9459991,121.7480011,55.8075981,31.2532005,19.4452991,229.7460022,100.072998,130.3950043,45.4117012,32.986599,15.6455002,202.6529999,46.8125992,28.8164997,190.5090027,61.2373009,22.7763996,16.9
204.576004,102.5690002,122.0149994,53.4367981,31.2159004,18.9710007,234.3990021,100.5419998,136.3529968,44.1125984,33.0228996,15.6835003,202.673996,47.6688004,26.8959007,194.9609985,61.0208015,22.9001999,0.0
205.9309998,92.6298981,120.3560028,58.9393005,31.4498005,20.4111004,224.7420044,93.5416031,123.2249985,47.4383011,32.6077003,15.9846001,206.6009979,45.2122993,28.8563004,188.2079926,59.6113014,23.1665993,5.6
199.826004,129.7259979,129.9550018,71.5225983,30.9859009,16.0114002,257.5320129,147.6999969,146.4499969,64.0254974,37.3302994,10.9517002,211.3110046,61.1040001,30.8857002,192.1199951,81.8076019,26.9400005,0.0
202.0249939,81.2070007,131.0930023,77.1409988,31.3519993,19.1392002,236.5480042,95.6271973,126.2890015,72.9182968,37.2140999,13.6127996,212.5919952,59.2125015,26.7381992,190.0540009,75.5385971,24.1644993,0.0
204.3659973,93.5206985,122.1389999,55.3084984,31.2122002,19.2705994,224.3860016,90.9173965,129.7449951,46.2268982,32.8213997,15.7672005,202.4940033,47.5567017,27.0562,191.1230011,61.0280991,22.4384995,0.0
206.4019928,120.0709991,119.6869965,59.9390984,31.5,19.9258995,235.878006,117.6719971,118.552002,45.0205002,32.8749008,15.1027002,207.4459991,43.9245987,33.8297997,196.1459961,58.1450996,25.2826004,0.0
198.2720032,101.1569977,130.3910065,73.0186005,30.8644009,17.2800999,253.0690002,121.2340012,142.4259949,64.8407974,37.2588997,11.6201,211.4279938,60.5169983,28.7712994,187.8639984,79.424202,25.7166004,0.0
194.6690063,79.8721008,133.1629944,75.4168015,30.5660992,17.0960007,240.0820007,102.6399994,131.322998,66.711998,37.2108002,12.8767004,210.4779968,56.8886986,27.1783009,189.9360046,72.8244019,24.6361008,16.9
204.6840057,101.0059967,121.7730026,55.8394012,31.2516003,19.4556007,229.1860046,99.152298,130.1889954,45.5419006,32.9730988,15.6661997,202.6349945,46.8432999,28.6879997,190.378006,61.2210999,22.7406998,16.9
203.9649963,86.6095963,122.4789963,55.5105019,31.1727009,19.1574001,216.4689941,82.6221008,126.7030029,47.2793999,32.6081009,15.8087997,202.348999,48.0514984,26.3348007,190.3829956,60.8973999,22.1159992,0.0
203.1990051,78.2158966,122.9469986,55.6469002,31.0988007,18.8451004,204.276001,72.1684036,122.5550003,48.1882019,32.2678986,15.7803001,202.1889954,48.4616013,25.9507999,189.6660004,60.6394997,21.7915993,0.0
200.4589996,137.1309967,132.8150024,75.8378983,31.0317993,16.3271008,277.3900146,150.253006,146.1779938,63.3927994,38.0937996,12.3028002,210.0919952,53.4791985,31.2695999,194.5659943,68.9478989,25.4018002,0.0
199.7559967,131.3179932,129.973999,71.4735031,30.9748993,15.9786997,257.5329895,149.0800018,145.4490051,63.8336983,37.3176994,11.0633001,211.2850037,60.8787003,30.7395,192.6970062,81.439003,26.8773003,0.0
206.0829926,76.5563965,120.3840027,59.5978012,31.4736004,21.5293999,222.0310059,78.8595963,129.1649933,49.218399,32.5783005,17.3393002,205.8910065,43.7235985,26.8560009,182.3269958,59.5414009,21.7908001,5.6
201.2059937,154.6470032,129.5370026,70.364502,31.1047993,15.2433004,262.1629944,170.5350037,148.6109924,63.896801,37.4233017,10.1850004,211.4409943,62.6764984,32.4132004,194.7180023,84.7761993,27.6061001,0.0
199.7720032,130.4089966,129.9689941,71.5091019,30.9783001,16.0023994,257.4809875,148.2899933,145.8099976,63.9339981,37.321701,11.0222998,211.2980042,60.9728012,30.7828007,192.4320068,81.574501,26.8918991,0.0
197.852005,113.0370026,132.8249969,74.816597,30.8229008,16.3192997,264.5759888,138.0379944,141.9490051,61.7565994,37.7983017,12.6602001,210.072998,54.4538002,29.6079006,193.8090057,69.9894028,25.8057995,5.6
197.0529938,111.7779999,132.9600067,75.1074982,30.8031006,17.1987,258.4049988,130.977005,142.3679962,65.209198,37.7046013,12.1725998,210.5090027,57.2125015,29.8213005,190.7980042,74.8731003,25.8103008,0.0
206.2799988,91.0858994,119.7669983,59.141201,31.4969997,20.5531006,230.0899963,96.3660965,124.2490005,45.9991989,32.8392982,15.7523003,206.7330017,43.3932991,29.4162006,186.9080048,59.2285004,23.4482002,0.0
204.628006,100.8280029,121.8570023,55.2280998,31.2395,19.3201008,229.9949951,98.8421021,131.552002,45.2566986,32.9719009,15.6683998,202.6360016,47.1049004,28.1578007,191.5399933,61.1585007,22.7546005,0.0
204.4889984,99.8417969,122.0599976,53.8699989,31.2108002,19.0021,231.7839966,97.6545029,134.8220062,44.5959015,32.9668007,15.6753998,202.6309967,47.6767006,26.7924995,194.3280029,61.0205002,22.7579994,0.0
205.1909943,70.3562012,119.3310013,57.7663994,31.4127998,21.0662003,222.8529968,81.1008987,126.4349976,45.2778015,32.7328987,15.9701004,206.2859955,41.6547012,26.0681,183.8370056,59.5124016,22.3943005,0.0
204.477005,95.9438019,122.0299988,55.3132019,31.2238998,19.3068008,226.4889984,93.6667023,130.3999939,45.9107018,32.8796997,15.7438002,202.5410004,47.3734016,27.4300003,191.1900024,61.0740013,22.5487003,0.0
201.1009979,64.5639038,122.6419983,54.732399,30.8820992,17.7831993,194.7290039,62.1134987,119.1009979,47.6305008,31.9379005,13.9077997,202.1490021,48.5764008,23.6879997,190.6360016,61.1244011,20.2787991,11.3
197.6329956,113.3789978,132.8829956,75.1443024,30.816,16.6182003,262.5639954,135.2649994,141.6309967,63.2837982,37.7577019,12.5233002,210.2279968,55.125,29.7108994,192.7819977,70.5836029,25.6263008,5.6
205.7570038,105.9509964,120.2480011,58.5765991,31.4246998,19.8987999,227.628006,104.2419968,121.5139999,45.8809013,32.6197014,15.3648996,206.9790039,45.3558006,30.6002998,193.4210052,59.2929993,23.993,5.6
200.378006,140.4329987,129.7910004,71.0094986,31.0349998,15.6904001,259.4119873,157.3359985,147.427002,63.9281998,37.3684006,10.6443996,211.3549957,61.7344017,31.5412998,193.2030029,83.226799,27.2301006,5.6
205.2550049,97.6020966,123.9670029,64.1204987,32.0051003,18.6903,223.2689972,103.0960007,134.1329956,52.8140984,33.4650993,13.9558001,201.8139954,49.4459,31.3983994,185.3690033,67.2365036,25.8862,0.0
197.4689941,116.8180008,132.9210052,75.2113037,30.8248005,16.9522991,261.2529907,135.4490051,142.8350067,64.6419983,37.7509995,12.2469997,210.3950043,56.2489014,30.1123009,191.7079926,72.6384964,25.7745991,0.0
200.4120026,145.2779999,129.779007,70.7404022,31.0375996,15.6008997,259.7449951,161.2559967,146.397995,63.6295013,37.3642998,10.6829996,211.3470001,61.7887993,31.4859009,193.9290009,83.861702,27.1884995,0.0
206.102005,105.9420013,120.0009995,59.1963997,31.4659996,20.0776997,230.3509979,105.7529984,121.0220032,45.9323006,32.7384987,15.4243002,207.052002,44.6050987,31.3031006,192.3529968,59.0255013,24.2234001,0.0
206.9519958,103.3619995,119.1029968,59.4598007,31.5716,20.1537991,239.6139984,110.5759964,123.5999985,43.7300987,33.1817017,14.8731003,207.2140045,42.1604004,32.0205002,187.0650024,58.7528992,24.4232006,11.3
204.3500061,93.0351028,122.1569977,55.3552017,31.2108994,19.2766991,223.8760071,90.3648987,129.4960022,46.3247986,32.8091011,15.7767,202.4819946,47.5777016,27.0202007,190.9980011,61.0223007,22.4157009,0.0
205.7310028,109.0579987,120.2289963,58.4758987,31.4204998,19.8218994,228.4060059,106.7070007,121.4079971,45.5213013,32.6255989,15.2607002,207.0429993,45.3765984,30.9051991,194.5050049,59.2265015,24.1453991,5.6
205.9810028,111.0189972,120.0439987,59.0153999,31.4505997,19.9041004,230.6730042,109.1610031,120.5800018,45.509201,32.7122993,15.2596998,207.1470032,44.8442993,31.7269993,194.427002,58.9109001,24.4466,0.0
203.6109924,94.1156998,130.3760071,75.3983994,31.5303993,19.2017994,254.8300018,110.8300018,133.8690033,68.6490021,37.7345009,12.4661999,212.9550018,61.1932983,27.2852993,188.7460022,78.3085022,24.5137005,0.0
207.3029938,130.6060028,118.7040024,60.8210983,31.5902004,19.9661999,246.2890015,131.3159943,116.4140015,43.8627014,33.2485008,14.5611,208.0720062,42.6837997,37.6767998,195.2039948,58.1907005,26.2763004,0.0
193.5630035,72.3604965,133.2259979,75.0460968,30.4615993,16.6366005,229.0420074,88.9205017,127.5110016,67.4403992,36.8988991,12.6898003,210.348999,56.8741989,26.2567005,188.5549927,72.7297974,23.9549007,16.9
205.9759979,111.4700012,120.0439987,59.0045013,31.4498005,19.8922997,230.7489929,109.4899979,120.5559998,45.4655991,32.7120018,15.2461004,207.1549988,44.8526001,31.7675991,194.5899963,58.8969002,24.4673004,0.0
197.1069946,110.6309967,132.9559937,75.194397,30.7980003,17.1030998,258.7130127,130.5079956,141.6230011,64.9596024,37.6999016,12.2952995,210.4589996,56.7202988,29.6618004,191.1920013,73.5860977,25.6879997,16.9
206.003006,109.0780029,120.0469971,59.0505981,31.4533997,19.9552994,230.3269958,107.7320023,120.7269974,45.6870995,32.7126999,15.3186998,207.1069946,44.8137016,31.5310001,193.7250061,58.9729004,24.3505001,0.0
205.4279938,97.6540985,120.6029968,58.0996017,31.3882999,19.9160004,222.1790009,95.7429962,122.5,46.781601,32.4622993,15.5972996,206.6959991,46.1888008,28.8957996,191.5249939,59.7877998,23.2772999,0.0
193.8650055,96.2061005,141.326004,68.8792038,30.4090004,17.2343006,218.6049957,98.2525024,130.5140076,60.3975983,34.5415001,14.3428001,206.2350006,57.8111,27.5536995,185.4049988,67.2875977,25.5212994,0.0
197.7230072,122.1809998,132.8990021,75.2530975,30.8449001,16.8707008,263.0509949,139.3370056,143.8159943,64.5542984,37.7874985,12.1940002,210.3600006,55.9462013,30.5004997,192.0180054,71.8702011,25.8416996,5.6
207.2779999,129.9179993,118.7679977,60.8121986,31.5876999,19.9803009,245.9720001,130.5059967,116.3410034,43.9486008,33.2328987,14.6204996,208.026001,42.651001,37.4341011,195.5330048,58.1225014,26.3008003,0.0
198.1210022,96.0815964,130.4179993,72.906601,30.8710995,17.5039005,255.3809967,117.5530014,143.572998,63.7937012,37.3513985,11.3934002,211.4420013,60.9590988,28.3514004,185.0690002,80.0411987,25.3055992,0.0
206.3309937,113.8509979,119.7669983,59.6591988,31.4911995,20.0111008,234.1069946,112.901001,119.5459976,45.3614006,32.8398018,15.2275,207.2960052,44.0954018,32.8833008,194.3029938,58.551899,24.8712006,11.3
204.0299988,98.9461975,122.2580032,52.6593018,31.1511002,18.4881992,231.8580017,96.1284027,136.8589935,43.5424995,32.9151993,15.2165003,202.7059937,48.341301,25.0909996,199.1360016,61.0035019,22.4424,0.0
196.6080017,99.1523972,132.8910065,74.9413986,30.7273998,16.6189995,256.4039917,126.3420029,138.7389984,63.2314987,37.6141014,12.6711998,210.2550049,55.625,28.809,192.1690063,71.3844986,25.5228996,0.0
195.9640045,108.5090027,129.0780029,65.8495026,29.9540997,17.2705002,261.7669983,119.4140015,140.6100006,56.1903,37.0063019,13.3549004,213.5050049,52.9252014,27.4801006,197.0650024,66.8233032,23.9682007,0.0
206.7440033,125.8130035,119.4059982,60.5732002,31.5373993,19.9659004,239.8500061,123.4690018,116.8970032,44.7560005,33.0009003,15.0033998,207.6609955,43.2549019,35.3865013,197.1210022,57.7188988,25.9062004,0.0
198.8899994,119.3030014,132.8480072,74.1488037,30.8980999,16.0098991,269.8989868,144.401001,143.4450073,59.3638,37.9305,12.9417,209.7810059,53.2041016,29.4983997,196.2120056,69.3018036,26.2917004,5.6
200.029007,138.4730072,129.8959961,71.0991974,30.9993,15.7838001,258.6000061,155.2599945,145.5709991,63.5820007,37.3353004,10.9445,211.2910004,61.1460991,31.0270004,193.5140076,82.3771973,27.0088997,5.6
197.2799988,111.8199997,132.9360046,75.2294998,30.8038998,16.9582005,259.9159851,132.0119934,141.5679932,64.5425034,37.7164001,12.3683996,210.3899994,56.1761017,29.6987,191.6860046,72.3812027,25.6424999,0.0
209.2380066,91.9702988,120.1220016,57.8041992,31.7905998,19.9712009,229.1080017,90.6600037,124.7109985,47.837101,33.5932999,16.1553993,206.8090057,46.2835999,28.0695,190.0500031,59.9342003,23.1121006,0.0
199.3840027,126.4960022,130.0859985,71.7531967,30.9346008,16.1091003,256.5350037,144.848999,144.1179962,63.6663017,37.2845001,11.3564997,211.2180023,60.1693001,30.2539997,192.7109985,79.8143997,26.6882992,16.9
204.5319977,103.0950012,130.1340027,74.0886993,31.5757008,17.1551991,255.5590057,122.9950027,139.9179993,65.9754028,37.7198982,11.8992996,212.1210022,59.5522995,28.8714008,189.9129944,77.5350037,25.5249996,0.0
206.0449982,108.3160019,120.0240021,59.1227989,31.4585991,19.9932995,230.4640045,107.3249969,120.7460022,45.7579002,32.7248001,15.3473997,207.098999,44.7272987,31.5203991,193.3410034,58.9719009,24.3344002,0.0
204.4349976,98.8907013,122.1019974,53.8240013,31.2045994,18.9633007,231.173996,96.6116028,134.7720032,44.6459007,32.9473991,15.6660995,202.6179962,47.7540016,26.5813999,194.5379944,61.0049019,22.7108002,0.0
202.2890015,74.1037979,122.6490021,54.4266014,30.9971008,18.2010994,205.1179962,71.264801,124.0569992,46.6968994,32.2397995,14.6805,202.3099976,48.354599,24.6917992,192.7870026,60.9039001,21.1455994,11.3
197.9129944,121.2710037,132.8899994,75.3567963,30.8483009,16.7367992,264.2510071,139.0390015,143.1869965,64.0886002,37.8008995,12.3416996,210.2839966,55.2625999,30.3211002,192.5,70.3286972,25.6671009,0.0
203.7160034,87.8575974,122.4369965,54.3624001,31.1369991,18.7646008,219.4340057,84.5979004,129.6069946,45.9482994,32.6445999,15.4533997,202.4550018,48.1605988,25.7194996,193.5070038,60.9020996,22.0923996,11.3
203.977005,99.4904022,122.2570038,52.5700989,31.1452999,18.4640999,231.7140045,96.5600967,136.6690063,43.3942986,32.9096985,15.1089001,202.7339935,48.4151993,24.9852009,199.6649933,61.0195007,22.3799,0.0
199.2440033,118.4219971,130.121994,72.0776978,30.9360008,16.3908005,255.5200043,137.4589996,145.2200012,64.2378998,37.2915993,11.2444,211.2969971,60.6114006,30.1546993,190.8049927,80.5102005,26.5816002,16.9
206.1699982,103.7030029,119.9599991,59.2667007,31.4748001,20.1672001,230.4600067,104.4049988,121.3860016,46.0368004,32.7602005,15.4925003,207.0099945,44.4276009,31.1004009,191.3670044,59.0625,24.1205997,0.0
196.9029999,106.5999985,132.977005,75.2369003,30.7782993,17.1501999,257.2619934,127.3850021,140.5,65.0647964,37.6643982,12.3858995,210.473999,56.7560005,29.3262997,191.076004,73.479599,25.5713005,16.9
204.647995,99.1837006,121.8280029,55.8852997,31.2481003,19.4713993,228.0610046,97.3272018,129.8059998,45.7972984,32.9449997,15.7082005,202.5980072,46.9180984,28.4232998,190.1519928,61.1884995,22.6700001,16.9
206.1329956,77.6707993,120.439003,59.6375008,31.4771996,21.5102005,222.2460022,79.6977005,128.8410034,49.387001,32.5786018,17.3229008,205.9089966,44.0362015,26.905899,182.4309998,59.6166992,21.8197994,5.6
205.4850006,104.4560013,120.439003,58.0019989,31.3917999,19.7893009,225.302002,102.0749969,122.2710037,45.8375015,32.5275002,15.3395004,206.8849945,45.9229012,29.8216991,193.7189941,59.6030006,23.7108994,0.0
197.6589966,118.5790024,132.9069977,75.2810974,30.8339996,16.8500004,262.5409851,136.9400024,142.9160004,64.3727036,37.7713013,12.2993002,210.3419952,55.7750015,30.1853008,192.0829926,71.4804993,25.7192001,5.6
204.5429993,100.8359985,122.0039978,54.0149994,31.2182007,19.0601997,232.1519928,98.7368011,134.5659943,44.5965996,32.9836998,15.6767998,202.6450043,47.5617981,27.1110001,193.9120026,61.046299,22.7998009,0.0
206.1640015,116.0739975,119.8789978,59.4258995,31.4722004,19.8924007,233.2200012,113.7249985,119.6340027,45.1927986,32.7871017,15.1618996,207.3009949,44.4300003,32.7658005,195.5269928,58.5214996,24.8673992,11.3
202.4649963,76.6188965,122.5930023,54.2482986,31.0123997,18.2278996,207.8730011,73.8063965,125.1190033,46.4070015,32.3111,14.6814003,202.3540039,48.4025002,24.6368008,193.3860016,60.9482002,21.2394009,11.3
198.003006,93.7638016,130.4530029,72.8060989,30.8710995,17.6236992,259.4530029,117.2360001,144.3209991,63.1856995,37.4706993,11.2536001,211.4409943,61.2529984,28.0543003,183.6860046,80.2110977,24.8971004,0.0
199.5119934,131.5690002,132.8370056,75.4179993,30.9577007,16.3274002,273.019989,147.276001,144.9759979,62.7663994,37.9883995,12.4518995,210.0579987,53.6907997,30.7756004,194.4869995,69.0087967,25.6037998,0.0
200.0529938,118.7939987,129.9909973,71.7468033,31.0289001,15.8790998,255.6369934,136.8829956,155.4360046,64.7014999,37.3638,10.6794004,211.1150055,60.7734985,32.0866013,190.1029968,82.3637009,28.0382996,0.0
196.6589966,102.4830017,133.0010071,75.2845001,30.7553005,17.2024002,255.5220032,124.1019974,139.2709961,65.2361984,37.6213989,12.4791002,210.4929962,56.8143997,28.9869995,190.951004,73.4184036,25.4517994,16.9
205.8040009,100.7919998,120.2939987,58.7106018,31.4319992,20.0529003,226.3130035,100.0739975,121.9290009,46.4776001,32.6088982,15.5669003,206.8500061,45.3373985,29.9888,191.5050049,59.4192009,23.7007999,5.6
197.7830048,113.6210022,132.852005,74.9977036,30.8218994,16.4538994,263.7999878,136.9179993,141.8249969,62.5046997,37.7817001,12.592,210.1450043,54.7304993,29.6844997,193.3370056,70.1839981,25.7005997,5.6
204.8710022,107.8779984,122.0830002,51.6348,31.2210007,18.4584007,246.6970062,106.0250015,145.4720001,42.1781006,33.2722015,15.7308998,202.8289948,48.1123009,25.2705994,201.9680023,60.9906998,23.2651997,0.0
207.375,136.7960052,118.8440018,61.3228989,31.5946999,19.9542007,247.9790039,134.8659973,113.4779968,44.1772003,33.2319984,14.7168999,208.1450043,42.4108009,38.3583984,199.901001,57.4217987,27.1886997,0.0
204.4940033,102.5049973,122.1539993,52.4990997,31.1956997,18.6343002,237.5110016,100.2969971,139.9989929,43.3334999,33.0592003,15.6343002,202.7039948,48.0591011,25.6359997,198.4320068,60.9762993,22.9053993,0.0
195.2929993,87.4240036,133.3379974,76.2776031,30.6522999,18.4109993,244.6349945,105.5780029,132.2059937,69.1162033,37.3695984,12.9742002,210.9579926,58.4039001,27.4389992,189.4889984,75.0712967,24.6622009,0.0
232.970993,130.4369965,119.3669968,64.6519012,35.1239014,18.0573006,253.9980011,136.0800018,132.6649933,54.0418015,36.4868011,13.4032001,209.2619934,51.5471001,34.1780014,194.7330017,68.9686966,27.5014992,0.0
198.2290039,106.6829987,130.3959961,72.9107971,30.8288994,16.8209991,252.0390015,126.9889984,140.4389954,64.6893997,37.1796989,11.9871998,211.2350006,59.2607994,28.8845997,191.0709991,77.1082993,25.9734993,0.0
207.0599976,124.2750015,119.0500031,60.5648003,31.5678005,20.0422993,242.9920044,124.9410019,117.2870026,44.3221016,33.139801,14.8478003,207.7749939,42.7714005,35.9716988,195.0650024,58.1120987,25.9475002,0.0
197.0429993,106.6549988,132.9409943,75.1977997,30.7770004,16.9020996,258.3970032,128.9360046,140.2169952,64.2741013,37.6744003,12.5045996,210.3630066,56.014801,29.2884998,191.7969971,72.0178986,25.5359993,0.0
204.026001,87.5423965,122.4290009,55.469101,31.1784992,19.1739006,217.6970062,83.7841034,127.1959991,47.1263008,32.6409988,15.8023005,202.3699951,47.9868011,26.4053993,190.5269928,60.917099,22.1578007,0.0
212.6450043,141.2039948,117.4810028,61.042099,32.0344009,17.8945999,241.6380005,144.6190033,123.1429977,50.1166992,32.8721008,13.1299,207.0130005,50.1804008,35.0903015,196.4680023,67.3050003,26.406601,0.0
196.8999939,113.5189972,132.5310059,67.3065033,30.7154007,17.4705009,262.677002,126.3089981,143.4830017,56.6772003,37.6241989,13.0886002,211.7590027,54.1283989,28.4246998,197.4250031,68.0056,25.0687008,5.6
205.4790039,102.3700027,120.4749985,58.0546989,31.3920994,19.8297997,224.4889984,100.2279968,122.314003,46.1125984,32.5131989,15.4126997,206.8339996,45.9662018,29.5762005,193.0429993,59.6463013,23.5923996,0.0
203.1849976,83.0950012,122.5370026,54.2196007,31.0830994,18.5111008,214.4889984,79.9076004,127.9020004,46.0480003,32.4998016,15.1372995,202.4190063,48.3008003,25.2173996,193.8379974,60.8911018,21.7460003,11.3
206.2960052,114.2210007,119.7929993,59.6167984,31.4871998,19.9881001,233.8820038,112.987999,119.5419998,45.3476982,32.8278008,15.2182999,207.2960052,44.1692009,32.8543015,194.5390015,58.547699,24.8682995,11.3
200.5279999,141.3910065,129.7510071,70.9721985,31.0489998,15.6358004,259.8299866,158.3370056,148.2440033,64.0117035,37.3824997,10.5450001,211.3650055,61.8630981,31.7646008,193.2070007,83.4030991,27.3467999,5.6
206.1060028,82.2593994,119.637001,58.7584,31.4881001,20.7528,228.5590057,90.226799,125.9250031,45.7156982,32.847599,15.8646002,206.5310059,42.6306992,28.0310001,184.8600006,59.2971992,23.0004005,0.0
197.4230042,118.2740021,132.9210052,75.1256027,30.8283997,17.0091,261.0010071,136.3769989,143.4550018,64.8384018,37.7533989,12.1451998,210.4309998,56.6321983,30.2870998,191.4880066,73.7397003,25.8980007,16.9
202.7129974,171.9259949,129.0359955,69.4397964,31.2126999,14.4511995,266.6530151,188.4160004,148.7830048,63.7246017,37.4981995,9.4779797,211.6239929,64.1548996,33.2812004,197.4589996,85.5938034,27.9773998,0.0
188.9649963,139.6260071,122.1920013,69.4553986,29.625,16.6644001,254.4369965,152.1869965,136.5829926,57.7543983,36.5318985,11.2227001,221.4850006,58.8809013,35.5625992,191.677002,78.8576965,26.5898991,5.6
