H3A_Al_0_2,H3A_Ca_0_2,H3A_Fe_0_2,H3A_K_0_2,H3A_Mg_0_2,H3A_P_0_2,H3A_Al_2_6,H3A_Ca_2_6,H3A_Fe_2_6,H3A_K_2_6,H3A_Mg_2_6,H3A_P_2_6,TOC_0_2,IC_0_2,TN_0_2,TOC_2_6,IC_2_6,TN_2_6
75.1987991,1794.4100342,6.3588099,149.522995,104.9309998,52.0091019,70.3565979,1680.8299561,6.5752902,93.1942978,92.3822021,22.0515995,211.2769928,61.0491982,30.9780998,193.6199951,82.2544022,26.9948006
113.7279968,1581.5500488,13.5739002,126.0569992,117.3610001,136.9129944,116.5559998,1550.9799805,15.0629997,84.9530029,110.4049988,84.0057983,202.6880035,47.5359993,27.3155003,194.3589935,61.0530014,22.9304008
72.2017975,1848.2800293,5.94312,168.0570068,112.2529984,65.3647995,70.9478989,1686.7700195,6.08848,94.5892029,94.8114014,36.3941002,210.026001,53.3415985,30.9740009,195.0059967,68.9680023,25.5547009
101.2399979,1653.3900146,11.1483002,117.6320038,118.1869965,108.8290024,102.7770004,1555.3199463,12.0685997,84.7172012,110.8190002,77.360199,202.9179993,48.0553017,25.1744003,204.2899933,60.9928017,23.6259995
124.6959991,1500.0500488,16.6441994,135.6779938,113.5839996,167.6459961,131.7910004,1519.6400146,21.0564995,86.8604965,107.3850021,110.5690002,206.8670044,45.9073982,29.7542992,193.3800049,59.6041985,23.6725006
75.4285965,1786.3199463,6.2800002,146.5390015,103.4649963,48.7232018,71.8777008,1683.3100586,6.7688198,93.2646027,92.428299,19.4127998,211.4349976,62.6352997,32.3336983,194.6320038,84.7893982,27.5657005
74.8556976,1803.25,6.4284801,152.7389984,108.3000031,56.9258003,68.1684036,1677.0,6.23037,93.103302,92.2955017,27.8955994,211.1100006,58.9588013,29.4480991,192.5579987,76.8271027,26.3738995
130.7189941,1459.7299805,18.2619991,139.0820007,113.1299973,186.0169983,138.3379974,1517.0600586,23.5969009,86.8865967,107.1880035,122.0759964,207.1560059,44.8277016,31.7852993,194.5220032,58.8903999,24.4713993
119.6470032,1539.6099854,14.8795996,128.9929962,116.0910034,150.9109955,123.5449982,1547.8000488,18.0977001,85.0299988,110.0950012,95.3759003,202.6490021,47.0586014,28.2957001,191.5189972,61.1744995,22.7807007
73.0016022,1833.9399414,6.0283799,162.7480011,111.9909973,64.1376038,68.6966019,1683.5100098,6.06077,94.2129974,94.4247971,34.9861984,210.2489929,55.0410004,30.2292004,192.7429962,70.0901031,25.6306992
116.7320023,1558.6999512,14.2480001,127.5849991,116.5070038,143.7129974,120.4309998,1549.0699463,16.9030991,85.0029984,110.2089996,91.2291031,202.6430054,47.3064995,27.7257996,192.5720062,61.1091003,22.7800007
74.1517029,1807.9200439,6.3357,158.8309937,110.5110016,61.7072983,65.1836014,1679.8599854,5.9682102,93.7782974,93.8731995,28.6604996,210.647995,57.6823997,28.6863003,190.0140076,74.8957977,25.3449001
141.4409943,1407.4899902,20.0004997,140.2180023,113.1009979,204.2460022,147.1000061,1515.3499756,25.2094994,86.9304962,107.1399994,124.6259995,206.9250031,44.1431007,30.6256008,189.7929993,59.1344986,23.9085007
73.5783997,1818.3900146,6.15236,160.1880035,111.1220016,63.4846001,67.9365005,1682.5699463,6.0987101,94.0607986,94.2294998,31.9085999,210.3919983,56.2108002,29.9626999,191.7030029,72.509697,25.7227993
142.9470062,1400.4399414,20.2593994,140.3699951,113.086998,207.1730042,148.3500061,1515.0899658,25.4300003,86.9329987,107.1309967,125.1039963,206.9089966,44.0116005,30.5296001,189.3789978,59.1374016,23.8670998
105.2919998,1628.5600586,11.9055996,121.6289978,117.6169968,117.9369965,108.6429977,1553.2600098,13.2327003,84.8712006,110.5690002,80.0473022,202.6889954,48.0457993,25.6986008,197.9790039,60.975399,22.8602009
139.0659943,1406.2700195,20.3857994,143.8370056,112.6149979,210.5749969,147.1629944,1513.8399658,26.6595993,86.9228973,106.9509964,135.0500031,207.5279999,43.4686012,34.4788017,195.6260071,58.1016998,25.5088005
141.1880035,1375.6300049,22.6546001,154.6459961,112.1060028,232.5769958,153.322998,1510.5999756,29.030899,87.0173035,106.625,145.8359985,208.802002,41.5014992,41.1062012,208.7830048,56.6837006,29.5319004
112.447998,1581.1800537,13.3622999,125.6080017,116.4720001,132.5919952,116.8880005,1550.0200195,16.1490002,84.9989014,110.2539978,89.7608032,202.5460052,47.718399,26.6867008,192.9409943,61.0027008,22.5198994
75.3014984,1791.9699707,6.5053601,151.5019989,107.5930023,56.6453018,68.2928009,1677.4399414,6.3090501,93.0305023,92.259201,25.1294994,211.2830048,60.0051003,29.4529991,190.720993,78.9148026,26.2283993
142.6889954,1382.5400391,21.1784992,154.9069977,112.598999,232.1300049,148.5720062,1511.5699463,27.7474003,86.8935013,106.7819977,137.1519928,208.7250061,43.5032997,41.1753006,196.1869965,58.5214005,26.6040993
73.6078033,1816.0200195,6.1521401,159.897995,111.0319977,63.6897011,68.3018036,1682.8699951,6.14045,94.0738983,94.2528,31.7707996,210.3930054,56.2478981,30.2133999,191.7369995,72.6631012,25.8066006
74.7916031,1799.8399658,6.4695301,155.9589996,108.8440018,58.2202988,66.1439972,1695.8699951,6.0947099,94.1978989,93.3861008,26.0788994,212.1569977,59.6240005,28.7071991,189.6860046,77.5570984,25.4375992
74.1669998,1805.0899658,6.30686,158.246994,110.3300018,62.3347015,66.7171021,1681.2099609,6.0925999,93.8808975,93.9998016,28.6944008,210.5639954,57.4458008,29.3327007,190.3869934,74.9742966,25.6282997
101.2900009,1651.9000244,11.1761999,118.7330017,117.9759979,110.0410004,103.7539978,1554.8699951,12.2498999,84.7640991,110.7330017,77.8581009,202.8560028,48.1380005,25.2313995,202.5650024,60.9931984,23.2884998
73.2605972,1828.2700195,6.0851498,161.6450043,111.6159973,63.6922989,68.0326004,1682.8000488,6.0491199,94.129303,94.3089981,33.600399,210.3090057,55.5600014,29.8838997,192.2689972,71.1451035,25.6313
121.9540024,1509.5500488,15.7889996,133.4750061,114.6309967,148.1640015,129.1860046,1532.5899658,20.8118,85.9822006,108.8740005,108.7659988,206.5440063,46.9738998,27.2418995,186.9309998,60.1839981,22.5895004
76.3715973,1776.6999512,6.8867502,149.7660065,107.8730011,56.7550011,69.5192032,1677.4899902,6.4354801,92.9194031,92.2932968,23.5580006,211.4429932,60.8478012,28.4874001,185.8329926,79.9191971,25.4466
113.8280029,1574.1999512,13.6452999,126.2269974,116.5039978,136.0200043,117.9970016,1549.7399902,16.3526993,84.9997025,110.2440033,90.0840988,202.5769958,47.5853996,26.9883995,192.8549957,61.0340996,22.6130009
117.348999,1555.4599609,14.3765001,127.8860016,116.5220032,145.4960022,120.9229965,1548.9399414,17.0063,85.0022964,110.2030029,91.3871002,202.6620026,47.2442017,27.9242001,192.5529938,61.1296005,22.8237991
74.0688019,1803.9799805,6.2581902,158.1100006,110.2200012,63.1044006,67.8795013,1682.2900391,6.1893201,93.9693985,94.1094971,28.9953995,210.4940033,57.1413002,29.9799995,190.9349976,74.8392029,25.8644009
121.8460007,1523.8299561,15.3556995,129.9830017,115.6060028,155.0449982,126.2360001,1546.6500244,19.2362995,85.0714035,109.9800034,99.5978012,202.5859985,46.9300003,28.3668003,190.0269928,61.1815987,22.6480007
75.3536987,1789.6700439,6.39748,149.2870026,105.6019974,53.4347992,70.1616974,1680.2900391,6.5401502,93.1587982,92.3638992,22.5487003,211.2940063,60.9653015,30.7959995,192.6040039,81.5998993,26.8994007
75.4632034,1787.6099854,6.4704199,149.9290009,106.6279984,55.4696999,69.4669037,1679.0200195,6.4466901,93.0931015,92.3242035,23.6534004,211.2879944,60.5355988,30.1513004,191.1679993,80.3610992,26.5848007
73.5610962,1820.1899414,6.1532798,160.3800049,111.1699982,63.3016014,67.5691986,1682.2600098,6.0627599,94.0447006,94.2020035,31.9514008,210.3930054,56.1987991,29.7271996,191.6699982,72.4349976,25.6525993
76.0774994,1776.6700439,6.5756202,148.1860046,106.6760025,56.6297989,70.3107986,1679.5,6.5246601,93.066803,92.3703995,22.8577995,211.2839966,60.7519989,29.9943008,188.6529999,80.8567963,26.5095997
73.2518005,1840.2099609,6.23983,163.6560059,111.9029999,64.6937027,70.8627014,1685.5,6.1194301,94.5756989,94.6905975,36.037899,209.6589966,52.8881989,29.2441006,197.0310059,69.2269974,26.5622997
75.0870972,1797.0799561,6.4398499,151.6040039,107.4280014,55.9681015,68.6549988,1677.9200439,6.3250198,93.0976028,92.3003998,25.7740993,211.201004,59.7338982,29.7719002,192.1159973,78.6026001,26.4605999
126.8339996,1484.5600586,17.3507996,137.4170074,113.3560028,176.2839966,134.3679962,1518.4899902,22.1471004,86.864502,107.288002,116.0670013,207.0679932,45.3563995,31.0401993,194.8410034,59.1879997,24.2077999
74.8703995,1802.7800293,6.4331899,152.7590027,108.3059998,57.0000992,68.0681992,1676.9200439,6.2245002,93.0932007,92.2865982,27.7688999,211.1230011,59.0014992,29.4030991,192.4049988,76.8955002,26.3400993
110.2220001,1578.6300049,12.8741999,127.9319992,115.0899963,111.8929977,117.9609985,1535.9899902,18.2756004,85.9212036,109.0749969,100.1230011,206.3650055,48.9623985,26.3057003,187.3390045,60.3101006,22.4619007
102.7200012,1627.6899414,12.3676004,145.9219971,112.1989975,115.0619965,98.8279037,1551.7299805,14.3859997,88.4252014,95.4738998,64.9300003,207.1829987,53.7795982,27.7112007,183.5559998,72.9141006,23.4832993
131.7279968,1450.2099609,18.7068996,140.2949982,112.9140015,191.1519928,139.904007,1516.1199951,24.4885998,86.8915024,107.1050034,127.1230011,207.3090057,44.4412994,32.8021011,195.7059937,58.4984016,24.8866005
115.9199982,1563.0699463,14.0784998,127.1969986,116.5049973,141.4720001,119.7529984,1549.25,16.7460003,85.0026016,110.2190018,90.9076004,202.621994,47.3861008,27.4965992,192.6369934,61.0856018,22.7313004
103.9100037,1636.6500244,11.6457005,120.7829971,117.7320023,115.2129974,107.1210022,1553.7600098,12.8734999,84.8439026,110.6149979,79.1455994,202.723999,48.0928001,25.5132999,199.125,60.9794998,22.9382
124.5169983,1500.8399658,16.6672993,135.8820038,113.5699997,168.4100037,131.7109985,1519.6199951,21.0426998,86.8553009,107.3789978,110.7600021,206.9179993,45.8443985,30.0216007,194.0010071,59.5469017,23.7970009
146.154007,1367.8599854,21.8027,149.5119934,112.4860001,232.3959961,153.7870026,1511.7099609,27.9491005,86.9238968,106.810997,138.2339935,208.0149994,42.6381989,37.389801,195.8470001,58.0726013,26.3456001
117.8889999,1542.1600342,14.5171003,128.6309967,115.4570007,140.7890015,123.4520035,1547.2199707,18.8143997,85.1298981,109.9840012,99.0582962,202.348999,47.5914993,27.0832996,188.3869934,61.0253983,22.2499008
73.156601,1832.4599609,6.0626001,162.1730042,111.7089996,63.7117004,68.0044022,1682.8100586,6.02981,94.158699,94.3274994,34.0185013,210.2550049,55.2751999,29.7052994,192.598999,70.7789993,25.6135006
124.7389984,1500.1300049,16.5561008,135.2709961,113.6139984,165.7220001,131.6959991,1519.7299805,21.0160007,86.8695984,107.4000015,110.0530014,206.776001,46.0429993,29.2891998,192.3540039,59.7033005,23.4580002
119.6080017,1525.0699463,15.8848,145.6459961,107.6350021,158.0299988,124.6309967,1543.9399414,19.9239998,91.8171997,102.5780029,94.7764969,210.598999,50.3754997,34.5367012,196.8739929,68.2297974,26.4862995
95.4185028,1675.0699463,10.2658005,119.3460007,117.0559998,105.2089996,101.5540009,1554.9200439,12.5703001,84.7932968,110.5530014,80.6119003,202.8540039,48.6313019,24.8307991,201.4100037,61.0572014,22.2691994
73.430397,1827.0899658,6.12081,160.9649963,111.3580017,63.0219002,66.7149963,1681.5400391,5.9758,94.0255966,94.1537018,32.4953995,210.3470001,55.9510002,29.1396999,191.8500061,71.8963013,25.5095005
80.463501,1778.9200439,7.5381298,145.9730072,115.4000015,77.2015991,78.6977997,1651.6999512,8.0137701,87.3902969,100.1930008,47.1216011,213.5059967,52.8787003,27.3941002,197.151001,66.764801,23.9304008
75.373703,1789.6600342,6.4526501,150.1459961,106.6019974,55.2205009,69.4126968,1679.0200195,6.4389801,93.1036987,92.324501,23.8281002,211.276001,60.4693985,30.1858997,191.5829926,80.2630005,26.6105995
110.9029999,1589.1600342,13.0459995,124.9049988,116.4599991,129.0460052,115.5999985,1550.3800049,15.8885002,84.9944992,110.2689972,89.2344971,202.5200043,47.8555984,26.3924999,193.1309967,60.9721985,22.4246998
74.8755035,1802.4599609,6.4430099,152.9519958,108.427002,57.2778015,67.7742004,1676.6099854,6.1993799,93.0699005,92.2651978,27.7457008,211.1399994,59.0060997,29.2595997,192.1069946,76.8320999,26.2504997
122.5859985,1520.2299805,15.5181999,130.3650055,115.6520004,158.0870056,126.7149963,1546.5100098,19.3300991,85.058197,109.9779968,99.7052994,202.6499939,46.8059998,28.8167,190.4340057,61.2370987,22.7693996
74.1872025,1806.6700439,6.3387899,158.6210022,110.4489975,61.7753983,65.5094986,1680.1199951,5.9975801,93.7944031,93.8944016,28.5452995,210.6390076,57.6889992,28.8027992,190.0169983,75.0087967,25.4004993
134.0399933,1442.8000488,18.7950001,139.5449982,113.1230011,191.4069977,141.0789948,1516.5100098,24.1562004,86.9044037,107.1729965,122.9449997,207.0800018,44.6497002,31.4428997,192.8470001,58.9905014,24.2903004
148.6900024,1366.5500488,20.9941998,138.1260071,113.2809982,209.5039978,151.5800018,1514.9000244,25.3698006,87.091301,107.2699966,120.9369965,205.8619995,43.4173012,26.7985992,182.1829987,59.4659996,21.7469006
111.913002,1577.0100098,13.2059002,125.5390015,115.7949982,127.685997,117.5550003,1549.2600098,17.1389999,85.0780029,110.1169968,94.0401001,202.3300018,48.1050987,26.2901001,190.1990051,60.8804016,22.0827999
118.7900009,1543.9200439,14.6976995,128.5789948,116.0510025,148.1100006,122.9179993,1547.9599609,17.9801998,85.0362015,110.098999,95.2447968,202.6069946,47.1661987,27.9521008,191.3600006,61.1348,22.6907997
73.5811005,1817.4799805,6.1494198,160.0890045,111.1009979,63.6088982,68.1517029,1682.7600098,6.11976,94.0712967,94.2470016,31.9223995,210.3899994,56.2038994,30.1054993,191.7409973,72.5233994,25.7653008
154.6880035,1339.9899902,22.3544006,144.7879944,112.7060013,238.9049988,159.9900055,1511.9799805,27.5862999,86.899498,106.9179993,133.0549927,207.2879944,42.466301,32.5825005,188.5930023,58.7234993,24.5907993
73.538002,1827.5500488,6.1343398,159.654007,111.1360016,61.6790009,62.3773994,1677.6600342,5.70608,93.6936035,93.7309036,30.9501991,210.4880066,56.8226013,27.6098995,190.3990021,72.8388977,24.8920002
75.3384018,1790.1099854,6.3608398,148.7339935,104.7870026,51.8773994,70.6279984,1681.1899414,6.61235,93.191597,92.3851013,21.4344006,211.3220062,61.4001007,31.1968994,193.3049927,82.7322998,27.0720997
74.9100037,1801.3900146,6.4559898,153.0200043,108.4410019,57.4101982,67.5390015,1676.4000244,6.1862402,93.0450974,92.2440033,27.4692001,211.1719971,59.1116982,29.1536007,191.7539978,76.9863968,26.1683006
74.8860016,1802.2900391,6.4381599,152.7769928,108.3099976,57.0652008,67.9720993,1676.8399658,6.21909,93.0830994,92.2779007,27.6408005,211.1349945,59.046299,29.3602009,192.2539978,76.9671021,26.3071995
121.5449982,1525.0100098,15.2907,129.8480072,115.5630035,153.6199951,126.0950012,1546.6600342,19.2406998,85.0807037,109.9759979,99.7285004,202.5500031,46.9931984,28.1606998,189.7359924,61.1567001,22.5823994
105.9660034,1613.1099854,12.0552998,122.6029968,116.3050003,119.8720016,111.7190018,1551.4899902,15.2286997,84.9763031,110.2929993,88.1445007,202.4320068,48.2248993,25.5426006,193.496994,60.8847008,21.9566002
73.8304977,1812.8100586,6.21664,159.3170013,110.7460022,62.9748993,67.3051987,1681.9100342,6.0883698,93.9792023,94.1193008,30.4279003,210.4629974,56.7481995,29.6350002,191.1589966,73.6350021,25.6814003
138.7559967,1408.1199951,20.3117008,143.6519928,112.6279984,209.6690063,146.848999,1513.9399414,26.5713005,86.9218979,106.9580002,134.727005,207.5130005,43.5144005,34.3792,195.5879974,58.1208,25.4706993
128.7019958,1474.8800049,17.5869007,137.3919983,113.3669968,177.848999,135.8399963,1518.2199707,22.4806004,86.8815002,107.2870026,116.4039993,206.9620056,45.3554001,30.5177994,193.1620026,59.3112984,23.9533997
107.6589966,1611.0699463,12.3896999,123.189003,117.0039978,122.9329987,111.8759995,1551.8699951,14.5018997,84.9332962,110.4150009,84.5354996,202.5980072,47.9816017,25.9908009,195.4750061,60.9695015,22.5760994
74.0969009,1804.2399902,6.27037,158.1260071,110.2470016,62.911499,67.6184006,1682.0500488,6.1666298,93.949501,94.0845032,28.9197998,210.5090027,57.2125015,29.8213005,190.7980042,74.8731003,25.8103008
74.0190964,1803.5,6.2378602,158.0939941,110.1709976,63.4319,68.290802,1682.6800537,6.2271199,94.0000992,94.1491013,29.1124992,210.4720001,57.0303993,30.2467995,191.1629944,74.7913971,25.9512005
75.2378006,1793.2299805,6.3601999,149.322998,104.9039993,51.9800987,70.4100037,1680.9000244,6.58359,93.1920013,92.3814011,21.8826008,211.2910004,61.1460991,31.0270004,193.5140076,82.3771973,27.0088997
73.3216019,1835.5899658,6.0027699,160.276001,111.4420013,62.8438988,66.5821991,1681.1400146,5.9683099,94.0547028,94.1445007,33.1932983,210.1759949,55.5279999,28.4808998,192.1529999,71.1837006,25.5606995
85.4451981,1739.8900146,8.4028196,145.9799957,111.4110031,88.4685974,83.7624969,1640.5600586,10.0010004,90.2697983,96.9627991,59.3717995,207.0149994,52.8300018,27.1303005,188.5800018,67.7197037,22.6163006
114.2509995,1561.5400391,13.2586002,122.1689987,115.439003,129.845993,117.5240021,1549.7700195,17.4981995,85.1109009,110.0390015,95.4300995,202.0870056,48.2554016,26.2052002,189.7810059,60.2916985,21.6072998
137.25,1431.9599609,18.9144001,137.447998,113.4300003,187.0619965,142.5570068,1516.8699951,23.7765999,86.9741974,107.2939987,117.9380035,206.4420013,45.0705986,28.1944008,186.4559937,59.7027016,22.8362999
75.1559982,1795.2800293,6.4134202,150.7149963,106.5920029,54.6824989,69.3675003,1679.0100098,6.4211402,93.1363983,92.3359985,24.5025005,211.223999,60.196701,30.2418003,192.602005,79.8473969,26.6772995
74.9800034,1766.3100586,6.2059798,146.1829987,104.0009995,57.3568993,72.7497025,1684.5899658,6.8308601,93.3836975,92.509697,20.3034992,211.4779968,61.9239998,33.793499,196.4880066,83.9477005,28.2686005
93.5607986,1671.9499512,10.2932997,153.6690063,108.1800003,106.0940018,87.4525986,1643.4599609,12.6976004,89.7591019,92.9002991,43.2551003,221.4850006,58.8809013,35.5625992,191.677002,78.8576965,26.5898991
72.4517975,1845.6700439,5.9714799,166.302002,112.2139969,65.0317993,70.3766022,1685.6999512,6.0862398,94.4863968,94.6994019,36.2715988,210.0379944,53.6678009,30.6359005,194.6170044,69.0682983,25.6602993
122.375,1521.2299805,15.4713001,130.2460022,115.6330032,157.1490021,126.5910034,1546.5500488,19.309,85.0627975,109.9779968,99.7033997,202.628006,46.8438988,28.6639004,190.2890015,61.2178993,22.7280006
124.4690018,1501.3699951,16.6154995,135.6880035,113.586998,167.5529938,131.5980072,1519.6899414,20.9909,86.8574982,107.387001,110.3909988,206.8840027,45.9044991,29.8271999,193.6349945,59.5946999,23.7098007
114.4110031,1574.6500244,13.7427998,126.4240036,116.939003,138.2449951,117.7779999,1550.2099609,15.8133001,84.9741974,110.3180008,87.2819977,202.6549988,47.4854012,27.3292999,193.6660004,61.0654984,22.8271999
104.9649963,1613.7900391,11.1739998,124.8379974,115.0390015,82.245697,113.6760025,1537.0400391,17.8813,85.9401016,109.0780029,98.4673996,206.1699982,50.7773018,25.7208996,184.8910065,60.1579018,22.9095001
74.8638992,1803.1099854,6.42484,152.6060028,108.1949997,56.7350998,68.3116989,1677.1800537,6.2460198,93.1123962,92.3041992,27.7835999,211.1089935,59.0032005,29.5256004,192.6670074,76.9586029,26.4148998
73.8387985,1810.3399658,6.2070899,159.0350037,110.6240005,63.3324013,67.9516983,1682.4699707,6.1524301,94.0141983,94.1684036,30.3321991,210.4470062,56.7111015,30.0167007,191.3170013,73.7768021,25.8143005
100.9349976,1654.8599854,11.1028004,117.4599991,118.1729965,108.4589996,102.4349976,1555.4100342,12.0553999,84.7081985,110.8259964,77.4637985,202.9409943,48.0677986,25.1709003,204.7310028,60.9920006,23.6573009
75.4197998,1787.7900391,6.40622,149.0500031,105.6360016,53.6903,70.2337036,1680.3299561,6.5475101,93.1539001,92.3655014,22.4438992,211.3029938,61.0175018,30.8131008,192.3320007,81.6511993,26.9050999
75.370903,1789.0600586,6.3582501,148.4889984,104.7009964,51.7709007,70.7451019,1681.3599854,6.6270499,93.194603,92.3889008,21.2376995,211.3320007,61.5054016,31.2863007,193.2870026,82.9067001,27.1098995
75.1716995,1794.9300537,6.4704299,151.6699982,107.5849991,56.4234009,68.3626022,1677.5600586,6.3042002,93.0602036,92.2740021,25.5685997,211.2400055,59.8223991,29.5716,191.4230042,78.6405029,26.3262997
142.5939941,1377.8299561,21.8645,149.9819946,112.2610016,228.2890015,152.1560059,1511.5,28.5,86.9526978,106.7490005,143.2279968,208.173996,42.3688011,38.5379982,200.3280029,57.357399,27.2996006
75.4537964,1786.0899658,6.35532,147.9089966,104.6299973,51.8720016,71.0110016,1681.6700439,6.65412,93.2009964,92.3992004,20.9790001,211.3500061,61.6763,31.4759007,193.1600037,83.1231995,27.1996994
141.6210022,1392.9799805,20.8778,144.9609985,112.5830002,216.9640045,149.4730072,1513.2700195,27.0939007,86.9280014,106.9199982,135.977005,207.5919952,43.2010994,34.9012985,195.3690033,58.0959015,25.6487007
136.1470032,1422.0600586,19.7980995,142.6170044,112.6620026,203.4360046,144.4989929,1514.5,26.0776997,86.9133987,106.987999,133.6360016,207.4689941,43.7756996,34.0318985,195.9450073,58.1290016,25.3528996
74.9296036,1800.8000488,6.46416,153.0679932,108.4530029,57.4818993,67.4033966,1676.2800293,6.1785598,93.0305023,92.2316971,27.3243008,211.1900024,59.1706009,29.0907993,191.552002,77.0658035,26.1196995
109.3280029,1602.1199951,12.7160997,123.973999,116.9830017,126.2829971,113.3440018,1551.4499512,14.8206997,84.9470978,110.3899994,85.2233963,202.6009979,47.8759003,26.2653999,194.923996,60.9832993,22.6322994
107.0569992,1618.9799805,12.2386999,122.5709991,117.5759964,121.4160004,110.3209991,1552.7800293,13.5648003,84.8945007,110.5350037,80.6647034,202.6710052,47.9637985,25.9669991,196.9940033,60.9768982,22.8509007
115.9769974,1565.9599609,14.0677004,127.2080002,116.9209976,142.4380035,119.1439972,1549.8299561,16.1515007,84.9793015,110.2939987,88.0047989,202.6840057,47.3510017,27.7560005,193.3670044,61.1044998,22.8941002
124.9369965,1498.9699707,16.5785007,135.2519989,113.612999,165.6829987,131.8619995,1519.6800537,21.0729008,86.8732986,107.3990021,110.1959991,206.7559967,46.0530014,29.2054005,192.0700073,59.7150002,23.4158993
112.4609985,1580.1099854,14.3309002,148.8619995,106.6220016,137.6119995,115.8280029,1642.4599609,17.0723991,93.6936035,100.4329987,77.2899017,222.4940033,53.5452995,33.9137993,194.9909973,72.8123016,27.2371006
79.4040985,1785.6800537,7.3551302,150.1869965,114.1100006,76.6082993,75.1607971,1674.3900146,7.3608298,91.0194016,96.7305984,42.8133011,211.7720032,54.0875015,28.4111996,197.5670013,67.9121017,25.0615997
73.8450012,1813.6099854,6.2266798,159.3910065,110.7730026,62.7421989,66.8448029,1681.5,6.0508699,93.9487,94.0781021,30.3367004,210.4810028,56.8252983,29.3952999,191.0249939,73.6669006,25.6014004
73.7500992,1819.5699463,6.2197399,159.9609985,110.9779968,62.0906982,64.7270966,1679.6999512,5.87992,93.8271027,93.9128036,30.4948006,210.5269928,56.9299011,28.4967995,190.7409973,73.3786011,25.2660999
77.0718994,1766.3100586,6.6605701,144.9909973,106.5940018,57.2999001,71.8934021,1680.7199707,6.6430802,93.0851974,92.4992981,22.2250996,211.0980072,60.7000008,29.7462006,184.8509979,81.2878036,26.4850006
73.5134964,1822.3900146,6.1443801,160.6340027,111.2490005,63.2265015,67.344902,1682.0799561,6.0358601,94.0419998,94.1930008,32.1691017,210.3809967,56.1142998,29.5734997,191.7259979,72.2347031,25.6044006
73.8188019,1809.2700195,6.1949701,158.9329987,110.5709991,63.5992012,68.3347015,1682.8100586,6.1901202,94.0376968,94.2015991,30.3764992,210.4340057,56.6534996,30.2665005,191.4629974,73.7850037,25.8943996
78.1733017,1761.6600342,6.6268401,142.0540009,106.5019989,56.9449005,73.2014008,1681.8900146,6.7392702,93.1115036,92.6406021,21.8584995,210.8110046,60.5149002,29.1551991,180.0820007,81.5197983,26.2073002
93.2341003,1667.7399902,11.2027998,151.2619934,105.0589981,102.9509964,93.7699966,1631.0500488,13.7175999,90.9134979,91.7995987,66.058197,219.4799957,56.4654007,34.9216003,201.4889984,74.1485977,28.9470005
73.828598,1809.7700195,6.2006898,158.9799957,110.5960007,63.4747009,68.1615982,1682.6500244,6.17273,94.0270996,94.1865997,30.3565006,210.4389954,56.6795006,30.1511993,191.3950043,73.7807007,25.8577003
136.1920013,1432.0,19.1580009,139.8690033,113.1080017,195.2810059,142.8769989,1516.1300049,24.5165005,86.9135971,107.1589966,123.6689987,207.0449982,44.4984016,31.2859993,191.973999,59.0231018,24.2063007
117.0690002,1552.7099609,14.3346004,127.8150024,116.0169983,142.9539948,121.5709991,1548.3100586,17.7021008,85.0438995,110.112999,94.7237015,202.5410004,47.3734016,27.4300003,191.1900024,61.0740013,22.5487003
86.4321976,1745.6300049,8.5138903,147.4140015,115.2949982,89.6884995,83.473999,1612.8000488,9.1305599,86.7735977,100.012001,55.9822006,214.1959991,51.6332016,27.6688995,198.9299927,65.2145996,23.7651005
109.5360031,1605.3100586,12.7227001,123.8809967,117.5080032,126.7509995,112.651001,1552.1199951,14.0762997,84.9209976,110.4869995,81.7182999,202.6640015,47.8258018,26.4027004,195.8439941,60.9920998,22.8628998
73.3135986,1838.2900391,5.92102,159.4440002,111.4229965,62.7701988,67.0354004,1681.2900391,6.0134001,94.086998,94.1679993,33.3558998,210.0939941,55.4578018,28.3279991,192.0890045,70.9788971,25.6609993
73.2238007,1831.7800293,5.9078698,152.9360046,110.9759979,60.5105019,61.9304008,1676.2900391,5.6002302,93.5501022,93.5845032,31.0785007,210.25,56.7915001,25.9913006,188.0090027,72.626297,23.7320995
75.3916016,1788.3599854,6.3605099,148.3999939,104.7409973,51.8972015,70.7698975,1681.3599854,6.62815,93.1934967,92.3895035,21.25,211.3350067,61.514801,31.2982998,193.2039948,82.8813019,27.1161995
114.5479965,1576.8000488,13.7445002,126.4830017,117.3280029,139.0679932,117.3160019,1550.75,15.2730999,84.9578018,110.3880005,84.518898,202.697998,47.4720993,27.5279999,194.1230011,61.0707016,22.9503994
75.3608017,1789.4599609,6.3982201,149.2579956,105.6019974,53.4541016,70.1719971,1680.3000488,6.5413799,93.1584015,92.3641968,22.5307007,211.2949982,60.9740982,30.8003006,192.5780029,81.6118011,26.9008999
75.3199005,1790.6999512,6.3598199,148.8289948,104.7799988,51.8368988,70.5970993,1681.1600342,6.60923,93.1921005,92.3844986,21.4699001,211.3179932,61.3712997,31.1753006,193.3600006,82.7109985,27.0634003
75.3482971,1772.5100098,6.24753,145.6640015,104.0849991,54.2335014,72.4906998,1683.9100342,6.7891898,93.3180008,92.4834976,20.2793007,211.4140015,62.1244011,33.0764008,194.8679962,83.9225006,28.0198994
119.0810013,1526.6700439,15.9772997,146.5899963,107.2740021,158.4570007,124.5619965,1544.1400146,20.2098999,91.8308029,102.4899979,95.9011002,210.7610016,50.4347992,35.3310013,198.0119934,68.4917984,26.8733006
145.9629974,1378.8900146,21.1693993,143.7160034,112.7829971,220.9909973,152.1569977,1513.4699707,26.7784004,86.9235001,106.9850006,131.7230072,207.3179932,43.2415009,33.0253983,191.7120056,58.6235008,24.8278008
142.6190033,1376.8900146,21.9573002,150.6880035,112.2529984,229.3650055,152.3390045,1511.3599854,28.5606003,86.9565964,106.7360001,143.3919983,208.2559967,42.2955017,38.9595985,201.0119934,57.3199005,27.5151997
72.2591019,1847.7399902,5.94555,167.5789948,112.2519989,65.283699,70.7941971,1686.4699707,6.0887699,94.5591965,94.7805023,36.3862,210.0310059,53.4379005,30.9078007,194.8710022,68.9748993,25.5781994
73.9289017,1813.9599609,6.40978,161.8190002,110.8479996,60.7047005,58.9081993,1674.6899414,5.54671,93.3668976,93.3695984,28.1692009,210.9989929,58.4524994,27.2830009,189.5010071,75.0250015,24.5615997
75.194397,1794.8199463,6.3399601,149.2400055,104.2429962,50.9943008,70.6396027,1681.4599609,6.6275702,93.211998,92.3955002,21.0566006,211.2960052,61.3451004,31.1884995,193.9940033,83.2288971,27.0813999
74.7535019,1800.7199707,6.4499402,155.9329987,108.8389969,58.2224007,66.2689972,1696.0400391,6.0996299,94.2171021,93.4042969,26.2110004,212.1309967,59.5410995,28.7971001,189.8650055,77.4643021,25.4839001
105.6930008,1611.7800293,11.6934004,146.6750031,105.6419983,123.0540009,107.3550034,1612.1600342,13.6400995,89.4132996,91.6250992,65.4723969,210.9830017,54.4583015,29.5585003,185.0630035,73.6007996,25.9246006
75.5142975,1777.5999756,6.2955499,146.1009979,104.2170029,52.5713005,72.0542984,1683.1400146,6.7500701,93.2658997,92.4537964,20.3388004,211.3880005,62.1108017,32.4303017,193.8399963,83.7996979,27.6980991
135.4519958,1422.1500244,19.8703995,143.0540009,112.4860001,203.9069977,144.477005,1513.9699707,26.573,86.9143982,106.9300003,137.5379944,207.5700073,43.6015015,34.6842995,197.0910034,57.7806015,25.6317005
137.4470062,1410.5999756,20.3234997,144.1089935,112.4410019,209.2429962,146.3959961,1513.4599609,27.0545006,86.9231033,106.8980026,138.8580017,207.6329956,43.357399,35.1780014,197.1260071,57.7238998,25.8246994
101.3280029,1663.1300049,11.3268995,132.7920074,115.711998,110.0220032,105.4430008,1589.3000488,12.1056995,88.7876968,110.3399963,75.233902,192.9459991,46.6086998,26.2780991,196.5829926,61.3893013,23.8374996
131.4089966,1461.3100586,17.9498005,137.3350067,113.3899994,180.1049957,137.9609985,1517.8199463,22.9078007,86.9089966,107.2890015,116.8030014,206.7929993,45.3358994,29.7182999,190.7369995,59.4720001,23.5748997
167.1210022,1306.3599854,24.3584003,138.9459991,113.0279999,247.3549957,167.0879974,1511.9300537,28.0904999,86.930603,107.0479965,128.7389984,206.4810028,42.1473999,27.4918995,184.2079926,59.296299,22.8934994
73.9873962,1812.5500488,6.4046001,161.25,110.7929993,60.7426987,60.0377998,1675.5500488,5.6198301,93.4327011,93.4521027,28.1609993,210.9579926,58.4039001,27.4389992,189.4889984,75.0712967,24.6622009
75.2247009,1793.4000244,6.4228501,150.4900055,106.538002,54.7547989,69.4008026,1679.0699463,6.4312201,93.1272964,92.3323975,24.1823997,211.2449951,60.3246002,30.2546005,192.3209991,80.0740967,26.6676006
75.4969025,1776.5400391,6.2867098,145.9620056,104.1940002,52.8576012,72.1530991,1683.2900391,6.7579598,93.2751007,92.4602966,20.3248005,211.3910065,62.1190987,32.5503006,193.9850006,83.8239975,27.7628994
143.4120026,1383.7700195,21.2155991,145.8769989,112.5589981,221.6849976,151.1080017,1512.8499756,27.3799,86.9293976,106.8949966,136.5930023,207.6560059,43.007,35.2879982,195.2389984,58.093399,25.7688999
136.6300049,1424.1199951,19.6037006,141.6459961,112.8619995,201.2539978,144.1759949,1515.1600342,25.4375992,86.9121017,107.0599976,129.1629944,207.3040009,44.0446014,32.9455986,194.2519989,58.5383987,24.8924999
73.0190964,1839.6400146,6.0416298,163.1139984,111.8399963,64.0980988,69.016098,1683.75,6.06599,94.3127975,94.4636002,35.0377007,210.0440063,54.3661995,29.5512009,193.9839935,69.9456024,25.8589001
109.6439972,1581.4000244,12.7517996,127.9710007,115.0800018,109.5459976,117.5910034,1536.0,18.2642994,85.9307022,109.0719986,100.1640015,206.345993,49.107399,26.2770996,187.0039978,60.3226013,22.4745998
75.5403976,1778.8100586,6.3120399,146.3619995,104.310997,52.4403992,71.8772964,1682.8399658,6.7336302,93.2498016,92.4441986,20.4353008,211.3789978,62.0367012,32.2235985,193.5449982,83.6787033,27.5930004
74.1430969,1808.6999512,6.3501201,159.1159973,110.564003,61.4594994,64.4141006,1679.1899414,5.9124198,93.723999,93.8071976,28.5617008,210.6970062,57.8213997,28.4234009,189.8560028,74.9317017,25.2185993
116.9560013,1529.3499756,14.9715004,134.0839996,114.7149963,136.2660065,125.5770035,1532.9799805,20.2707005,86.0466995,108.9100037,107.6610031,206.3919983,47.6790009,26.9083996,185.0919952,60.4356995,22.3054008
119.8499985,1532.4399414,14.9335003,129.2720032,115.4599991,147.0140076,125.0110016,1546.8499756,19.1175995,85.1141968,109.9700012,99.745903,202.4230042,47.2989998,27.4848995,188.7640076,61.0770988,22.3656998
133.9819946,1442.7600098,18.8085995,139.6399994,113.1080017,191.6459961,141.0859985,1516.4699707,24.1975002,86.9037018,107.1669998,123.2549973,207.0980072,44.6259995,31.5536995,193.0359955,58.9584007,24.3372002
73.9837036,1802.4200439,6.2210798,158.0099945,110.0749969,63.7571983,68.6759033,1683.0300293,6.2691698,94.0251007,94.1817017,29.1005993,210.4570007,56.9604988,30.5179996,191.3679962,74.8496017,26.0405998
124.7109985,1500.3399658,16.4661007,134.9060059,113.6409988,163.5910034,131.5749969,1519.7900391,20.9943008,86.8809967,107.413002,109.685997,206.6829987,46.1847992,28.8511009,191.3049927,59.7904015,23.2528
75.297699,1792.0300293,6.5006199,151.4429932,107.5490036,56.5730019,68.3550034,1677.5200195,6.3150902,93.0363007,92.2637024,25.1000996,211.279007,60.0124016,29.4958,190.8040009,78.9568024,26.2539997
75.4001007,1788.2800293,6.3115602,147.447998,103.7160034,49.6110001,71.4073029,1682.5899658,6.7231698,93.2341995,92.4125977,19.7756004,211.3919983,62.2182007,31.8789005,194.0939941,84.3733978,27.3567009
113.5220032,1569.7199707,13.5761995,126.3300018,115.8850021,132.595993,118.8430023,1548.9599609,17.2794991,85.0651016,110.1210022,94.1468964,202.404007,47.8460999,26.6007004,190.6100006,60.9557991,22.2420998
74.4589005,1791.0200195,6.60185,161.5910034,109.5439987,58.4012985,65.3869019,1692.7099609,6.06811,93.9104996,93.1374969,25.0774994,213.0720062,61.3105011,27.1749001,189.0529938,78.2416,24.4463005
75.2153015,1793.6500244,6.42135,150.5169983,106.5410004,54.7374001,69.398201,1679.0699463,6.4302502,93.1287003,92.3330002,24.2182999,211.2420044,60.3100014,30.2549,192.3630066,80.0502014,26.6697998
97.7138977,1643.6700439,11.8332996,153.6320038,107.6039963,116.7350006,95.2622986,1594.9899902,14.5718002,87.7559967,91.9138031,64.4412994,226.852005,56.0699997,35.5937004,197.5809937,74.0298004,27.5893993
122.6240005,1519.9899902,15.5265999,130.3840027,115.6480026,158.1920013,126.7529984,1546.5,19.344101,85.0582962,109.9759979,99.751297,202.6499939,46.8022003,28.8269997,190.427002,61.2383995,22.7705002
116.6579971,1546.7099609,14.2648001,128.5610046,115.3619995,135.5189972,122.7480011,1547.2099609,18.8533993,85.1649017,109.9660034,99.4869995,202.2579956,47.8862991,26.8313999,187.4069977,60.9996986,22.1546001
113.3619995,1570.3900146,13.54,126.262001,115.8720016,132.072998,118.7279968,1548.9799805,17.2738991,85.0671005,110.1200027,94.1712036,202.3950043,47.8739014,26.5657997,190.5449982,60.9485016,22.2238998
73.4791031,1824.4499512,6.1367602,160.8079987,111.3000031,63.1125984,67.0261002,1681.8100586,6.0054698,94.0317001,94.1719971,32.2927017,210.3710022,56.0560989,29.3663006,191.7619934,72.0995026,25.5527992
141.0590057,1389.3399658,21.2206001,146.7489929,112.3430023,220.279007,150.0619965,1512.3900146,27.9368,86.9381027,106.8249969,141.4120026,207.8399963,42.8228989,36.5844002,197.9429932,57.5644989,26.4041004
118.5790024,1544.6800537,14.6540003,128.4859924,116.0090027,147.2839966,122.8219986,1547.9499512,18.0007,85.0409012,110.0940018,95.430397,202.5879974,47.2015991,27.8404007,191.2149963,61.1217003,22.6504993
73.8173981,1816.6899414,6.23387,159.7169952,110.8840027,62.2705994,65.5541992,1680.3800049,5.9468799,93.8703003,93.972702,30.3201008,210.5200043,56.9455986,28.8188,190.7899933,73.5789032,25.3903999
75.1207962,1796.1899414,6.4507098,151.6100006,107.4779968,56.1344986,68.5522995,1677.8000488,6.3182902,93.0839005,92.2907028,25.6730003,211.2160034,59.7748985,29.7038002,191.8560028,78.6360016,26.4136009
73.8379974,1814.9100342,6.2315102,159.5319977,110.822998,62.5270004,66.3197021,1681.0400391,6.00736,93.9168015,94.0350037,30.3269005,210.496994,56.8779984,29.1445007,190.9179993,73.6313019,25.5118999
98.4698029,1685.8299561,10.7222996,135.1269989,115.6149979,104.5329971,100.3850021,1648.4499512,11.7290001,92.1228027,111.1320038,69.4993973,194.8090057,48.6744995,26.6772995,197.0090027,61.5326004,24.3868008
118.8700027,1536.4499512,14.7309999,129.0679932,115.3990021,143.1439972,124.3980026,1546.9100342,19.0841999,85.1363983,109.9629974,99.8684006,202.3529968,47.4956017,27.2038994,188.1399994,61.0452995,22.2660999
121.552002,1522.2399902,16.5391998,143.3650055,107.0790024,159.8329926,128.1300049,1534.9200439,21.2373009,89.2359009,103.9540024,102.3270035,207.0140076,50.8610992,34.9194984,196.5180054,68.1731033,26.3973999
74.077301,1810.6899414,6.3838701,160.1549988,110.6920013,60.9608994,62.1127014,1677.2399902,5.7547498,93.5661011,93.6155014,28.3003006,210.8419952,58.1809006,27.8174,189.5659943,75.0362015,24.8927002
124.2409973,1503.8699951,17.2071991,144.1560059,107.5510025,168.2980042,131.0099945,1533.7900391,22.1674995,89.2162018,104.0139999,107.0859985,207.0500031,49.9987984,35.343399,196.7519989,67.0658035,26.5069008
135.0709991,1428.0600586,19.5758991,142.177002,112.6829987,200.8410034,143.5070038,1514.75,25.8367996,86.9089966,107.0019989,132.9949951,207.451004,43.8891983,33.8720016,196.0780029,58.1449013,25.2964993
130.1549988,1467.7099609,17.7612,137.2890015,113.387001,178.7400055,136.9459991,1518.0400391,22.6907005,86.8968964,107.2919998,116.4469986,206.8580017,45.3711014,30.0125999,191.7019958,59.4202995,23.7157001
143.9409943,1377.6199951,21.2845993,153.977005,112.5920029,233.3119965,149.9649963,1511.5200195,27.7444992,86.8918991,106.788002,136.9609985,208.5809937,43.3557014,40.4319992,195.3480072,58.5234985,26.4255009
73.8312988,1812.8399658,6.2171202,159.3200073,110.7470016,62.964901,67.2860031,1681.8900146,6.08675,93.9778976,94.1175003,30.4239006,210.4640045,56.7514,29.6247997,191.154007,73.6363983,25.6781006
164.0010071,1293.7399902,22.9727001,144.7039948,112.4349976,258.4249878,172.654007,1509.7900391,27.8297997,86.8117981,106.7910004,134.6139984,206.9720001,40.975399,30.7577,182.1790009,58.5569992,24.2730007
104.723999,1610.4599609,12.7797003,153.7819977,106.1589966,126.4599991,104.8339996,1533.2700195,15.4188004,85.6110992,91.0943985,71.0802994,225.5639954,54.4846992,34.3684998,195.1889954,73.389801,27.5932007
110.1589966,1592.6700439,12.8942003,124.572998,116.4209976,127.3679962,115.0350037,1550.5100098,15.8130999,84.9945984,110.2689972,89.1855011,202.5019989,47.9273987,26.2490997,193.125,60.9550018,22.3568001
124.8300018,1499.3599854,16.4316998,134.7129974,113.6559982,162.0050049,131.647995,1519.75,21.0515003,86.8951035,107.4199982,109.6999969,206.6000061,46.2927017,28.5065002,190.3079987,59.8522987,23.0865002
157.3179932,1327.4399414,22.6147003,145.2550049,112.6500015,244.9380035,162.8939972,1511.3900146,27.7609005,86.8806,106.8840027,133.6399994,207.2879944,42.1544991,32.4948006,187.2940063,58.7190018,24.5487003
73.7205963,1826.7700195,6.72053,170.6239929,110.5999985,60.8224983,41.4990005,1676.4200439,4.6612802,92.780899,91.6633987,27.3768005,212.75,59.1160011,26.5291004,190.326004,75.4481964,23.8922005
73.3676987,1829.9899902,6.0952001,161.0950012,111.427002,63.0256004,66.6456985,1681.4599609,5.9636998,94.0389023,94.158699,32.8250999,210.3029938,55.7694016,28.9874992,192.0330048,71.603302,25.5070992
146.2779999,1367.0799561,21.7758007,150.6900024,112.5009995,234.0930023,153.6499939,1511.5200195,27.9421997,86.9160004,106.7969971,137.9839935,208.1450043,42.7043991,38.1096001,195.6439972,58.1715012,26.4013996
102.4469986,1644.9499512,11.3814001,119.8239975,117.8310013,112.4400024,105.4530029,1554.2900391,12.5509005,84.8096008,110.6650009,78.4791031,202.776001,48.1324997,25.3426991,200.5970001,60.9874001,23.0559006
110.5070038,1596.0999756,12.9483995,124.5220032,117.0080032,128.8470001,114.3150024,1551.1999512,14.9900999,84.9530029,110.3799973,85.4457016,202.6130066,47.7895012,26.4876995,194.6609955,60.9982986,22.6916008
118.0559998,1551.5300293,14.5262003,128.2420044,116.5159988,147.5429993,121.5250015,1548.7600098,17.1618004,85.0027008,110.1930008,91.7352982,202.6809998,47.1741982,28.1537991,192.4929962,61.1539993,22.8663006
136.3240051,1421.2700195,19.8230991,142.647995,112.6669998,203.7440033,144.6309967,1514.4899902,26.0851002,86.9139023,106.9889984,133.5339966,207.4660034,43.7696991,34.016201,195.8639984,58.144001,25.3442993
131.7409973,1454.2600098,18.4375992,139.2810059,113.1190033,187.8099976,139.2129974,1516.8599854,23.8047009,86.8923035,107.1809998,122.5350037,207.1399994,44.7624016,31.7327995,194.0670013,58.9071007,24.4367008
73.3448029,1832.4499512,6.06463,160.8630066,111.439003,62.9236984,66.444603,1681.1999512,5.95119,94.0358963,94.1401978,32.9631996,210.2579956,55.6710014,28.7292004,192.0930023,71.4377975,25.5042
74.1746979,1790.7900391,6.5190401,163.5269928,109.7009964,58.6029015,65.739502,1692.3900146,6.0811501,93.8945999,93.1239014,25.1198997,213.322998,61.6151009,26.9946995,189.6190033,78.2182999,24.3381996
73.7124023,1822.9200439,6.5834498,167.3170013,110.4840012,60.5373001,47.8130989,1681.4399414,4.9404998,93.1688004,92.1429977,27.5510006,212.6629944,59.1736984,26.6033001,190.1549988,75.4680023,24.0233994
75.2489014,1793.2399902,6.3357401,148.8540039,104.0859985,50.6464005,70.7839966,1681.6999512,6.6501398,93.2133026,92.396698,20.6471996,211.3220062,61.5662994,31.3248005,193.9559937,83.5751038,27.1278992
145.9920044,1368.3499756,21.6870995,151.5650024,112.5199966,234.5720062,153.0850067,1511.4499512,27.9023991,86.9092026,106.7910004,137.7160034,208.2510071,42.8227005,38.6912994,195.477005,58.262001,26.4146996
74.0582962,1803.1199951,6.2498398,158.0160065,110.1539993,63.2909012,68.1390991,1682.5200195,6.2167201,93.9853973,94.1297989,28.9514999,210.4839935,57.1076012,30.1455994,191.0460052,74.9026031,25.9246998
85.0846024,1748.9799805,7.9555001,146.4880066,113.5459976,78.4460983,83.0755005,1612.0600586,9.8626003,87.5402985,98.1600037,56.7989998,212.0189972,53.8083,26.9664993,195.1040039,64.9648972,23.5188999
74.8170013,1798.7700195,6.5116701,156.4120026,108.9639969,58.3151016,65.5926971,1695.1999512,6.0595398,94.139801,93.3307037,25.9356003,212.2330017,59.7771988,28.4179001,189.3200073,77.6110992,25.2740002
113.5619965,1579.2299805,13.5691004,126.0090027,116.9380035,136.0619965,117.0530014,1550.4000244,15.6527996,84.9712982,110.3290024,86.9822998,202.6410065,47.5564995,27.118,193.8280029,61.0472984,22.7893009
142.227005,1389.8699951,20.9923,145.2519989,112.5759964,218.5240021,150.0220032,1513.1300049,27.1912994,86.9287033,106.9120026,136.1809998,207.6109924,43.1366005,35.0189018,195.3179932,58.0954018,25.6858006
75.4059982,1788.0,6.3119998,147.4120026,103.7470016,49.6824989,71.4175034,1682.5799561,6.7227201,93.2341995,92.413002,19.8118,211.3919983,62.2154007,31.8868999,194.0720062,84.3365021,27.3617992
75.5065002,1783.7900391,6.3489299,147.4389954,104.5619965,52.0144997,71.2509003,1681.9599609,6.6767302,93.2104034,92.4105988,20.8055992,211.3589935,61.7901993,31.6537991,193.1320038,83.2813034,27.2912006
73.4167023,1828.7700195,6.1079001,160.8880005,111.3669968,62.8866005,66.3416977,1681.1800537,5.9491601,94.0074005,94.1210022,32.5181999,210.3309937,55.9271011,28.8955002,191.8410034,71.8312988,25.4692001
73.4515991,1829.8599854,6.0974002,158.598999,111.112999,61.2568016,60.520401,1676.0,5.57863,93.5539017,93.5617981,30.7931004,210.4799957,56.9401016,26.9834995,189.6880035,72.8632965,24.5004997
75.4718018,1787.4200439,6.4719801,149.9049988,106.6279984,55.4892998,69.4748993,1679.0300293,6.44767,93.0923996,92.3243027,23.6357002,211.2890015,60.5419998,30.1495991,191.1320038,80.3722992,26.5832996
73.3537979,1846.0300293,5.6908798,159.3040009,111.4609985,63.1945992,69.3183975,1683.0999756,6.2294202,94.3097992,94.3813019,33.9552002,209.8990021,55.3002014,28.8549004,192.6100006,70.2876968,26.5555
137.4450073,1426.0,19.3593006,139.9869995,113.1060028,197.4129944,143.8930054,1515.9300537,24.6930008,86.9182968,107.1539993,123.9240036,207.0169983,44.4177017,31.1406002,191.423996,59.0526009,24.1369991
116.7060013,1529.1899414,14.9749002,134.4100037,114.7099991,136.1710052,125.4909973,1532.9000244,20.2961998,86.0595016,108.9079971,107.8539963,206.375,47.6946983,26.8987999,184.8000031,60.4659996,22.2607002
73.8182983,1810.9799805,6.2028899,159.1260071,110.6650009,63.3419991,67.9440002,1682.4699707,6.14746,94.0174026,94.172699,30.4587994,210.4429932,56.6725998,30.0098991,191.345993,73.6744995,25.8061008
73.3102036,1826.2600098,6.0944901,161.375,111.5619965,63.7165985,68.1190033,1682.8499756,6.0647502,94.1219025,94.3066025,33.4131012,210.326004,55.6687012,29.9850998,192.1640015,71.3125992,25.6588001
132.6849976,1445.0500488,18.8792992,140.5469971,112.9079971,193.0279999,140.7319946,1515.9499512,24.6765003,86.8962021,107.0970001,127.4720001,207.3040009,44.3731003,32.8120003,195.3730011,58.5152016,24.8794994
114.8170013,1549.4300537,14.7847004,144.0659943,107.6539993,144.4900055,119.8909988,1577.8000488,18.8307991,92.7790985,102.3649979,89.2698975,209.2669983,51.2991982,34.2141991,194.6950073,68.6379013,27.4605007
101.572998,1650.3000488,11.2243004,118.9919968,117.9530029,110.5830002,104.1589966,1554.7399902,12.3048,84.7753983,110.7180023,77.927803,202.8350067,48.1357002,25.2532997,202.0709991,60.9921989,23.2332001
134.0639954,1433.7700195,19.3665009,141.7720032,112.7040024,198.4389954,142.5740051,1514.9899902,25.5995007,86.9046021,107.0159988,132.3470001,207.4349976,43.9943008,33.7266998,196.2160034,58.1610985,25.2458992
73.2479019,1828.5100098,6.0822101,161.6940002,111.6360016,63.7201996,68.0768967,1682.8399658,6.0506501,94.1340027,94.3156967,33.6753006,210.3059998,55.5340004,29.9085007,192.2929993,71.0894012,25.6333008
73.0516968,1841.1700439,6.0956202,163.5879974,111.8889999,64.4233017,69.9395981,1684.6300049,6.0999899,94.4356003,94.5764008,35.5737,209.8880005,53.719799,29.5121994,195.2149963,69.5478973,26.1417007
127.8330002,1479.7199707,17.4407005,137.2610016,113.3809967,176.5670013,135.0820007,1518.4100342,22.2707005,86.8747025,107.2959976,115.8300018,206.9859924,45.4015999,30.6089993,193.6699982,59.3012009,24.0048008
141.9340057,1383.8399658,21.4811993,147.8079987,112.3150024,223.6159973,151.0449982,1512.0500488,28.1655998,86.9424973,106.7990036,142.0690002,207.9389954,42.6529999,37.1954002,198.5189972,57.5066986,26.6671009
73.4386978,1826.8299561,6.1231499,160.9360046,111.3479996,63.009201,66.6960983,1681.5200195,5.9756098,94.0224991,94.1502991,32.4496994,210.3509979,55.9732018,29.1378994,191.826004,71.9326019,25.5077
101.1969986,1634.8000488,11.1836996,120.7720032,116.1149979,114.6780014,108.6529999,1552.4799805,14.7112999,84.9477997,110.3040009,87.2408981,202.3390045,48.3655014,24.7458992,193.1410065,60.9121017,21.2572994
77.2108994,1765.5600586,6.6705699,144.628006,106.6029968,57.2737999,72.0548019,1680.8299561,6.6546001,93.0859985,92.5149002,22.1839008,211.0679932,60.6823006,29.6602993,184.2700043,81.3065033,26.4435005
133.8390045,1431.7399902,19.5023003,142.2599945,112.5309982,199.7070007,142.9170074,1514.4000244,26.1382999,86.9065018,106.9570007,136.2339935,207.5279999,43.7961006,34.3181992,197.1309967,57.835701,25.4925003
136.3580017,1416.8100586,20.0795994,143.5319977,112.4609985,206.3390045,145.3589935,1513.7299805,26.809,86.918602,106.9140015,138.2429962,207.598999,43.4874992,34.9129982,197.1100006,57.7477989,25.7208004
148.5090027,1376.4000244,21.1641006,140.3309937,113.0749969,216.7189941,152.7449951,1514.3499756,26.0706997,86.9410019,107.112999,125.9380035,206.7859955,43.5856018,29.7609997,187.5800018,59.2069016,23.5706005
75.4120026,1786.1899414,6.2570801,146.0780029,103.302002,47.9297981,72.1252975,1683.75,6.7918501,93.2865982,92.4346008,19.2366009,211.4660034,62.9084015,32.6040993,195.1459961,85.0251007,27.6875992
87.7584991,1732.9100342,8.7862902,146.6499939,115.2890015,92.848999,84.2391968,1611.6099854,9.5998001,86.6852036,99.9345016,58.2206001,214.2740021,51.8216019,27.3451004,198.7559967,65.4421005,23.5457001
117.4779968,1543.3499756,13.8901997,121.7460022,115.3970032,140.2100067,119.1959991,1549.5999756,17.7203007,85.1097031,110.012001,96.142601,202.0720062,47.7495003,26.4953995,190.6009979,60.1293983,21.4249992
104.6269989,1619.75,11.8038998,122.0279999,116.2900009,118.1490021,110.6999969,1551.8299561,15.0158997,84.9652023,110.3050003,87.6676025,202.4210052,48.2757988,25.3379993,193.6889954,60.8832016,21.8202
137.3679962,1415.4799805,20.0396996,143.0950012,112.6460037,206.3289948,145.6000061,1514.2399902,26.3146992,86.9177017,106.973999,134.1629944,207.4880066,43.6547012,34.1887016,195.7669983,58.1251984,25.4060993
144.7940063,1375.9000244,21.5230999,147.1230011,112.5169983,226.3190002,152.5050049,1512.3599854,27.6819,86.9298019,106.8600006,137.5590057,207.7709961,42.8053017,35.9841003,195.5090027,58.0471992,25.9992008
73.4539032,1825.2099609,6.1303802,160.9060059,111.3330002,63.1431007,67.0587006,1681.8499756,6.0040498,94.0391006,94.1801987,32.426899,210.3609924,55.9967995,29.3673992,191.822998,71.9925003,25.5527992
103.1050034,1662.5300293,11.1772003,133.7059937,114.9420013,113.6269989,107.5130005,1588.5899658,13.2782001,88.5102005,110.0999985,74.4169998,195.371994,49.3064995,27.0433006,192.201004,60.9900017,24.3862991
74.8283005,1804.2900391,6.4153099,152.5870056,108.1940002,56.5602989,68.526001,1677.3499756,6.2581201,93.134201,92.3236008,28.1142006,211.0820007,58.8992996,29.6193008,193.0130005,76.7734985,26.4860992
73.1428986,1832.6700439,6.0599399,162.2339935,111.7269974,63.7449989,68.0624008,1682.8699951,6.0321898,94.164299,94.3356018,34.0900002,210.2519989,55.2484016,29.7388,192.625,70.7274017,25.6159
145.0740051,1374.0300293,21.6030006,147.5910034,112.5009995,227.6190033,152.8269958,1512.2099609,27.7702999,86.9298019,106.8479996,137.897995,207.8190002,42.7481995,36.2769012,195.6990051,58.0256996,26.0970993
75.4274979,1786.8699951,6.2999601,147.003006,103.651001,49.3851013,71.6248016,1682.8800049,6.7428298,93.2461014,92.4203033,19.6553001,211.4100037,62.3861008,32.0791016,194.246994,84.5080032,27.4505997
121.9029999,1523.5400391,15.3678999,130.0090027,115.6070023,155.253006,126.2770004,1546.6400146,19.2458,85.0707016,109.9800034,99.6165009,202.5899963,46.9215012,28.3936005,190.0469971,61.1847992,22.6550007
75.9349976,1781.5600586,6.7218599,150.7850037,107.8280029,57.0868988,68.6868973,1677.1300049,6.3650799,92.9337997,92.2492981,24.0235996,211.423996,60.578701,28.7828999,187.5619965,79.5759964,25.7154007
74.7845993,1796.5799561,6.59127,157.9400024,109.2200012,58.411499,64.5411987,1693.7399902,5.9979801,94.0124969,93.2089996,25.6187,212.4640045,60.2182999,27.8379002,188.8119965,77.7722015,24.9095001
75.4232025,1787.2299805,6.35465,148.0930023,104.6119995,51.722599,70.9328003,1681.5999756,6.6478601,93.1998978,92.3957977,21.0067997,211.345993,61.6445999,31.4258995,193.2420044,83.1097031,27.1734009
73.8228989,1815.4499512,6.2282701,159.595993,110.8470001,62.5205002,66.2634964,1681.0,6.0005898,93.9160995,94.0333023,30.3980999,210.4949951,56.8550987,29.1168995,190.9349976,73.569397,25.5006008
73.1985016,1830.6700439,6.0721502,161.9609985,111.6760025,63.7001991,68.0019989,1682.8000488,6.0365,94.1444016,94.3188019,33.8485985,210.2810059,55.405201,29.7880001,192.4389954,70.9296036,25.6142998
75.4316025,1800.1500244,6.1607099,143.552002,102.5899963,37.8698006,72.8827972,1685.7700195,6.8316302,93.3861008,92.3792038,18.6942005,211.7350006,65.2822037,33.2753983,198.5019989,86.0505981,27.9927006
73.799202,1808.4200439,6.1844702,158.8580017,110.5270004,63.8204002,68.6203995,1683.0600586,6.2199702,94.0550003,94.226799,30.4160995,210.423996,56.6082001,30.4661007,191.5859985,73.7891998,25.9568996
127.814003,1479.6199951,17.4568996,137.3379974,113.3710022,176.8480072,135.1060028,1518.3800049,22.2984009,86.8738022,107.2910004,116.0479965,207.0010071,45.3778992,30.6959,193.8329926,59.2761002,24.0431995
76.0625992,1762.0899658,6.3387399,144.4409943,105.2799988,59.0410004,72.5149002,1682.7700195,6.7053499,93.2344971,92.5351028,21.4225998,211.1459961,60.8651009,32.0980988,190.4160004,82.4338989,27.9759998
132.3730011,1451.4000244,18.5121002,139.2610016,113.1360016,188.4589996,139.6710052,1516.8199463,23.8521004,86.8962021,107.1839981,122.3059998,207.1069946,44.7608986,31.5533009,193.5650024,58.9636002,24.3537998
120.7330017,1528.8399658,15.1181002,129.5279999,115.5299988,150.6100006,125.5350037,1546.7900391,19.1443005,85.0932007,109.9779968,99.5932007,202.4960022,47.1254997,27.8306007,189.3769989,61.1175003,22.4848995
116.5059967,1530.5400391,14.9668999,143.1170044,109.3740005,154.3329926,121.0899963,1541.1300049,18.5398006,91.6191025,103.7509995,91.3309021,206.246994,48.5388985,33.7927017,194.0180054,66.097702,27.0214996
114.5960007,1570.2099609,13.8036003,126.5780029,116.5139999,137.9929962,118.6279984,1549.5699463,16.4813995,85.0003967,110.2369995,90.3202972,202.5939941,47.5117989,27.1688004,192.7910004,61.0523987,22.6602001
106.8150024,1620.5200195,12.1903,122.4260025,117.6100006,120.8970032,110.0429993,1552.8800049,13.4777002,84.8900986,110.5449982,80.3927002,202.6759949,47.9743996,25.9302998,197.1719971,60.9762001,22.8637009
75.1259003,1796.0600586,6.4549999,151.6600037,107.5270004,56.2321014,68.4848022,1677.7099609,6.3116102,93.0779037,92.2860031,25.7005005,211.2200012,59.7663002,29.6611004,191.7619934,78.5910034,26.3887997
141.6139984,1385.6700439,21.3981991,147.4559937,112.3180008,222.496994,150.7160034,1512.1500244,28.1103992,86.9412003,106.8059998,142.0019989,207.9069977,42.7033997,37.0089989,198.3679962,57.5115013,26.5886993
74.1391983,1805.2199707,6.29497,158.2539978,110.3280029,62.4866982,66.9494019,1681.4300537,6.1090398,93.901001,94.0241013,28.8136997,210.5469971,57.3633995,29.4517002,190.5090027,74.8975983,25.6725998
75.3973999,1790.0699463,6.5453401,151.5890045,107.7340012,56.9453011,68.1065979,1677.1199951,6.2973399,92.9962006,92.2393036,24.9755001,211.3220062,60.0942001,29.2432995,190.0319977,78.9458008,26.0851994
124.3160019,1502.0699463,16.6336002,135.8549957,113.5770035,168.1629944,131.5269928,1519.6800537,20.9764996,86.853302,107.3820038,110.5360031,206.9250031,45.8535995,30.0468006,194.1439972,59.5477982,23.8120995
96.5401001,1694.8599854,10.3806,136.9360046,116.1259995,101.961998,98.6296005,1653.1500244,10.8144999,91.417099,111.0820007,65.3322983,197.2460022,48.6072006,27.0928001,197.4470062,63.2084007,23.5590992
96.848999,1649.0799561,11.6309004,152.9160004,106.6439972,112.6289978,95.2009964,1596.7800293,14.3783998,87.8290024,92.0085983,62.6124001,226.7810059,56.5461006,35.7919006,198.2140045,75.0742035,27.8486004
73.1177979,1830.2900391,6.0494299,162.1190033,111.9039993,64.0828018,68.641098,1683.3900146,6.0747399,94.1822968,94.3984985,34.6268005,210.2859955,55.2845001,30.2945004,192.4850006,70.3937988,25.6660004
73.6248016,1814.1199951,6.1495399,159.6660004,110.9520035,63.8825989,68.5940018,1683.1199951,6.1758699,94.0848999,94.2720032,31.6681995,210.3919983,56.2680016,30.4244003,191.7920074,72.7820969,25.8791008
115.1490021,1570.6400146,13.8949003,126.7910004,116.9400024,140.2059937,118.4069977,1550.0500488,15.9563999,84.9763031,110.3089981,87.5479965,202.6690063,47.4224014,27.5273991,193.5339966,61.0830002,22.8612003
160.3999939,1312.4499512,22.8288002,145.2630005,112.5739975,251.3379974,166.822998,1510.7199707,27.8439999,86.8535004,106.8479996,134.0610046,207.201004,41.714901,31.9174004,185.2409973,58.6897011,24.4234009
139.1080017,1422.6600342,19.2646008,137.5910034,113.4189987,190.4750061,144.0350037,1516.5500488,24.0660992,86.9866028,107.2870026,118.5410004,206.3840027,44.8937988,27.9689999,185.7940063,59.7084007,22.7150993
112.0569992,1582.9300537,13.2825003,125.4410019,116.439003,131.5980072,116.6139984,1550.0699463,16.1282997,85.0003967,110.2519989,89.8248978,202.5330048,47.7613983,26.5974998,192.8950043,60.9921989,22.4797993
73.7269974,1820.4200439,6.2129002,160.0140076,111.0049973,62.0689011,64.5578003,1679.5600586,5.86555,93.8199997,93.9020996,30.5736008,210.522995,56.9051018,28.4300003,190.7480011,73.3023987,25.2411995
72.7725983,1839.9899902,5.99123,164.0469971,112.1159973,64.4317017,69.2146988,1684.1500244,6.0641499,94.3068008,94.5161972,35.6515999,210.1589966,54.4850006,30.2873993,193.4389954,69.5493011,25.6329994
73.6860962,1822.3399658,6.2048998,160.0659943,111.0410004,61.8242989,63.4211006,1678.5999756,5.7860999,93.7473984,93.8079987,30.5125999,210.5469971,56.9953003,28.0622005,190.552002,73.2794037,25.0818005
102.7539978,1643.0899658,11.4373999,120.0690002,117.7919998,113.0670013,105.8619995,1554.1400146,12.6392002,84.8191986,110.6500015,78.6970978,202.7610016,48.1278,25.3766003,200.1849976,60.9855003,23.0112
74.9777985,1800.2099609,6.4106998,151.6649933,107.3190002,55.4692001,68.9801025,1678.25,6.3443098,93.1399002,92.3324966,26.2425003,211.151001,59.5592003,29.9549007,192.9219971,78.3895035,26.5953007
75.160202,1795.1600342,6.41396,150.701004,106.5879974,54.6847,69.3691025,1679.0200195,6.4217401,93.1358032,92.3358002,24.4804001,211.2259979,60.2052994,30.243,192.5859985,79.8632965,26.6767998
74.1207962,1805.0200195,6.2853599,158.2230072,110.3079987,62.6374016,67.1906967,1681.6500244,6.1284199,93.9195023,94.0469971,28.8787003,210.5319977,57.2999001,29.5799007,190.6179962,74.8662033,25.7206001
103.7639999,1632.1099854,11.6583996,121.4520035,117.086998,116.1340027,108.4229965,1552.9200439,13.7455997,84.8901978,110.4800034,82.8206024,202.6260071,48.1778984,25.4552002,197.1230011,60.969101,22.4801998
119.598999,1534.1300049,14.8789997,129.1430054,115.4940033,146.5899963,124.7269974,1546.9599609,19.0149994,85.1091995,109.9800034,99.4020996,202.4299927,47.3106995,27.4731007,188.9329987,61.0747986,22.3738003
73.0838013,1835.0200195,6.0468798,162.5390015,111.7740021,63.8163986,68.2042007,1683.0200195,6.0325198,94.1949005,94.3612976,34.3684998,210.2079926,55.0344009,29.6781998,192.9069977,70.4936981,25.6396999
112.3949966,1574.5100098,13.3156996,125.810997,115.7949982,128.8849945,117.9990005,1549.1199951,17.2308006,85.0789032,110.1119995,94.2705994,202.3410034,48.0483017,26.3684006,190.1690063,60.899601,22.1168995
74.6900024,1794.25,6.6259899,159.4389954,109.3759995,58.3998985,64.4116974,1692.9799805,5.9998102,93.9410019,93.1472015,25.3418007,212.7059937,60.6752014,27.4916992,188.7310028,77.9825974,24.6697006
73.8292007,1814.0799561,6.22297,159.4530029,110.7969971,62.7540016,66.8392029,1681.5,6.04778,93.9513016,94.0810013,30.4202003,210.477005,56.7955017,29.3901997,191.052002,73.5991974,25.5972004
110.5810013,1582.1999512,12.7532997,123.6240005,115.6169968,122.5059967,115.9349976,1549.8299561,17.0412998,85.0948029,110.0960007,94.0784988,202.1889954,48.4616013,25.9507999,189.6660004,60.6394997,21.7915993
75.1386032,1795.9499512,6.3798199,150.2169952,105.7689972,53.274601,69.9067993,1679.9499512,6.4980502,93.1751022,92.3660965,23.4733009,211.2339935,60.5400009,30.6280994,193.322998,80.9288025,26.8586998
144.822998,1384.0100098,21.0000992,143.5650024,112.7870026,218.7259979,151.2050018,1513.6400146,26.6597996,86.9241028,106.9909973,131.5919952,207.3240051,43.3308983,33.0850983,192.0950012,58.6015015,24.8631001
114.9550018,1568.2299805,13.8781996,126.7460022,116.5059967,138.9060059,118.9430008,1549.4799805,16.5610008,85.001503,110.2310028,90.5178986,202.6000061,47.4789009,27.2502995,192.7319946,61.0606003,22.6763992
75.4261017,1789.4799805,6.5478902,151.4539948,107.6809998,56.9021988,68.2004013,1677.2299805,6.30795,92.9985962,92.2442017,24.8595009,211.3240051,60.135601,29.2747002,189.9790039,79.0485992,26.0998001
104.4599991,1627.7099609,11.7877998,121.8040009,116.9980011,117.3410034,109.1920013,1552.6400146,13.9819002,84.9044037,110.4530029,83.5484009,202.6040039,48.157299,25.5289001,196.5440063,60.9626007,22.4395008
75.0319977,1798.5899658,6.4280701,151.6990051,107.4459991,55.8563004,68.7305984,1677.9699707,6.3249698,93.1128998,92.3108978,26.0657005,211.1779938,59.6240997,29.8160992,192.4329987,78.4177017,26.5027008
98.5279999,1685.1099854,10.4825001,135.6459961,116.2099991,106.052002,102.387001,1595.0100098,11.3235998,87.7278976,110.1709976,65.3975983,198.0670013,49.2212982,27.4810009,194.1519928,63.9259987,23.0310993
152.529007,1349.4599609,22.0953999,144.6419983,112.7269974,234.6000061,157.9499969,1512.3399658,27.4307003,86.9085999,106.9339981,132.8139954,207.3079987,42.6660995,32.7868996,189.5110016,58.6994019,24.6727009
105.7099991,1571.3100586,13.4448004,136.8150024,114.9570007,116.9599991,117.2509995,1533.8900146,19.1555996,86.175499,109.0,105.9229965,206.2590027,49.0091019,26.8138008,182.7539978,61.0547981,21.9011993
108.3010025,1607.7099609,12.5139999,123.4840012,117.0049973,124.1869965,112.4240036,1551.7199707,14.6103001,84.9383011,110.4069977,84.7396011,202.598999,47.9412994,26.0951004,195.2779999,60.9743004,22.6025009
75.1156998,1796.4300537,6.4040198,150.772995,106.5289993,54.4780006,69.4337006,1679.1099854,6.4257798,93.1475983,92.343399,24.5886993,211.2120056,60.1562996,30.2870007,192.8589935,79.8304977,26.7096996
130.7420044,1464.4699707,17.8733006,137.423996,113.3740005,179.8609924,137.4720001,1517.8900146,22.8323002,86.9004974,107.2850037,116.8889999,206.852005,45.3205986,30.0044003,191.4889984,59.4131012,23.7064991
124.7990036,1499.8299561,16.5042992,135.0160065,113.6320038,164.2969971,131.6790009,1519.75,21.0207005,86.8784027,107.4089966,109.8479996,206.7059937,46.1409988,28.9624004,191.5480042,59.7667007,23.3043003
119.1809998,1541.9200439,14.7806997,128.7640076,116.0630035,149.348999,123.2149963,1547.8800049,18.0412006,85.0338974,110.0960007,95.3423004,202.6239929,47.1183014,28.0958004,191.4149933,61.1512985,22.7278004
140.0140076,1407.0799561,20.2003002,142.5010071,112.8300018,208.4360046,147.0870056,1514.5200195,25.9906998,86.9206009,107.0309982,130.2980042,207.3099976,43.7532005,33.0252991,193.3560028,58.5628014,24.8906002
112.9290009,1582.8599854,13.4384003,125.6969986,116.9670029,134.5130005,116.4649963,1550.5899658,15.4907999,84.9673004,110.3420029,86.5540009,202.6349945,47.6063004,26.9808006,194.0079956,61.0357018,22.7731991
78.2312012,1761.8100586,6.63657,142.0169983,106.526001,56.8241997,73.2220001,1681.8800049,6.74227,93.1088028,92.643898,21.8570004,210.8040009,60.5223999,29.0692005,179.7850037,81.5113983,26.1334
74.8393021,1803.9100342,6.4183602,152.5970001,108.197998,56.6264,68.4513016,1677.2900391,6.2536101,93.1268997,92.3170013,28.0083008,211.0910034,58.9311981,29.5862007,192.897995,76.830101,26.4617004
74.158699,1806.5200195,6.3178301,158.496994,110.4219971,62.0643997,66.1115036,1680.6800537,6.04039,93.8420029,93.9514999,28.7287998,210.5950012,57.5259018,29.0552006,190.2339935,74.9014969,25.5100002
109.0189972,1598.4200439,12.6626997,124.0429993,116.4029999,125.0410004,114.098999,1550.7800293,15.6349001,84.9901962,110.2789993,88.8374023,202.4839935,48.0195999,26.0527992,193.2640076,60.9341011,22.2717991
110.4850006,1583.4599609,12.823,124.3280029,115.7030029,123.2789993,116.1500015,1549.6999512,16.9759007,85.0861969,110.112999,93.7986984,202.2460022,48.3650017,26.0091,189.9129944,60.7518005,21.8931007
73.5416031,1820.1700439,6.1469498,160.4129944,111.1949997,63.4098015,67.7590027,1682.4399414,6.0756502,94.0585022,94.2229004,32.0905991,210.3860016,56.1483994,29.8386993,191.7319946,72.3432007,25.6786003
122.9250031,1518.4699707,15.5945997,130.5630035,115.6689987,159.5019989,126.9449997,1546.4300537,19.3887997,85.0526962,109.9749985,99.8125992,202.6790009,46.7508011,29.0480003,190.6060028,61.2667999,22.8264999
138.4799957,1404.5400391,20.5702,144.7440033,112.4120026,212.2019958,147.4210052,1513.1700439,27.3143005,86.9274979,106.8789978,139.6349945,207.677002,43.2154007,35.5033989,197.25,57.6808014,25.9556999
73.3529968,1832.1500244,6.0678601,160.8359985,111.4290009,62.8987999,66.3780975,1681.1500244,5.9475598,94.0289001,94.1325989,32.9026985,210.2649994,55.7057991,28.7182007,192.048996,71.4844971,25.4930992
76.0526962,1761.0799561,6.3261099,144.2579956,105.2570038,59.3936005,72.5943985,1682.8900146,6.7070699,93.2409973,92.5432968,21.4188995,211.1320038,60.8176003,32.1969986,190.4799957,82.4403,28.0716
75.4201965,1787.3199463,6.2985301,147.0350037,103.5879974,49.2064018,71.6195984,1682.9100342,6.74507,93.2464981,92.4197006,19.5750008,211.4109955,62.4090004,32.0769997,194.2949982,84.5895996,27.4463005
115.8000031,1548.0999756,14.4281998,137.848999,109.7570038,143.8320007,119.1999969,1544.2600098,17.6695995,90.5028992,104.7779999,85.6744995,201.8139954,49.4459,31.3983994,185.3690033,67.2365036,25.8862
75.3694,1786.9799805,6.2266502,145.5370026,103.1289978,46.6132011,72.4019012,1684.3100586,6.81459,93.3175964,92.4372025,19.0977993,211.5160065,63.3059006,32.9323006,195.977005,85.2643967,27.8313999
143.9559937,1380.6700439,21.3379993,146.3269958,112.5419998,223.4559937,151.6580048,1512.6600342,27.5028992,86.9298019,106.8820038,136.9980011,207.6959991,42.9269981,35.5381012,195.3410034,58.0722008,25.8546009
75.2182007,1794.1199951,6.3386798,149.0829926,104.189003,50.8669014,70.6930008,1681.5500488,6.6360898,93.211998,92.3955994,20.8952999,211.3070068,61.4347,31.2409992,193.9660034,83.3611984,27.0984993
73.8274994,1809.5899658,6.19947,158.9609985,110.586998,63.5061989,68.2080002,1682.6899414,6.17767,94.0297012,94.1902008,30.3526993,210.4380035,56.6753998,30.1816006,191.4109955,73.7891998,25.8679008
129.8580017,1464.4200439,18.1135006,138.9080048,113.1389999,184.5220032,137.5950012,1517.2299805,23.4118004,86.8815002,107.1959991,121.6539993,207.1699982,44.8814011,31.8271999,194.9149933,58.8763008,24.5004005
75.2815018,1791.8900146,6.3615098,149.0879974,104.8730011,51.9604988,70.4842987,1681.0,6.5938201,93.1903992,92.3816986,21.7066002,211.3040009,61.2494011,31.0874996,193.4029999,82.5084991,27.0291996
131.3309937,1456.7199707,18.3474998,139.1239929,113.137001,186.8220062,138.8150024,1516.9899902,23.6777992,86.8902969,107.189003,122.0579987,207.1329956,44.8120995,31.6721992,194.1190033,58.9281006,24.4160995
124.637001,1500.6600342,16.573,135.4049988,113.6060028,166.3480072,131.647995,1519.7199707,20.9993992,86.8648987,107.3960037,110.1279984,206.8139954,45.9961014,29.4715004,192.8070068,59.6683998,23.5438004
74.086998,1804.1199951,6.26583,158.1159973,110.2360001,62.9844017,67.7204971,1682.1400146,6.17557,93.9570999,94.094101,28.9451008,210.503006,57.1861992,29.8820992,190.848999,74.862999,25.8314991
142.0619965,1376.7800293,22.1499996,151.8860016,112.1900024,230.3789978,152.4830017,1511.0899658,28.7761002,86.9701996,106.6999969,144.6750031,208.4170074,42.0882988,39.7733002,203.1239929,57.0994987,28.0802002
75.0147018,1799.0999756,6.4211302,151.6629944,107.3809967,55.6907005,68.8355026,1678.0999756,6.3341098,93.1233978,92.3192978,26.0916996,211.1690063,59.6138992,29.8771,192.6159973,78.4409027,26.5410004
73.5310974,1821.4000244,6.14744,160.5310059,111.2200012,63.2801018,67.4848022,1682.1999512,6.0503101,94.0459976,94.2014008,32.1001015,210.3849945,56.1427994,29.6653004,191.7109985,72.3057022,25.6305008
75.9347992,1752.1999512,6.19523,142.0839996,105.1719971,62.6797981,73.1800003,1683.7399902,6.6761999,93.2848969,92.6160965,21.6002998,210.9309998,60.1876984,33.0788002,191.1000061,82.2640991,29.2486992
74.8422012,1803.7900391,6.4204202,152.6289978,108.2229996,56.6948013,68.3916016,1677.2199707,6.2484102,93.1221008,92.3125992,27.9923,211.0939941,58.9337006,29.5566006,192.8280029,76.8227005,26.4435005
109.8529968,1599.1500244,12.8210001,124.2310028,116.9589996,127.3889999,113.8359985,1551.2900391,14.9476995,84.9520035,110.3789978,85.5549011,202.6009979,47.8420982,26.3539009,194.7259979,60.9883995,22.6422005
73.4374008,1830.2399902,6.0826502,158.3820038,111.1149979,61.2597008,60.7282982,1676.1300049,5.5900998,93.5662994,93.5764999,30.8747005,210.4600067,56.8963013,26.9694004,189.6730042,72.7994003,24.4983006
114.1360016,1558.4200439,13.7269001,128.1600037,115.3209991,126.3860016,120.8899994,1547.4699707,18.6492996,85.1998978,109.9639969,99.2088013,202.1620026,48.3875999,26.5529995,186.4949951,60.9692993,22.0993004
76.0031967,1754.2299805,6.2339301,142.6759949,105.2060013,61.8871002,73.0597,1683.5200195,6.68925,93.2733994,92.5995026,21.5457001,210.9869995,60.3541985,32.8140984,190.7550049,82.3107986,28.8841
77.0702972,1771.0400391,7.2737398,147.2910004,107.9400024,55.7240982,70.8513031,1678.3100586,6.52844,92.9178009,92.384201,23.0764008,211.3829956,61.1815987,28.1303997,183.401001,80.3154984,24.9871006
133.3549957,1437.5500488,19.2346992,141.5429993,112.7040024,196.9320068,141.9629974,1515.0999756,25.4757004,86.9013977,107.0210037,132.2019958,207.4329987,44.0480995,33.6839981,196.404007,58.1451988,25.2353001
102.8150024,1627.7700195,11.4710999,121.302002,116.1969986,116.2519989,109.5500031,1552.1899414,14.8430004,84.9555969,110.3050003,87.4294968,202.3809967,48.3311996,25.0282001,193.5079956,60.8871002,21.5328007
101.3669968,1644.2299805,11.2356005,120.6380005,117.0500031,112.6490021,106.5530014,1553.4399414,13.4307003,84.8668976,110.5,82.3190994,202.6490021,48.2939987,25.1791992,197.9450073,60.9870987,22.3628998
102.3399963,1638.2600098,11.4076004,121.0589981,116.9489975,114.2030029,107.5839996,1553.0799561,13.7188997,84.8865967,110.4670029,83.1633987,202.6109924,48.2633018,25.2605,197.1139984,60.9734993,22.3073997
122.5940018,1506.1400146,15.9247999,133.6369934,114.6060028,149.8419952,129.7440033,1532.4399414,20.9375,85.9832993,108.8639984,109.1559982,206.5509949,46.8852005,27.2793007,186.9259949,60.1665993,22.5998993
75.8408966,1774.6800537,6.4127002,146.7539978,105.4079971,55.5157013,71.4028015,1681.5300293,6.6512799,93.1792984,92.4354019,21.5862007,211.2879944,61.2566986,31.3563995,191.0930023,82.3226013,27.2558002
116.3619995,1555.8000488,14.1857996,127.5339966,115.9560013,140.6580048,121.1039963,1548.3900146,17.6695995,85.0523987,110.1080017,94.8460999,202.5019989,47.4777985,27.2089996,190.9380035,61.0458984,22.4647999
75.4291,1786.3599854,6.2818298,146.5800018,103.4789963,48.7806015,71.8556976,1683.2700195,6.7666998,93.2629013,92.427597,19.4295998,211.4329987,62.6136017,32.3110008,194.5939941,84.7684021,27.5552998
75.9692001,1768.1999512,6.3812499,145.5670013,105.2969971,57.1083984,72.0245972,1682.2299805,6.6909099,93.2095032,92.4860001,21.4104004,211.2319946,61.1414986,31.7507992,190.7640076,82.4723969,27.5837994
124.2289963,1502.4200439,16.6485996,135.9689941,113.5680008,168.5659943,131.4949951,1519.6700439,20.9748993,86.8509979,107.3779984,110.6669998,206.951004,45.8199005,30.1900997,194.4609985,59.5152016,23.8782005
72.6633987,1842.3699951,5.98104,164.772995,112.1549988,64.6335983,69.6139984,1684.6400146,6.07339,94.367897,94.5770035,35.9157982,210.1089935,54.1819992,30.3763008,193.8699951,69.3405991,25.6551991
120.0339966,1537.6800537,14.9623003,129.1929932,116.1159973,152.2449951,123.8180008,1547.7399902,18.1453991,85.0267029,110.0940018,95.3973007,202.6710052,47.009201,28.4780006,191.6080017,61.1957016,22.8267994
75.5049973,1785.2700195,6.4090099,148.5930023,105.5360031,53.8095016,70.4574966,1680.5899658,6.5725899,93.1567993,92.3752975,22.1443005,211.3139954,61.1450005,30.9314995,192.121994,81.8977966,26.9620991
111.7959976,1589.0799561,13.2079,125.1460037,116.9869995,131.7929993,115.4599991,1550.8800049,15.2531996,84.9611969,110.3600006,86.0258026,202.6230011,47.6945,26.7397003,194.2980042,61.0164986,22.7341003
139.6950073,1397.5999756,20.8561993,145.5410004,112.387001,215.7330017,148.6150055,1512.8499756,27.5830994,86.9321976,106.8580017,140.3249969,207.7359924,43.0513,35.9054985,197.4250031,57.6441994,26.1189003
127.3040009,1482.2199707,17.3980999,137.3670044,113.3649979,176.5110016,134.7149963,1518.4399414,22.2147007,86.8690033,107.2900009,116.0139999,207.0339966,45.3708992,30.8623009,194.3359985,59.2355003,24.1233006
111.461998,1590.4300537,13.1436005,125.0009995,116.9349976,130.9689941,115.2580032,1550.8800049,15.2700996,84.9625015,110.3550034,86.2655029,202.6130066,47.7252998,26.6555996,194.2740021,61.0098991,22.6982994
73.8373032,1811.4799805,6.2122898,159.1649933,110.6829987,63.1589012,67.6573029,1682.2099609,6.1224999,93.9981995,94.1460037,30.3761005,210.4539948,56.7294006,29.8369007,191.2380066,73.7108994,25.7521
111.9700012,1591.5,13.2137003,125.1500015,117.4120026,132.473999,114.9449997,1551.4399414,14.6532001,84.9419022,110.4369965,83.0815964,202.6710052,47.6651993,26.8976002,194.904007,61.0219002,22.8908997
132.9629974,1453.4799805,18.1935997,137.3930054,113.3949966,181.9069977,139.2129974,1517.5600586,23.1622009,86.9241028,107.2870026,117.2060013,206.7120056,45.2798004,29.3528996,189.595993,59.5320015,23.4015999
111.3199997,1577.6800537,12.8261995,122.8170013,115.5650024,124.7060013,116.0100021,1550.0,17.0772991,85.0929031,110.0859985,94.2052994,202.151001,48.395401,25.9526997,189.8450012,60.5127983,21.6613007
75.5192032,1782.9300537,6.3420401,147.2120056,104.4860001,51.9752998,71.3811035,1682.1500244,6.6900301,93.2176971,92.4169006,20.6865997,211.3650055,61.8630981,31.7646008,193.2070007,83.4030991,27.3467999
76.0572968,1776.7600098,6.5664401,148.1600037,106.6269989,56.5819016,70.3375015,1679.5699463,6.5281501,93.0718002,92.3722,22.8230991,211.2839966,60.7636986,30.052,188.7940063,80.9030991,26.5431004
73.3108978,1839.7299805,5.8793898,159.2189941,111.4280014,62.8208008,67.4880981,1681.5999756,6.0521798,94.1244965,94.2046967,33.5063019,210.0469971,55.3872986,28.3605003,192.1699982,70.8293991,25.7770996
73.6007004,1817.4000244,6.1557698,160.0570068,111.0739975,63.5171013,68.0154037,1682.6300049,6.1106,94.0606995,94.2307968,31.7865009,210.3959961,56.2499008,30.0191994,191.6840057,72.6168976,25.7457008
75.7906036,1781.1199951,6.5282102,149.0090027,106.6480026,56.1649017,69.8826981,1679.25,6.4888902,93.0738983,92.3432007,23.1336994,211.302002,60.700901,30.0809002,189.8099976,80.6895981,26.5424004
73.0543976,1837.1099854,6.0393701,162.7259979,111.7919998,63.8796997,68.405899,1683.1899414,6.03935,94.2314987,94.3888016,34.5917015,210.147995,54.7997017,29.5750008,193.2669983,70.2987976,25.7029991
133.8690033,1448.8699951,18.3495007,137.4730072,113.3919983,183.2519989,139.9600067,1517.3900146,23.3183994,86.9315033,107.2839966,117.5289993,206.677002,45.2252007,29.2014999,189.0809937,59.5513,23.3285007
74.017601,1803.2199707,6.2360902,158.0650024,110.1500015,63.4790993,68.3524017,1682.7299805,6.2343402,94.0035019,94.1533966,29.0888004,210.4700012,57.0259018,30.2889996,191.1889954,74.8177032,25.9664993
75.4424973,1787.0799561,6.40381,148.871994,105.5469971,53.6044006,70.3358002,1680.4799805,6.56043,93.1575012,92.3699036,22.2751007,211.3079987,61.0894012,30.8822002,192.3320007,81.8063965,26.9365997
105.7300034,1621.3599854,12.0219002,122.3119965,117.0279999,119.4160004,110.1920013,1552.3699951,14.1456003,84.9147034,110.4440002,83.7729034,202.6029968,48.0884018,25.7056999,196.1869965,60.9628983,22.5125999
125.1169968,1497.5999756,16.4123993,133.3240051,114.6269989,159.5659943,131.3569946,1532.4699707,21.0813999,85.9011002,108.8570023,109.5559998,206.8220062,46.2671013,28.1107998,190.2279968,59.9263992,23.1394005
73.7973022,1817.8800049,6.48311,164.3370056,110.3119965,60.1795006,53.9123993,1686.0,5.2600899,93.5149994,92.5723038,27.5764008,212.5749969,59.2678986,26.8246002,190.0209961,75.634201,24.2387009
115.1429977,1561.6999512,13.9265003,127.0339966,115.9169998,137.0930023,120.1640015,1548.6099854,17.5156002,85.0595016,110.1119995,94.6113968,202.4559937,47.638401,26.9214993,190.75,61.0066986,22.3628998
74.1592026,1808.4499512,6.3642101,159.2230072,110.5660019,61.3154984,64.0402985,1678.8499756,5.8892298,93.6927032,93.7705994,28.4113007,210.7299957,57.9361,28.3029003,189.7400055,75.0341034,25.1576004
74.6679001,1795.5,6.6113,159.3609924,109.387001,58.4734001,64.1122971,1692.9000244,5.9748101,93.9422989,93.1417007,25.4755001,212.6589966,60.5452003,27.5284004,188.8090057,77.8570023,24.6993008
74.8905029,1802.0,6.4482899,152.9759979,108.4300003,57.3321991,67.6768036,1676.5200195,6.1940298,93.0596008,92.2564011,27.6229,211.154007,59.0517998,29.2164993,191.9589996,76.9020996,26.2168007
73.0634003,1837.0899658,6.04001,162.6759949,111.7819977,63.8594017,68.3780975,1683.1500244,6.0385799,94.2293015,94.3844986,34.5617981,210.1459961,54.8069992,29.5457993,193.2640076,70.3177032,25.7064991
142.345993,1396.0799561,20.5750999,142.9199982,112.8219986,213.121994,149.029007,1514.1400146,26.2852001,86.9235001,107.0169983,130.6909943,207.3000031,43.5713005,32.9562988,192.6159973,58.6058006,24.8388004
134.6119995,1427.1199951,19.6781998,142.6329956,112.5090027,201.7019958,143.6640015,1514.1899414,26.3493004,86.9103012,106.9440002,136.8690033,207.5469971,43.7039986,34.487999,197.1009979,57.8097,25.5566006
74.4016037,1757.6700439,6.1869402,148.2839966,104.012001,62.6184998,72.8237991,1685.1600342,6.8828301,93.4763031,92.5421982,20.3878994,211.6069946,61.3204002,34.5320015,198.6880035,83.8498993,28.3549004
144.2819977,1395.8299561,20.2352009,137.7740021,113.3939972,199.8650055,147.9819946,1515.7199707,24.7880001,87.0317001,107.2809982,119.7649994,206.154007,44.3189011,27.2164993,183.8589935,59.6982002,22.2495003
72.5074005,1844.9599609,5.9746699,165.9049988,112.1999969,64.9369965,70.2034988,1685.4399414,6.08425,94.4585037,94.669899,36.2033005,210.0500031,53.7785988,30.5606995,194.4620056,69.1202011,25.6692009
116.6480026,1554.2399902,14.2466002,127.6589966,115.9489975,141.4160004,121.3550034,1548.3100586,17.7331009,85.0526962,110.1039963,95.0139999,202.5079956,47.4472008,27.2691994,190.9170074,61.0531998,22.4792995
113.6729965,1574.5200195,13.6152,126.1729965,116.447998,135.5010071,117.9649963,1549.6999512,16.4102001,85.0037994,110.2350006,90.4063034,202.5630035,47.6113014,26.9272995,192.7189941,61.0266991,22.5757999
74.1322021,1804.0400391,6.2831702,158.0870056,110.2450027,62.7472992,67.406601,1681.8399658,6.1512899,93.930603,94.0610962,28.7837009,210.5249939,57.2966003,29.6970997,190.6649933,74.9618988,25.7695007
127.151001,1482.9499512,17.3857994,137.3959961,113.3600006,176.4850006,134.6080017,1518.4499512,22.1986008,86.8674011,107.2890015,116.0709991,207.0469971,45.3624001,30.934,194.5240021,59.2160988,24.1567001
135.8930054,1428.0999756,19.4599991,141.4049988,112.8769989,199.572998,143.5110016,1515.3299561,25.2800007,86.9095993,107.0699997,128.7169952,207.2969971,44.1185989,32.8799019,194.3919983,58.5481987,24.8729992
73.3270035,1843.3199463,5.7730098,159.0599976,111.4449997,63.0166016,68.6099014,1682.4599609,6.1562099,94.2287979,94.3059006,33.8115997,209.951004,55.2871017,28.5897007,192.4230042,70.4934998,26.1770992
116.6470032,1547.2299805,14.2571001,128.4490051,115.3880005,135.8849945,122.6500015,1547.2800293,18.7863998,85.1570969,109.973999,99.2363968,202.2720032,47.8577003,26.8418007,187.6329956,60.9964981,22.1632996
82.0432968,1776.2800293,7.7567701,147.8430023,116.1660004,78.4962997,78.1088028,1660.0999756,7.8730502,88.8881989,99.4733963,47.6027985,213.7680054,52.963501,28.1079998,198.0370026,66.689003,24.7796993
138.1210022,1416.8900146,19.8458996,141.9250031,112.862999,204.1049957,145.4019928,1514.9300537,25.6357002,86.9163971,107.0530014,129.3480072,207.2910004,43.9427986,32.8806992,193.7079926,58.5797997,24.8502007
75.3339005,1788.5200195,6.2045202,145.1349945,103.0220032,45.2529984,72.5776978,1684.7199707,6.8263402,93.3422012,92.4330978,19.0410004,211.5650024,63.674099,33.1455994,196.7120056,85.413002,27.9211998
75.3398972,1790.5,6.1963701,144.947998,102.9059982,44.0111008,72.6266022,1684.8900146,6.8305202,93.348999,92.4269028,18.9169998,211.5890045,63.9137993,33.1790009,197.0059967,85.5798035,27.9316006
140.1430054,1415.8499756,19.4596996,137.5529938,113.447998,191.4019928,144.7440033,1516.3900146,24.1702003,87.0195007,107.3050003,118.3850021,206.2220001,44.7991982,27.4360008,184.4819946,59.7719994,22.3866997
76.581398,1770.5100098,6.6319699,146.5500031,106.6360016,57.1077995,71.157402,1680.1199951,6.5901399,93.0736008,92.4345016,22.4727993,211.2059937,60.760601,29.8959007,186.7519989,81.1215973,26.5074997
75.2761993,1792.4000244,6.3352199,148.6809998,104.0820007,50.5868988,70.8386002,1681.7600098,6.6565099,93.2130966,92.3968964,20.5655003,211.3309937,61.6418991,31.3773003,193.9089966,83.6343994,27.1464996
139.3919983,1416.8900146,19.6702003,140.1179962,113.1050034,200.7140045,145.4579926,1515.6500244,24.9489994,86.9248962,107.1480026,124.2639999,206.970993,44.2887993,30.8897991,190.5930023,59.0968018,24.0230999
115.7590027,1563.9799805,14.0448999,127.1210022,116.5110016,141.052002,119.6090012,1549.3000488,16.7064991,85.0020981,110.2220001,90.8022995,202.6190033,47.4009018,27.4577999,192.6660004,61.0816002,22.7245998
75.8352966,1780.2099609,6.5309801,148.8059998,106.6039963,56.2044983,70.0028992,1679.3699951,6.50067,93.0766983,92.350502,23.0275002,211.298996,60.7312012,30.1154995,189.6880035,80.780899,26.5639
73.2591019,1839.9399414,6.26297,163.7449951,111.9140015,64.7365036,70.9447021,1685.6099854,6.11518,94.5906982,94.7048035,36.1054001,209.6369934,52.7769012,29.2287006,197.2449951,69.1901016,26.5771999
136.5709991,1435.4300537,18.8127003,137.5850067,113.4000015,187.022995,142.1080017,1516.9399414,23.7278996,86.9564972,107.2809982,118.1839981,206.5449982,45.0666008,28.6261005,187.4360046,59.6282997,23.0519009
75.7043991,1779.2099609,6.4156699,147.5509949,105.447998,54.6231995,70.9859009,1681.1199951,6.6202402,93.1666031,92.4057007,21.7530003,211.3110046,61.2689018,31.1672993,191.5249939,82.1992035,27.1088009
108.3980026,1611.4399414,12.5003004,123.2919998,117.5189972,124.2490005,111.6220016,1552.3900146,13.8683996,84.9106979,110.5049973,81.3618011,202.6629944,47.8931999,26.1914005,196.3049927,60.9832993,22.8455009
74.9316025,1800.4899902,6.4798498,153.3849945,108.5930023,57.7510986,66.9776001,1675.8299561,6.1450701,92.9953995,92.1994019,27.2747002,211.223999,59.2066994,28.8955994,191.1699982,77.0127029,25.9888
110.8199997,1598.0500488,12.9801998,124.5530014,117.4570007,129.7100067,113.8669968,1551.7600098,14.3780003,84.9327011,110.4609985,82.4284973,202.6660004,47.7440987,26.6537991,195.3220062,61.0060005,22.8743
73.047699,1832.4000244,6.03616,162.4810028,111.9720001,64.1240997,68.6840973,1683.4699707,6.0668802,94.1998978,94.4159012,34.8839989,210.2660065,55.144001,30.2756004,192.621994,70.1822968,25.6445007
75.1956024,1794.3599854,6.4777699,151.6589966,107.5999985,56.4919014,68.322403,1677.5100098,6.3025899,93.0526962,92.2693024,25.4920006,211.2489929,59.8546982,29.5368004,191.2689972,78.6800995,26.3005009
108.3560028,1611.8199463,12.4905005,123.262001,117.5390015,124.1480026,111.5510025,1552.4300537,13.8319998,84.9093018,110.5090027,81.2155991,202.6649933,47.8950005,26.1863995,196.3560028,60.9830017,22.8526993
75.1063004,1796.6700439,6.4066801,150.8739929,106.6340027,54.6337013,69.3619003,1678.9799805,6.4148002,93.1443024,92.3404007,24.7639008,211.2070007,60.0932007,30.2366009,192.8170013,79.6653976,26.6884995
91.1402969,1717.7099609,9.3080902,139.8509979,115.7750015,94.4997025,93.2656021,1712.9599609,10.4222002,94.1988983,111.3050003,62.3618011,197.7619934,49.9216003,27.6079998,196.8959961,62.9476013,24.1702003
75.2768021,1792.0600586,6.4356198,150.4140015,106.6090012,55.0031013,69.3536987,1678.9799805,6.4281301,93.1154022,92.3264008,24.1058006,211.2570038,60.3594017,30.2003002,192.0099945,80.0833969,26.6315994
75.6353989,1785.7900391,6.6101599,151.1380005,107.7050018,57.0429001,68.3668976,1677.1999512,6.3318901,92.9705963,92.2433014,24.4225006,211.3670044,60.3392982,29.1075993,188.9989929,79.3364029,25.9669991
131.8690033,1458.9200439,18.0272007,137.3840027,113.387001,180.7689972,138.345993,1517.7299805,22.9946003,86.9126968,107.2870026,116.9980011,206.776001,45.3109016,29.6476002,190.4649963,59.4814987,23.5401001
72.6179962,1843.1899414,5.9777598,165.0820007,112.1709976,64.7204971,69.7813034,1684.8599854,6.0769801,94.3929977,94.6029968,36.0136986,210.0910034,54.0662994,30.4284992,194.0350037,69.2650986,25.6604996
98.5911026,1646.3299561,10.7266998,120.1409988,116.0080032,111.689003,107.336998,1552.8800049,14.5135002,84.9365005,110.3059998,86.8794022,202.2709961,48.4333,24.3050995,192.3220062,60.9863014,20.8502007
115.0449982,1562.3000488,13.9059,126.9869995,115.9250031,136.8890076,120.0650024,1548.6500244,17.4834995,85.058403,110.1149979,94.5100021,202.4570007,47.6451988,26.9078999,190.7890015,61.0052986,22.3621998
74.9781036,1799.1199951,6.5012698,153.503006,108.6029968,57.8284988,66.7182007,1675.5799561,6.1331601,92.963501,92.1735992,26.9487991,211.2709961,59.3586006,28.7691002,190.7489929,77.2116013,25.8833008
128.6649933,1475.0999756,17.5797997,137.3829956,113.3679962,177.7810059,135.8049927,1518.2299805,22.4706993,86.8812027,107.288002,116.3710022,206.9620056,45.3585014,30.5188007,193.1779938,59.3117981,23.9542007
74.998703,1799.5500488,6.41998,151.7310028,107.4309998,55.7341003,68.8181992,1678.0500488,6.3291202,93.125,92.3200989,26.2346001,211.1620026,59.5620995,29.8628006,192.6640015,78.3267975,26.5396004
140.7220001,1391.3900146,21.1280994,146.4190063,112.3529968,219.1109924,149.6999969,1512.5,27.8511009,86.9365997,106.8330002,141.1580048,207.8099976,42.8816986,36.3978996,197.7890015,57.584301,26.3248997
105.2689972,1610.0,11.3885002,125.6080017,115.0530014,86.072403,114.0110016,1536.8599854,17.9067001,85.946701,109.0800018,98.7481995,206.1959991,50.5371017,25.8213005,185.1260071,60.2202988,22.8045006
112.8040009,1586.8699951,13.3830996,125.5790024,117.3970032,134.552002,115.6969986,1551.2299805,14.8319998,84.9470978,110.4229965,83.447403,202.6790009,47.6053009,27.0914993,194.6459961,61.0354996,22.9108009
73.321701,1835.0200195,6.01827,160.4720001,111.4499969,62.8823013,66.5725021,1681.1800537,5.9646001,94.0542984,94.1476974,33.1801987,210.1909943,55.5344009,28.5457993,192.1829987,71.213501,25.5533009
73.5740967,1826.3199463,6.1586199,159.8269958,111.1110001,61.6416016,62.2080994,1677.5500488,5.6979899,93.6776962,93.7143021,30.7483997,210.5220032,56.9278984,27.6333008,190.3589935,73.0047989,24.8875999
75.180397,1794.6999512,6.3845801,150.0650024,105.7679977,53.341301,69.914299,1679.9599609,6.5019898,93.1690979,92.3626022,23.3071995,211.2480011,60.6204987,30.6404991,193.147995,81.0320969,26.8542004
72.711998,1841.1899414,5.9825101,164.397995,112.1520004,64.535202,69.4001999,1684.3800049,6.06844,94.3336029,94.5455017,35.8199997,210.1399994,54.3515015,30.3554993,193.6060028,69.4187012,25.6348991
134.7449951,1444.6800537,18.4675999,137.3390045,113.4199982,183.5010071,140.5859985,1517.2900391,23.4029007,86.9470978,107.2939987,117.3610001,206.5789948,45.2360992,28.7595997,188.0149994,59.6321983,23.1215
140.6419983,1397.7800293,20.7080994,144.5939941,112.5849991,214.6759949,148.6289978,1513.4499512,26.9701004,86.9266968,106.9280014,135.8639984,207.5749969,43.2873993,34.7999001,195.5579987,58.0765991,25.6228008
148.1920013,1369.0799561,21.4881992,143.9409943,112.776001,225.3320007,154.0269928,1513.1300049,26.9904003,86.9209976,106.9729996,131.927002,207.3000031,43.0680008,32.8653984,190.9210052,58.6675987,24.7446003
73.3490982,1824.4899902,6.1006699,161.1380005,111.5169983,63.7703018,68.2451019,1682.9399414,6.0826001,94.1194992,94.3098984,33.2807999,210.3379974,55.7454987,30.0984001,192.1000061,71.4380035,25.6933002
134.5630035,1434.9799805,19.2243996,141.0690002,112.887001,196.8800049,142.371994,1515.5699463,25.0487995,86.9045029,107.0800018,128.2850037,207.3009949,44.2220993,32.8675995,194.8070068,58.5299988,24.882
74.9677963,1800.4899902,6.4112,151.7290039,107.3799973,55.5453987,68.9462967,1678.1899414,6.33815,93.1392975,92.3317032,26.3682995,211.1470032,59.5144997,29.9305,192.9250031,78.2798004,26.5869007
135.1139984,1432.0899658,19.3237,141.2149963,112.8820038,198.0079956,142.8480072,1515.4699707,25.1494999,86.9067001,107.0749969,128.4880066,207.3000031,44.1781998,32.8787003,194.6410065,58.5359001,24.8806
106.5490036,1616.8699951,12.1773005,122.6880035,117.0029984,120.8710022,110.9319992,1552.1400146,14.3165998,84.9240036,110.4290009,84.1828003,202.5970001,48.0471001,25.8204002,195.8329926,60.9636993,22.5301991
75.5963974,1786.5,6.60918,151.3589935,107.7799988,57.0988007,68.2088013,1677.0300293,6.3159699,92.9637985,92.2333984,24.5515003,211.371994,60.3013,29.0508995,189.0460052,79.2145004,25.9344997
146.072998,1368.9899902,21.7570992,148.6150055,112.4970016,230.9100037,153.6880035,1511.9000244,27.8803005,86.9257965,106.8280029,137.9730072,207.9140015,42.6638985,36.8030014,195.5659943,58.0714989,26.1986008
121.4290009,1525.5,15.2659998,129.8000031,115.552002,153.1289978,126.0299988,1546.6700439,19.2353992,85.0835037,109.9749985,99.7471008,202.5390015,47.0149994,28.0972996,189.651001,61.1492004,22.5625
153.0059967,1357.8599854,21.9144001,140.1799927,113.0579987,224.4830017,156.2859955,1513.7399902,26.5807991,86.9428024,107.0970001,126.6819992,206.701004,43.2206993,29.1912003,186.4620056,59.2328987,23.3761997
75.4747009,1785.2299805,6.35291,147.7279968,104.5979996,51.8992004,71.1034012,1681.7900391,6.66326,93.2044983,92.4033966,20.9004993,211.3540039,61.7262993,31.5443001,193.1499939,83.1948013,27.2338009
120.7129974,1528.8399658,15.1140003,129.5249939,115.5210037,150.4559937,125.5400009,1546.7800293,19.1555004,85.0950012,109.9759979,99.6467972,202.4900055,47.1337013,27.809,189.3209991,61.1150017,22.4759998
74.0959015,1810.2700195,6.3745899,159.8540039,110.6640015,61.0712013,62.7299004,1677.75,5.7954502,93.6084976,93.6668015,28.3789005,210.802002,58.0854988,27.9582996,189.628006,74.9982986,24.9734001
75.3778,1773.1999512,6.2532501,145.6779938,104.0950012,53.9448013,72.4465027,1683.8199463,6.78476,93.3110962,92.4800034,20.2772999,211.4100037,62.1362991,32.9944992,194.7189941,83.9176025,27.9818993
