H3A_Al_0_2,H3A_Ca_0_2,H3A_Fe_0_2,H3A_K_0_2,H3A_Mg_0_2,H3A_P_0_2,H3A_Al_2_6,H3A_Ca_2_6,H3A_Fe_2_6,H3A_K_2_6,H3A_Mg_2_6,H3A_P_2_6,TOC_0_2,IC_0_2,TN_0_2,TOC_2_6,IC_2_6,TN_2_6,Zone_1,Zone_2,Zone_3,Zone_4,PhosphorusTreatment
35.82339859,2090.899902,4.510650158,65.29570007,41.5802002,2.9036901,41.69200134,2073.25,4.990019798,53.08140182,40.08589935,1.797659993,226.8959961,98.99749756,40.63759995,218.6920013,114.5739975,40.77970123,1,0,0,0,0.0
47.49430084,2085.280029,4.506909847,67.78420258,39.72499847,2.29163003,51.41749954,2103.669922,4.945799828,49.86740112,36.03490067,1.571280003,215.3650055,97.66519928,136.7890015,198.1199951,107.2750015,40.65140152,0,0,0,1,0.0
41.1731987,2105.949951,4.653900146,66.87650299,39.70809937,2.247849941,45.94260025,2100.370117,5.100230217,50.34140015,37.24700165,1.504289985,209.6210022,99.6792984,133.8419952,197.5890045,109.1169968,39.91759872,1,0,0,0,0.0
42.1413002,1945.359985,4.482880116,67.04029846,40.41910172,2.129189968,48.30649948,1980.52002,4.877160072,50.78630066,36.47190094,1.482439995,219.9810028,89.51920319,137.2810059,209.7220001,104.4850006,43.98350143,1,0,0,0,0.0
37.86249924,1943.810059,4.015910149,70.26460266,41.69290161,2.098939896,45.0965004,1967.319946,4.898240089,57.63270187,38.88570023,1.617259979,230.2559967,101.086998,42.0821991,233.1860046,115.5279999,41.99760056,1,0,0,0,28.2
40.73379898,1920.47998,4.55919981,66.73760223,40.28950119,2.103569984,46.68059921,1953.859985,4.876229763,50.6908989,36.25310135,1.48845005,219.8659973,86.54869843,136.6779938,214.2299957,104.2850037,43.95360184,1,0,0,0,0.0
41.88199997,2164.879883,4.596350193,65.21730042,41.58560181,5.704500198,50.00139999,2183.600098,4.835579872,48.50569916,37.90879822,1.969740033,239.7830048,100.8980026,36.93790054,209.2810059,112.0889969,31.36260033,1,0,0,0,0.0
39.64279938,1914.380005,4.60503006,67.43969727,40.30979919,2.139889956,45.04560089,1943.290039,4.87361002,50.52050018,36.5970993,1.500730038,220.1670074,82.27909851,136.1459961,216.6499939,103.5189972,43.94850159,1,0,0,0,0.0
46.30270004,1929.140015,4.303209782,68.27420044,40.14009857,1.976310015,52.61500168,1965.050049,4.800000191,51.55739975,35.94240189,1.484419942,222.2369995,89.23120117,134.3630066,209.5709991,104.8089981,47.28359985,1,0,0,0,28.2
50.43759918,1931.959961,4.274720192,65.56439972,41.46920013,1.937880039,54.05670166,1955.359985,4.67802,53.43930054,36.05279922,1.622050047,245.5390015,96.2664032,43.34049988,223.7559967,106.6360016,37.99290085,1,0,0,0,0.0
60.65750122,1897.839966,4.057400227,64.33679962,39.45090103,1.681270003,64.67079926,1920.709961,4.798260212,50.07289886,34.07949829,1.462069988,220.4530029,84.90329742,131.2400055,203.572998,100.7399979,46.15610123,1,0,0,0,16.9
51.42979813,1884.959961,4.197179794,65.89320374,39.24489975,1.743450046,58.22069931,1928.920044,4.760660172,51.25159836,34.90129852,1.48853004,223.5559998,87.91329956,132.8410034,212.3789978,104.5540009,48.71900177,0,0,0,1,0.0
41.1228981,2103.01001,4.597700119,68.58999634,39.7580986,2.516279936,46.37360001,2118.139893,5.092209816,50.83639908,37.27600098,1.50556004,210.2079926,100.8949966,139.7030029,193.5220032,108.1589966,40.26530075,0,0,0,1,0.0
38.46089935,2008.079956,4.520800114,67.08119965,42.29150009,2.644690037,43.89759827,2013.180054,4.935870171,53.33980179,39.34989929,1.620460033,233.9369965,94.79720306,43.48400116,223.5319977,109.8450012,41.63629913,1,0,0,0,22.5
37.26070023,2157.320068,4.484149933,66.45800018,42.61989975,3.674200058,43.32030106,2150.75,4.897250175,51.26789856,39.46450043,1.863180041,230.4160004,102.9039993,38.51200104,213.2839966,116.0350037,38.66960144,1,0,0,0,16.9
43.2220993,2222.48999,4.542290211,71.41660309,39.88339996,2.426759958,47.04330063,2234.699951,4.953400135,49.53239822,36.33539963,1.556439996,215.6920013,107.137001,143.7189941,189.3000031,109.9710007,40.75960159,0,0,0,1,0.0
45.16870117,1956.52002,4.249149799,70.18099976,40.40940094,2.0618999,51.13209915,1986.829956,4.794909954,52.41030121,36.6230011,1.48593998,223.5500031,90.93379974,133.9450073,209.5099945,105.9919968,47.45240021,1,0,0,0,28.2
34.38840103,2179.060059,4.678800106,65.92340088,42.65209961,3.43234992,39.27149963,2137.129883,4.907879829,51.7010994,40.75500107,1.833999991,229.3800049,104.7099991,38.51010132,213.279007,118.3710022,38.74810028,1,0,0,0,16.9
40.44150162,1917.380005,4.596409798,67.15039825,40.2643013,2.119780064,45.93220139,1946.97998,4.87473011,50.52180099,36.34700012,1.496770024,219.8880005,83.74490356,136.5370026,215.8070068,103.7539978,43.9516983,1,0,0,0,0.0
38.88130188,1980.52002,4.349209785,65.43810272,40.9917984,2.354439974,45.95259857,1994.630005,4.986629963,54.80400085,38.30080032,1.647040009,226.8630066,98.47160339,40.9878006,231.548996,115.0830002,41.56669998,0,0,0,1,0.0
41.46260071,2162.840088,4.619520187,65.00630188,41.56990051,5.586070061,49.44630051,2182.310059,4.835959911,48.69609833,38.01089859,1.967839956,239.4279938,101.2839966,36.89619827,209.1990051,112.4140015,31.3477993,1,0,0,0,0.0
49.01390076,1932.829956,4.166110039,69.16970062,39.51319885,1.948819995,55.37060165,1964.47998,4.751399994,52.91070175,35.7519989,1.50387001,225.727005,92.99279785,133.8350067,215.1970062,107.512001,49.06719971,1,0,0,0,0.0
49.4192009,2062.590088,4.523039818,64.97440338,41.6697998,4.662419796,55.83359909,2085.110107,4.941289902,48.66030121,36.60189819,1.764600039,240.7310028,94.7634964,39.54510117,211.4160004,106.6419983,33.48020172,0,0,0,1,28.2
49.67829895,2034.969971,4.4573102,67.32369995,39.86999893,2.061389923,54.61989975,2059.570068,5.059169769,50.09260178,35.80289841,1.481729984,214.375,93.96399689,137.6170044,200.8820038,104.5370026,42.49349976,0,0,0,1,22.5
43.30319977,2008.540039,4.531670094,67.62069702,39.90269852,2.288919926,49.00260162,2040.160034,5.059720039,50.61050034,36.49860001,1.49240005,214.2200012,94.34459686,139.3639984,201.3070068,105.1959991,42.53340149,1,0,0,0,22.5
47.34939957,1975.579956,4.442629814,67.15940094,40.27859879,2.066800117,52.99340057,2006.069946,4.878620148,50.39360046,35.74110031,1.480990052,218.9839935,91.13790131,138.7610016,205.7089996,103.9749985,44.01380157,1,0,0,0,0.0
50.33480072,2036.219971,4.453360081,67.30149841,39.87210083,2.046370029,55.19630051,2060.0,5.058959961,50.05899811,35.77700043,1.481330037,214.3869934,93.85340118,137.4850006,200.845993,104.4700012,42.49240112,0,0,0,1,22.5
40.55139923,1942.579956,3.941220045,69.29679871,42.21889877,1.729179978,48.94380188,1958.469971,4.752590179,60.09820175,38.35549927,1.611520052,232.2870026,103.185997,42.06159973,238.848999,112.9309998,42.55350113,1,0,0,0,0.0
45.88159943,1903.540039,4.346930027,66.81580353,39.9394989,1.884469986,52.6393013,1945.02002,4.803060055,51.16249847,35.46110153,1.482319951,221.6230011,87.93270111,133.9450073,212.2539978,104.3840027,47.17639923,1,0,0,0,28.2
44.18259811,1951.829956,4.372849941,66.40319824,41.8042984,1.937250018,49.52119827,1962.869995,4.767250061,54.80070114,37.8470993,1.475929976,236.0579987,95.66030121,44.60409927,225.8679962,108.5139999,42.71730042,1,0,0,0,0.0
48.99810028,2054.639893,4.514510155,67.21690369,39.60449982,2.074389935,54.14039993,2085.97998,5.083620071,49.9557991,35.89799881,1.490890026,211.6679993,95.82260132,135.4219971,198.3549957,106.302002,40.27700043,0,0,0,1,0.0
37.47829819,2075.409912,4.553380013,68.89350128,41.8647995,3.035470009,43.42100143,2075.280029,4.878039837,53.83229828,38.92279816,1.67437005,222.572998,100.7220001,121.7460022,218.279007,114.2060013,46.90039825,0,0,0,1,0.0
45.01139832,1892.099976,4.396160126,66.04000092,39.81800079,1.834550023,52.00260162,1935.400024,4.804820061,51.01530075,35.13010025,1.480200052,221.371994,87.35810089,133.6380005,215.5950012,104.4560013,47.12070084,1,0,0,0,28.2
36.33179855,2188.76001,4.500639915,71.01650238,42.37440109,3.654000044,41.37950134,2182.629883,4.966460228,52.28440094,39.42010117,1.70520997,224.8070068,106.887001,141.6100006,206.3500061,117.0240021,48.90019989,0,0,0,1,0.0
47.17250061,2115.01001,4.523290157,65.4776001,41.55530167,6.083720207,54.96649933,2132.969971,4.829170227,48.11330032,37.01720047,1.911239982,241.7610016,97.7609024,37.25699997,210.4470062,109.6959991,31.53639984,1,0,0,0,0.0
43.74380112,1950.0,4.159239769,67.82250214,41.97050095,1.91395998,49.90480042,1962.310059,4.753439903,56.83739853,37.91030121,1.598839998,231.3300018,100.0510025,41.65430069,228.9869995,113.2099991,42.28710175,1,0,0,0,0.0
43.43849945,2198.439941,4.52658987,70.86689758,39.86980057,2.486609936,47.50759888,2212.659912,4.951340199,50.05400085,36.5442009,1.563650012,215.2709961,105.5599976,143.8959961,189.5910034,109.1330032,40.81420135,0,0,0,1,0.0
40.64849854,1947.77002,4.022620201,70.1812973,42.37490082,1.917189956,48.18069839,1964.319946,4.792399883,57.98080063,38.42139816,1.618139982,229.878006,101.1380005,42.97850037,232.3710022,112.9280014,41.56579971,0,0,0,1,0.0
44.75730133,1885.73999,4.552120209,64.56960297,39.52529907,1.722319961,51.79430008,1924.599976,4.807509899,50.78620148,33.86579895,1.464480042,220.9069977,87.56210327,132.6660004,226.6649933,105.3840027,46.99300003,1,0,0,0,28.2
36.22169876,2154.820068,4.518569946,66.51809692,42.64030075,3.648610115,41.99969864,2141.439941,4.89921999,51.60150146,39.83440018,1.851140022,230.2489929,103.1910019,38.56079865,214.1699982,116.6780014,38.72729874,1,0,0,0,16.9
53.39070129,1916.119995,4.336629868,64.82939911,41.37739944,1.827839971,55.82720184,1938.969971,4.677609921,52.37950134,35.51250076,1.593979955,245.1990051,94.270401,43.19620132,220.0780029,105.5469971,37.86780167,1,0,0,0,0.0
45.31029892,2130.610107,4.52602005,64.91970062,41.4477005,4.736010075,53.10250092,2152.899902,4.971570015,47.89979935,37.09500122,1.851199985,237.2279968,96.05609894,36.7016983,207.7429962,108.4980011,31.12100029,1,0,0,0,0.0
41.07389832,2051.73999,4.462170124,66.71099854,42.18980026,3.442610025,47.26890182,2056.709961,4.885509968,52.29639816,38.35649872,1.768790007,238.75,98.84649658,40.91130066,219.8800049,112.8050003,38.29320145,1,0,0,0,22.5
47.92369843,1942.140015,4.134870052,69.98629761,39.56669998,1.984210014,54.31620026,1972.22998,4.747859955,53.5890007,35.98089981,1.508180022,226.625,94.91459656,133.6049957,217.0500031,108.6620026,49.18980026,1,0,0,0,0.0
51.11740112,1927.109985,4.126810074,67.22299957,39.87730026,1.810299993,57.75320053,1954.380005,4.796370029,53.5617981,35.75550079,1.496369958,222.6239929,92.8219986,133.5950012,217.5140076,104.6949997,46.51179886,1,0,0,0,16.9
33.56600189,2005.52002,4.528130054,68.61070251,42.28889847,2.525269985,38.58010101,1990.939941,4.85668993,53.71780014,41.14039993,1.644129992,231.0559998,93.01689911,40.96929932,227.9250031,115.8539963,41.53499985,1,0,0,0,22.5
52.71089935,1996.530029,4.415530205,66.22799683,41.22689819,3.416320086,56.2969017,2018.439941,4.646900177,49.31359863,35.97729874,1.698279977,247.6609955,93.89219666,42.2478981,215.8040009,107.1299973,39.78139877,0,0,0,1,0.0
45.72949982,2146.179932,4.501049995,65.92870331,41.61610031,6.295609951,54.01910019,2162.52002,4.831280231,47.83480072,37.21440125,1.947070003,241.6990051,98.67610168,37.19599915,210.1410065,110.2210007,31.48649979,1,0,0,0,0.0
42.61389923,2209.330078,4.548639774,70.77259827,39.88529968,2.513770103,46.65829849,2222.870117,4.952219963,49.87829971,36.60929871,1.574349999,215.4160004,106.3470001,142.9949951,190.095993,109.7809982,40.73270035,0,0,0,1,0.0
46.4272995,1972.810059,4.243130207,68.46320343,40.97269821,2.034699917,52.22230148,1969.579956,4.873159885,53.48839951,37.1935997,1.498589993,224.378006,93.43039703,108.8079987,216.447998,107.1520004,46.43759918,1,0,0,0,0.0
50.6216011,1904.52002,4.590270042,64.21600342,41.1548996,2.063380003,54.91830063,1932.369995,4.642590046,50.51390076,34.80889893,1.583580017,248.496994,91.31780243,42.47750092,217.496994,106.112999,40.05699921,1,0,0,0,0.0
43.02780151,1948.800049,4.136290073,68.13200378,42.01409912,1.890840054,49.52709961,1961.859985,4.754059792,57.2696991,38.03779984,1.601209998,231.4880066,100.4720001,41.7010994,230.2669983,113.3860016,42.32189941,1,0,0,0,0.0
40.84360123,1942.469971,3.909519911,69.84290314,42.42219925,1.727570057,49.37829971,1958.23999,4.788219929,59.94950104,38.31570053,1.619639993,230.2129974,102.4789963,43.17110062,236.8609924,111.487999,41.69680023,1,0,0,0,0.0
54.41759872,1906.390015,4.412340164,63.59569931,41.21969986,1.851590037,57.4720993,1926.949951,4.677800179,51.1427002,34.74720001,1.569440007,244.9539948,92.34580231,43.07089996,216.6529999,104.9759979,37.76380157,1,0,0,0,22.5
39.34859848,1960.26001,4.095359802,67.76589966,41.51269913,2.104039907,46.28300095,1975.579956,4.906549931,56.25270081,38.86600113,1.624459982,228.9660034,99.37840271,41.89239883,227.1519928,114.1320038,41.79499817,1,0,0,0,28.2
39.51679993,1968.02002,4.616970062,67.27799988,40.01900101,2.431940079,45.43799973,1996.280029,5.061039925,50.81750107,37.4701004,1.504390001,214.1100006,93.38230133,138.7420044,202.1150055,105.6360016,42.47470093,1,0,0,0,22.5
44.52030182,1943.599976,4.60600996,63.30139923,41.85240173,2.103909969,49.96500015,1978.98999,4.769420147,49.21080017,36.99150085,1.667109966,244.3280029,82.28970337,42.20149994,212.3399963,101.6429977,35.14260101,1,0,0,0,0.0
58.89310074,1890.290039,4.095449924,64.74649811,39.5245018,1.684470057,64.04239655,1920.0,4.800640106,50.7582016,34.43460083,1.475469947,220.6100006,85.27110291,131.7870026,207.3990021,101.1709976,46.21699905,1,0,0,0,16.9
52.6385994,1919.859985,4.324110031,65.01390076,41.40280151,1.847190022,55.3506012,1943.050049,4.677969933,52.62919998,35.65750122,1.601889968,245.2949982,94.6957016,43.23189926,220.9900055,105.8079987,37.89730072,1,0,0,0,0.0
33.76350021,1943.52002,4.219880104,71.01940155,41.93529892,2.136539936,40.04449844,1968.900024,4.96875,55.86000061,40.24069977,1.596779943,229.7019958,92.50990295,41.38669968,230.9869995,116.2170029,41.84209824,1,0,0,0,0.0
54.45080185,1928.939941,4.269330025,66.92030334,39.36149979,1.838150024,60.10160065,1961.339966,4.76541996,50.20069885,35.01070023,1.487990022,222.0469971,87.82759857,135.4869995,208.1580048,103.8529968,48.60200119,0,0,0,1,0.0
49.98849869,1968.52002,4.54073,65.31539917,41.75719833,2.72694993,53.90330124,1996.939941,4.689089775,49.38259888,36.01679993,1.667899966,246.2070007,89.96050262,41.57440186,212.8880005,104.7210007,38.30609894,1,0,0,0,16.9
42.35509872,1947.01001,4.108109951,68.45960236,42.05709839,1.863690019,49.21569824,1961.069946,4.75440979,57.74330139,38.14310074,1.603139997,231.6660004,100.9649963,41.7560997,231.727005,113.538002,42.36159897,1,0,0,0,0.0
35.65629959,2033.900024,4.578539848,67.80680084,42.7439003,3.032969952,41.57339859,2031.410034,4.865089893,53.00379944,39.8553009,1.715250015,229.7489929,98.72470093,39.10649872,220.1119995,114.9189987,40.38339996,0,0,0,1,0.0
46.10900116,2066.149902,4.545740128,64.1187973,41.58589935,3.523250103,52.95569992,2091.969971,4.946380138,48.46780014,36.82749939,1.780689955,240.0110016,91.62310028,39.52780151,209.2359924,105.5189972,33.45740128,1,0,0,0,28.2
52.68870163,1988.939941,4.424119949,66.07499695,41.21490097,3.248840094,56.15950012,2011.48999,4.646510124,49.40480042,35.9231987,1.690240026,247.6640015,93.48249817,42.26039886,215.673996,106.939003,39.80369949,1,0,0,0,0.0
51.61740112,1922.910034,4.01199007,68.89720154,40.03499985,1.877779961,58.20220184,1947.780029,4.65929985,55.0143013,36.23270035,1.543900013,223.0630035,92.3368988,136.4369965,219.477005,104.5210037,52.64709854,1,0,0,0,0.0
34.04589844,2005.579956,4.493000031,68.44930267,42.62749863,2.492789984,39.08069992,1992.709961,4.935170174,53.89390182,41.00619888,1.626350045,233.003006,93.70909882,43.25439835,225.2700043,114.1210022,41.7256012,1,0,0,0,22.5
38.72040176,1936.869995,3.916340113,70.74900055,42.15230179,1.752570033,47.33449936,1961.369995,4.75206995,59.58760071,37.93389893,1.597309947,233.4160004,109.9759979,42.14569855,245.4830017,117.2990036,42.59999847,1,0,0,0,0.0
53.92219925,1954.369995,4.428299904,64.73130035,41.40570068,2.652800083,56.3431015,1977.849976,4.685830116,50.06240082,35.63740158,1.645699978,245.3379974,92.48100281,42.93080139,216.2369995,105.1930008,37.57550049,1,0,0,0,22.5
41.01739883,2162.820068,4.640900135,64.82499695,41.55830002,5.482520103,48.87409973,2182.879883,4.836400032,48.86970139,38.1242981,1.968179941,239.0809937,101.7740021,36.85039902,209.0839996,112.7839966,31.3307991,1,0,0,0,0.0
41.59370041,1941.780029,3.953730106,69.83000183,42.3844986,1.750450015,49.86859894,1957.839966,4.7895298,59.22790146,38.23130035,1.617259979,230.0,101.5559998,43.09790039,234.3209991,111.6869965,41.63330078,0,0,0,1,0.0
50.36790085,1939.660034,4.351009846,67.13829803,39.92819977,1.922909975,56.27719879,1973.939941,4.806600094,50.30479813,35.27289963,1.482200027,220.397995,88.87460327,136.0110016,207.2129974,103.6500015,47.09749985,1,0,0,0,28.2
36.64690018,2019.22998,4.556429863,68.09140015,41.80329895,2.683259964,42.56000137,2016.5,4.847760201,53.75749969,38.77740097,1.667979956,231.220993,96.68740082,40.82630157,232.7749939,114.9860001,41.45489883,0,0,0,1,22.5
53.77519989,1916.869995,4.099229813,67.14510345,39.88990021,1.775550008,60.34389877,1942.180054,4.795129776,53.7071991,35.67139816,1.497269988,222.6439972,91.68370056,132.727005,217.7839966,104.1800003,46.49029922,1,0,0,0,0.0
49.98550034,2032.0,4.51019001,65.2492981,42.11940002,3.838959932,55.22520065,2054.01001,4.761099815,48.92710114,36.38180161,1.727480054,244.9579926,92.83830261,42.01589966,212.7400055,105.5859985,35.07839966,1,0,0,0,0.0
48.54169846,1947.589966,4.267089844,65.80619812,41.50379944,2.177700043,53.07939911,1971.430054,4.679299831,53.44110107,36.27199936,1.642480016,245.7570038,96.91819763,43.354599,224.5070038,107.0970001,38.00180054,0,0,0,1,22.5
43.29769897,1959.910034,4.089759827,65.16500092,41.11259842,2.153539896,50.08589935,1980.209961,4.912390232,54.42699814,38.04029846,1.623049974,227.5619965,97.64279938,41.72809982,219.5090027,112.2990036,41.61090088,0,0,0,1,28.2
35.34730148,2028.199951,4.514190197,68.48609924,42.03630066,2.591629982,40.79750061,2014.130005,4.851860046,54.13470078,39.83639908,1.66621995,231.1629944,97.47019958,40.88679886,229.9069977,116.0100021,41.51449966,1,0,0,0,22.5
51.90869904,1869.920044,4.170090199,64.8105011,39.14390182,1.669939995,59.09820175,1920.880005,4.763169765,50.97029877,34.72129822,1.484689951,223.1519928,87.32990265,132.2949982,211.6320038,104.0049973,48.64889908,1,0,0,0,0.0
47.38750076,2067.939941,4.533810139,64.70439911,41.64789963,4.175549984,54.05419922,2092.409912,4.94411993,48.50189972,36.72079849,1.776800036,240.3919983,93.45739746,39.53269958,210.4620056,106.2170029,33.46429825,1,0,0,0,28.2
45.97180176,1941.130005,4.322259903,68.19660187,42.56159973,1.967720032,50.72489929,1947.109985,4.700190067,55.3404007,37.4905014,1.44817996,241.9100037,96.25650024,45.72340012,227.5630035,108.4369965,44.39260101,1,0,0,0,0.0
47.80590057,1951.589966,4.239910126,66.03579712,41.52610016,2.221899986,52.69480133,1975.099976,4.67869997,53.8368988,36.39889908,1.647320032,245.8339996,97.77449799,43.40470123,225.7640076,107.4700012,38.04790115,0,0,0,1,22.5
60.26300049,1944.27002,4.223659992,66.88559723,39.71170044,1.874070048,65.00749969,1967.410034,4.806439877,50.32820129,35.08470154,1.487480044,219.7100067,87.7845993,135.9080048,208.201004,102.4089966,46.27199936,0,0,0,1,0.0
44.28120041,1950.900024,4.175179958,67.59729767,41.93730164,1.933940053,50.19179916,1962.719971,4.752900124,56.50770187,37.80739975,1.596989989,231.2129974,99.75669861,41.62080002,228.0720062,113.0780029,42.26160049,1,0,0,0,0.0
47.90999985,1934.880005,4.102759838,66.80999756,40.7560997,1.857300043,54.79050064,1940.339966,4.843770027,55.39530182,36.97510147,1.48901999,227.095993,93.14589691,45.27949905,228.5059967,107.3430023,43.94390106,0,0,0,1,0.0
56.69229889,1909.680054,4.331069946,64.50240326,41.29100037,1.875669956,57.56689835,1930.050049,4.671989918,51.53519821,35.09270096,1.557319999,244.5449982,93.38169861,43.0143013,215.8860016,104.2679977,37.73830032,1,0,0,0,0.0
55.16239929,1947.920044,4.273739815,67.5306015,39.41320038,1.877140045,60.48880005,1976.449951,4.765759945,50.11899948,35.12870026,1.48913002,221.8990021,88.75250244,136.2449951,207.3899994,104.1029968,48.61130142,0,0,0,1,0.0
35.97900009,2029.410034,4.538040161,68.22290039,41.91329956,2.684809923,41.68740082,2020.780029,4.849999905,53.93310165,39.29570007,1.671910048,231.154007,97.58879852,40.84180069,231.1560059,115.5889969,41.47669983,0,0,0,1,22.5
44.52180099,1964.420044,4.123539925,68.78910065,42.25310135,2.041199923,50.98490143,1972.349976,4.794539928,55.75500107,38.03390121,1.621109962,228.4559937,97.05460358,42.81280136,223.4389954,110.901001,41.32820129,0,0,0,1,0.0
38.64599991,2115.620117,4.525559902,67.6427002,42.5780983,4.462580204,44.76670074,2117.209961,4.936920166,51.20019913,39.25839996,1.859179974,237.1439972,100.2949982,40.30039978,217.4750061,113.5930023,37.64229965,1,0,0,0,16.9
52.43030167,2014.97998,4.395699978,67.76170349,40.36429977,2.0207901,57.18149948,2037.180054,4.878749847,50.07229996,35.62559891,1.476699948,218.7169952,92.02330017,138.9530029,203.2960052,103.7180023,44.02149963,0,0,0,1,0.0
35.60509872,2027.099976,4.492090225,68.00450134,42.4864006,2.574340105,40.75619888,2012.800049,4.935190201,53.98970032,40.31340027,1.639359951,233.1840057,96.80039978,43.27199936,224.4980011,113.4860001,41.69660187,1,0,0,0,22.5
32.65930176,1973.050049,4.515880108,68.73049927,42.41070175,2.539289951,38.19950104,1982.709961,4.855559826,53.6283989,41.68209839,1.634789944,231.2940063,89.67340088,41.09189987,229.3079987,115.1679993,41.57429886,1,0,0,0,22.5
45.21889877,2073.110107,4.549139977,63.42839813,41.50930023,3.023839951,52.53020096,2098.399902,4.948840141,48.44380188,36.93769836,1.793990016,239.5890045,90.27330017,39.5019989,207.7449951,105.0230026,33.44599915,1,0,0,0,28.2
51.73189926,1924.839966,4.310229778,65.20770264,41.42860031,1.887709975,54.81110001,1948.319946,4.67828989,52.87739944,35.81110001,1.61074996,245.401001,95.18209839,43.26779938,221.9299927,106.1009979,37.92750168,1,0,0,0,0.0
44.58300018,2015.540039,4.510210037,67.53179932,39.88040161,2.22755003,50.15729904,2046.199951,5.059790134,50.48559952,36.26250076,1.488890052,214.2630005,94.3214035,138.923996,201.3880005,105.0559998,42.52159882,1,0,0,0,22.5
49.90280151,1938.339966,4.322450161,65.3259964,41.45640182,2.089400053,53.82030106,1962.869995,4.680349827,52.6772995,35.99819946,1.630460024,245.6130066,95.2390976,43.26129913,222.1089935,106.3590012,37.91419983,1,0,0,0,22.5
34.00419998,2184.060059,4.744029999,66.86650085,42.68600082,3.211610079,38.64250183,2133.360107,4.940460205,52.34230042,41.06069946,1.761360049,221.1060028,105.9830017,129.0509949,209.897995,118.7870026,48.25999832,0,0,0,1,16.9
53.87220001,1970.130005,4.413020134,64.9980011,41.43640137,2.945800066,56.41749954,1992.680054,4.68693018,49.86980057,35.79600143,1.664690018,245.3950043,93.11979675,42.90319824,216.4609985,105.5100021,37.54029846,1,0,0,0,22.5
42.23080063,2046.609985,4.546820164,66.68190002,40.08980179,2.331500053,46.6753006,2028.430054,5.07638979,50.42160034,37.50469971,1.486170053,213.7929993,94.02089691,134.3350067,203.4400024,105.887001,42.26860046,1,0,0,0,22.5
43.19210052,2086.73999,4.553120136,68.72049713,39.70980072,2.440119982,48.49399948,2114.790039,5.086730003,50.59479904,36.72359848,1.499169946,210.9850006,99.52010345,140.0110016,194.4960022,107.2789993,40.36989975,0,0,0,1,0.0
44.4858017,2180.949951,4.484230042,65.00559998,41.51210022,4.322259903,51.75180054,2195.639893,4.972280025,47.36750031,37.20330048,1.875079989,236.8249969,98.06999969,36.57849884,204.6940002,108.7829971,31.05480003,1,0,0,0,0.0
51.4858017,2043.040039,4.484509945,65.64859772,42.16379929,4.358870029,56.70220184,2062.459961,4.759960175,48.9192009,36.42309952,1.733890057,245.0449982,94.12779999,42.00099945,213.404007,106.1070023,35.06330109,0,0,0,1,0.0
50.51210022,2033.380005,4.502409935,65.35440063,42.13010025,3.958029985,55.68479919,2054.669922,4.760580063,48.95000076,36.36869812,1.727210045,244.9720001,93.21959686,42.01409912,212.947998,105.723999,35.07690048,0,0,0,1,0.0
59.41210175,1897.829956,4.158390045,65.13880157,39.54150009,1.731349945,64.65480042,1928.630005,4.80411005,50.32460022,34.52550125,1.479799986,220.0310059,84.77300262,133.1269989,207.2649994,101.1719971,46.20589828,1,0,0,0,16.9
37.56209946,2080.939941,4.463749886,64.27529907,41.32300186,2.820669889,44.37599945,2078.780029,4.991539955,52.85960007,39.39030075,1.824219942,226.4929962,97.10510254,40.65639877,217.5749969,112.6080017,40.74409866,1,0,0,0,0.0
35.00429916,2057.879883,4.581610203,67.76979828,42.76639938,3.043299913,40.56359863,2044.550049,4.86841011,53.13639832,40.20830154,1.719200015,229.6809998,99.73390198,39.17169952,220.3220062,115.862999,40.42139816,0,0,0,1,0.0
38.7201004,1956.209961,4.083459854,68.40200043,41.58000183,2.094890118,45.71900177,1973.060059,4.904739857,56.6006012,38.95050049,1.622310042,229.2960052,99.64309692,41.93909836,228.7890015,114.4990005,41.8423996,0,0,0,1,28.2
64.6548996,1899.47998,4.117539883,66.56189728,39.79629898,1.758350015,69.8117981,1915.47998,4.799280167,50.96709824,34.47470093,1.494449973,220.0599976,80.3483963,131.2769928,206.4259949,98.61430359,46.18590164,1,0,0,0,0.0
37.63819885,2178.590088,4.524990082,68.16049957,42.83039856,5.050469875,44.69039917,2176.340088,4.964330196,50.48770142,39.38869858,2.006789923,237.1150055,104.7089996,36.64300156,214.4869995,120.2570038,35.67580032,1,0,0,0,0.0
54.98839951,1955.380005,4.397940159,64.93920135,41.4178009,2.681839943,56.92079926,1977.660034,4.684949875,50.27180099,35.67229843,1.64605999,245.2519989,93.23590088,42.94229889,216.9019928,105.3850021,37.58280182,1,0,0,0,0.0
50.82429886,2038.699951,4.494520187,65.48739624,42.14569855,4.141499996,56.05970001,2059.159912,4.760389805,48.92290115,36.39659882,1.731469989,245.0090027,93.64320374,42.00709915,213.1170044,105.9059982,35.0707016,0,0,0,1,0.0
35.2154007,2049.97998,4.576869965,67.80269623,42.75939941,3.044509888,40.91379929,2040.630005,4.867209911,53.13190079,40.08530045,1.718140006,229.7220001,99.47350311,39.1568985,220.3630066,115.5690002,40.41350174,0,0,0,1,0.0
55.84980011,1970.98999,4.276130199,68.14320374,39.45830154,1.910820007,60.79169846,1995.589966,4.766530037,49.97949982,35.24079895,1.489650011,221.6629944,90.03500366,137.0809937,206.7359924,104.4599991,48.61199951,0,0,0,1,0.0
53.90930176,1977.280029,4.405020237,65.12359619,41.45000076,3.093980074,56.50989914,1999.27002,4.68735981,49.78499985,35.86009979,1.672770023,245.4179993,93.46959686,42.89110184,216.6119995,105.6669998,37.52339935,1,0,0,0,22.5
42.10570145,1975.5,4.375440121,66.51180267,42.1833992,2.294460058,48.19070053,1982.670044,4.830349922,54.85359955,37.85290146,1.623839974,235.8079987,99.21340179,42.12120056,226.9609985,115.0019989,42.50690079,1,0,0,0,28.2
35.73770142,2028.890015,4.523920059,68.35140228,41.96749878,2.638000011,41.35699844,2018.040039,4.850679874,54.07149887,39.52149963,1.669720054,231.1730042,97.68060303,40.86539841,230.6699982,115.7890015,41.49710083,0,0,0,1,22.5
44.31299973,2128.929932,4.534420013,68.93849945,39.78939819,2.388499975,48.40010071,2145.939941,4.948050022,49.96969986,36.37409973,1.570340037,215.3439941,100.9589996,139.5379944,195.2550049,108.1910019,40.69300079,0,0,0,1,0.0
33.94229889,2209.290039,4.852479935,65.98940277,42.64860153,2.731529951,38.45330048,2145.080078,4.944610119,52.00239944,41.28720093,1.758710027,220.9069977,107.586998,126.9339981,208.8820038,119.6610031,48.09579849,0,0,0,1,16.9
35.50149918,1965.290039,4.269499779,68.98090363,41.60329819,2.254729986,41.83300018,1977.829956,4.974639893,55.77360153,39.80369949,1.62804997,228.7389984,96.43769836,41.25139999,231.8959961,116.1119995,41.77700043,1,0,0,0,0.0
35.6617012,2157.080078,4.546710014,66.47480011,42.64889908,3.641839981,41.2480011,2138.75,4.900770187,51.68709946,40.05369949,1.846320033,230.1040039,103.4140015,38.56869888,214.3179932,117.060997,38.74549866,1,0,0,0,16.9
50.15650177,2062.189941,4.519569874,65.02680206,41.6739006,4.80904007,56.50040054,2083.73999,4.940310001,48.70299911,36.59189987,1.761690021,240.871994,95.13400269,39.54669952,211.6190033,106.7570038,33.48389816,1,0,0,0,28.2
39.75960159,2100.530029,4.644579887,66.09359741,40.39220047,2.967519999,44.84199905,2105.26001,5.081540108,50.43809891,38.12760162,1.642580032,214.1730042,98.71479797,116.3590012,202.8130035,110.3639984,39.07490158,1,0,0,0,0.0
44.2519989,2003.560059,4.521749973,65.58699799,42.33209991,3.109920025,49.79629898,2030.880005,4.761760235,49.6487999,37.46519852,1.694090009,244.7079926,90.39649963,42.25170135,214.878006,105.7679977,35.21300125,1,0,0,0,0.0
36.8973999,2014.550049,4.565790176,68.04180145,41.76119995,2.670949936,42.86029816,2013.75,4.846960068,53.66120148,38.58539963,1.66542995,231.2409973,96.1969986,40.81940079,233.375,114.7409973,41.44540024,0,0,0,1,22.5
43.31259918,1992.920044,4.417319775,65.44860077,41.53419876,2.221329927,48.76119995,2002.869995,4.845149994,54.08359909,37.97460175,1.646880031,234.1159973,96.79440308,41.79000092,221.1679993,109.8180008,39.93999863,1,0,0,0,28.2
40.17760086,1992.75,4.565710068,68.45429993,43.28559875,2.519439936,45.10160065,2001.859985,4.877799988,54.23410034,38.76089859,1.614750028,240.6840057,98.12449646,42.73929977,226.1349945,113.026001,41.12360001,1,0,0,0,0.0
35.70000076,2179.48999,4.484320164,69.32720184,43.58089828,5.017409801,42.00799942,2166.780029,4.870259762,51.05479813,40.01070023,1.907320023,238.4839935,105.875,39.68209839,218.6109924,119.887001,38.98180008,1,0,0,0,0.0
34.66989899,2191.399902,4.556220055,68.59690094,43.5080986,4.864500046,40.68270111,2173.419922,4.874199867,51.15409851,40.32569885,1.905179977,237.4880066,106.4749985,39.61920166,217.2510071,120.2340012,38.98699951,1,0,0,0,0.0
54.3451004,1926.910034,4.445630074,64.20880127,41.33660126,2.222779989,56.72330093,1950.51001,4.682819843,50.43289948,35.23519897,1.606600046,245.2070007,91.84700012,42.98180008,216.0310059,104.7789993,37.64120102,1,0,0,0,22.5
42.95270157,2136.949951,4.647940159,64.49700165,41.42129898,4.496049881,49.9048996,2131.389893,4.984749794,48.57569885,37.77629852,1.803650022,234.3119965,98.03099823,36.43170166,207.6929932,110.3730011,30.99869919,1,0,0,0,0.0
38.12440109,1957.630005,4.193789959,69.45680237,42.40570068,2.127579927,44.9836998,1972.27002,4.828390121,56.96630096,38.91640091,1.621780038,235.6210022,100.3479996,42.31510162,233.0350037,116.0780029,42.70259857,1,0,0,0,28.2
35.90140152,2121.379883,4.519390106,69.07659912,42.69150162,3.482490063,41.61339951,2115.939941,4.930349827,53.80500031,40.07839966,1.730229974,219.8370056,104.8590012,140.1040039,207.7420044,116.2440033,48.9219017,0,0,0,1,16.9
44.68519974,1977.920044,4.340109825,68.71769714,42.07220078,2.856040001,49.7845993,2004.459961,4.678730011,51.91279984,37.19469833,1.669549942,246.8890076,92.67849731,41.75439835,216.6970062,107.8980026,38.85449982,1,0,0,0,16.9
50.33649826,2002.640015,4.410289764,67.5714035,40.33190155,2.044500113,55.45899963,2028.130005,4.878779888,50.19689941,35.66049957,1.478090048,218.8390045,91.95230103,139.0099945,203.8139954,103.8349991,44.02289963,0,0,0,1,0.0
36.0625,2028.560059,4.49421978,67.83509827,42.44879913,2.612679958,41.31919861,2017.209961,4.935200214,53.94350052,40.12519836,1.64064002,233.2839966,97.082901,43.29570007,224.3480072,113.0350037,41.68579865,1,0,0,0,22.5
41.08480072,2105.25,4.629330158,67.6190033,39.71829987,2.338579893,45.99229813,2109.560059,5.096419811,50.43889999,37.15219879,1.503039956,210.0110016,100.0599976,136.1609955,196.4019928,108.6989975,40.06330109,0,0,0,1,0.0
56.12350082,1976.27002,4.275109768,68.2786026,39.4673996,1.915159941,60.96120071,1999.920044,4.766739845,49.93790054,35.25939941,1.489670038,221.5890045,90.33270264,137.2409973,206.6360016,104.5390015,48.60860062,0,0,0,1,0.0
43.9552002,2071.419922,4.572919846,64.1257019,41.64070129,3.371469975,50.26919937,2078.879883,4.954229832,48.69240189,37.40019989,1.764660001,238.8159943,91.73709869,39.50009918,209.6529999,106.0019989,33.45859909,1,0,0,0,28.2
41.07989883,2115.169922,4.681799889,66.39199829,39.71920013,2.200309992,45.70610046,2099.48999,5.104129791,50.30379868,37.44979858,1.506539941,209.2019958,99.9720993,132.2709961,197.8619995,109.6529999,39.80110168,1,0,0,0,0.0
35.24689865,2131.47998,4.552410126,68.69619751,42.7010994,3.524250031,40.75320053,2118.570068,4.93170023,53.50699997,40.30099869,1.739120007,220.3710022,104.7969971,137.0829926,209.1049957,116.8180008,48.76229858,0,0,0,1,16.9
40.94459915,2017.430054,4.559400082,67.38379669,39.98500061,2.377520084,46.3757019,2031.77002,5.06637001,50.69459915,37.09420013,1.493059993,214.0059967,94.45980072,138.0429993,202.1459961,105.6819992,42.44660187,1,0,0,0,22.5
51.29750061,1951.400024,4.342860222,67.47969818,39.96379852,1.941529989,56.97539902,1983.22998,4.806600094,50.24720001,35.31560135,1.48229003,220.3269958,89.30840302,136.3619995,206.1340027,103.6460037,47.10440063,1,0,0,0,28.2
42.45700073,2077.570068,4.614970207,64.58200073,41.7961998,3.878050089,47.32630157,2041.930054,4.966939926,49.38869858,38.47280121,1.714280009,236.8150024,94.09410095,39.45629883,212.0420074,107.7580032,33.48289871,0,0,0,1,28.2
58.06570053,1946.719971,4.244009972,66.7806015,39.68709946,1.890849948,62.96149826,1972.099976,4.807240009,50.22700119,35.10469818,1.486629963,219.7180023,88.09220123,136.352005,207.8509979,102.6210022,46.28350067,0,0,0,1,16.9
42.14199829,2148.530029,4.491509914,70.83609772,39.84420013,2.873620033,47.88840103,2173.419922,5.089220047,52.16849899,37.71009827,1.51631999,209.4490051,104.3970032,148.6690063,183.6660004,107.2279968,40.72019958,0,0,0,1,0.0
47.98989868,2082.449951,4.558400154,64.92939758,41.41770172,5.282169819,55.77289963,2112.290039,4.966750145,48.39789963,36.81349945,1.801720023,237.9889984,96.3635025,36.79309845,209.8179932,108.6070023,31.20630074,1,0,0,0,0.0
49.38280106,2030.23999,4.51967001,65.11830139,42.10599899,3.693690062,54.69400024,2053.129883,4.761769772,48.90119934,36.40769958,1.727759957,244.9369965,92.334198,42.01800156,212.4869995,105.4049988,35.07960129,1,0,0,0,0.0
36.68470001,2146.860107,4.60491991,70.07409668,42.24499893,3.464459896,41.81359863,2146.399902,5.019639969,51.65620041,39.21409988,1.682399988,223.6230011,106.5049973,135.8470001,204.7489929,118.7389984,45.28160095,0,0,0,1,0.0
45.39139938,1965.420044,4.130159855,68.60700226,42.22629929,2.054229975,51.70009995,1972.76001,4.794229984,55.41389847,37.8932991,1.620180011,228.2480011,96.48069763,42.80099869,222.1699982,110.5139999,41.29570007,0,0,0,1,0.0
36.62609863,2089.179932,4.487460136,64.79170227,41.45320129,2.920700073,42.98939896,2080.060059,4.990729809,52.95740128,39.73339844,1.813809991,226.6940002,98.3483963,40.64049911,218.1100006,113.6740036,40.75859833,1,0,0,0,0.0
47.27199936,1997.569946,4.577809811,64.29170227,42.01010132,2.796770096,52.4151001,2026.560059,4.764760017,48.99879837,36.54029846,1.705450058,244.7200012,88.52819824,42.07339859,211.7389984,103.9459991,35.10110092,1,0,0,0,0.0
46.22600174,2095.409912,4.516719818,68.07610321,39.7397995,2.31656003,50.24940109,2113.77002,4.946430206,49.90729904,36.13650131,1.570950031,215.3639984,98.4957962,137.4989929,197.5279999,107.5360031,40.65589905,0,0,0,1,0.0
43.77249908,1965.810059,4.25605011,65.98519897,40.8572998,2.172800064,50.32690048,1976.859985,4.886799812,54.45149994,37.41790009,1.604079962,225.121994,95.53510284,42.01589966,225.9080048,110.6790009,40.53379822,0,0,0,1,28.2
34.85029984,2029.380005,4.520989895,68.51129913,42.10549927,2.570219994,40.04050064,2010.560059,4.85379982,54.01440048,40.21340179,1.662700057,231.072998,96.85369873,40.88899994,228.8090057,116.1819992,41.51440048,1,0,0,0,22.5
48.04949951,2063.22998,4.53207016,64.7858963,41.6534996,4.296430111,54.57339859,2087.530029,4.943099976,48.57460022,36.65750122,1.770130038,240.4889984,93.79560089,39.54190063,210.8399963,106.3150024,33.47219849,1,0,0,0,28.2
43.9822998,2077.919922,4.564589977,62.80889893,41.45700073,2.591609955,51.44789886,2096.169922,4.953559875,48.56420135,37.19960022,1.797850013,238.798996,89.24279785,39.47340012,206.7559967,104.810997,33.44100189,1,0,0,0,28.2
43.92710114,2001.390015,4.511950016,65.81400299,42.38790131,3.165260077,49.4620018,2028.550049,4.761129856,49.80239868,37.63759995,1.688580036,244.6909943,90.57920074,42.29050064,215.5610046,106.0299988,35.23490143,1,0,0,0,0.0
40.05879974,1961.01001,4.622809887,67.27690125,40.02560043,2.431309938,46.16230011,1995.719971,5.058949947,50.80379868,37.44950104,1.506060004,214.1170044,94.14920044,139.4160004,200.8410034,105.6989975,42.50099945,0,0,0,1,22.5
34.7879982,2166.47998,4.617400169,66.23570251,42.6576004,3.549999952,39.94739914,2135.199951,4.904630184,51.75049973,40.48740005,1.837669969,229.7279968,103.9710007,38.55360031,214.0359955,117.8190002,38.76029968,1,0,0,0,16.9
42.87319946,2073.870117,4.607699871,64.5786972,41.77890015,3.851480007,47.89089966,2045.089966,4.964670181,49.31930161,38.27870178,1.718649983,237.1320038,93.91950226,39.46749878,211.9060059,107.5579987,33.48320007,1,0,0,0,28.2
42.48479843,2091.709961,4.552229881,69.13870239,39.75600052,2.574389935,48.01570129,2119.969971,5.086969852,50.99459839,37.07619858,1.504480004,210.654007,100.6299973,141.9160004,192.1159973,107.3290024,40.43989944,0,0,0,1,0.0
43.66960144,1962.709961,4.114140034,68.99479675,42.2798996,2.024940014,50.29570007,1971.52002,4.794700146,56.11389923,38.16339874,1.621580005,228.6790009,97.64550018,42.82910156,224.8059998,111.2870026,41.36370087,0,0,0,1,0.0
53.70479965,1909.420044,4.148320198,66.39910126,39.75040054,1.775020003,60.06909943,1939.439941,4.799190044,52.47109985,35.30939865,1.491369963,221.7420044,89.51499939,133.3329926,214.3370056,103.4059982,46.40340042,1,0,0,0,16.9
54.12950134,1935.609985,4.443200111,64.39209747,41.36320114,2.351429939,56.48799896,1959.530029,4.684050083,50.30179977,35.39080048,1.620229959,245.2630005,91.94809723,42.96500015,216.076004,104.8789978,37.61819839,1,0,0,0,22.5
44.46139908,2092.889893,4.574429989,61.76100159,41.32519913,2.209810019,52.57180023,2114.540039,4.954639912,48.57500076,37.06760025,1.83415997,238.5200043,88.55180359,39.41289902,204.253006,104.4720001,33.42160034,1,0,0,0,28.2
33.70840073,2223.080078,4.944009781,65.34140015,42.61180115,2.291749954,38.62129974,2166.27002,4.945789814,51.8506012,41.43280029,1.757500052,220.7160034,109.3280029,125.586998,208.3540039,120.4769974,47.98609924,1,0,0,0,16.9
40.82640076,2126.179932,4.717510223,65.90799713,39.73960114,2.168940067,45.29639816,2098.52002,5.108610153,50.3083992,37.74560165,1.509840012,208.701004,100.4420013,130.7109985,197.9730072,110.3079987,39.67639923,1,0,0,0,0.0
33.93330002,2214.800049,4.857059956,64.89990234,42.60020065,2.727969885,38.62110138,2154.449951,4.915359974,51.58340073,41.24169922,1.819450021,228.3370056,107.7440033,38.34780121,210.6309967,119.8399963,38.68500137,1,0,0,0,16.9
58.97900009,1904.599976,4.18516016,65.50060272,39.57580185,1.763080001,64.30699921,1935.040039,4.804900169,50.36370087,34.66210175,1.482439995,219.9839935,85.25029755,133.8110046,207.8760071,101.4869995,46.22529984,1,0,0,0,16.9
42.67620087,2137.47998,4.675059795,64.36599731,41.41159821,4.432390213,49.4292984,2126.110107,4.987249851,48.74010086,37.90620041,1.790860057,233.7180023,98.58170319,36.37239838,207.5899963,110.7910004,30.97640038,1,0,0,0,0.0
37.95880127,2015.140015,4.51680994,67.18170166,42.31620026,2.676059961,43.43019867,2017.359985,4.935830116,53.4408989,39.48080063,1.627210021,233.7910004,95.50160217,43.4408989,223.6060028,110.4830017,41.64049911,1,0,0,0,22.5
42.24499893,2041.72998,4.542620182,66.76899719,40.06140137,2.321830034,46.87139893,2029.780029,5.074560165,50.44150162,37.35430145,1.486449957,213.8430023,94.06040192,134.8679962,203.2720032,105.8030014,42.29610062,1,0,0,0,22.5
35.52640152,1965.369995,4.336060047,70.584198,43.29069901,2.280509949,41.47230148,1978.280029,4.874499798,55.70819855,39.96070099,1.611789942,238.8119965,96.14109802,42.79759979,229.9900055,115.3349991,41.38639832,1,0,0,0,0.0
39.85900116,2084.919922,4.491950035,66.6969986,42.21450043,3.971539974,46.22529984,2086.389893,4.888130188,51.69599915,38.6427002,1.795860052,238.4830017,99.83630371,40.80360031,218.6730042,113.4369965,38.22090149,1,0,0,0,0.0
47.13560104,1955.719971,4.486120224,66.34230042,41.85739899,2.40128994,51.39350128,1985.579956,4.684840202,50.56290054,36.43170166,1.652819991,246.4810028,89.97480011,41.67879868,214.3480072,105.5660019,38.56890106,1,0,0,0,16.9
47.64720154,2084.469971,4.556540012,64.92739868,41.41930008,5.200059891,55.38779831,2113.810059,4.967319965,48.36560059,36.83000183,1.804890037,237.8760071,96.14089966,36.79000092,209.7290039,108.5350037,31.19820023,1,0,0,0,0.0
36.27140045,1980.859985,4.392769814,69.85559845,43.26480103,2.3396101,41.9640007,1986.540039,4.876619816,55.39410019,39.82970047,1.619410038,238.8690033,97.32289886,42.74539948,229.0249939,115.0940018,41.31779861,1,0,0,0,0.0
37.30189896,2110.110107,4.605979919,69.18060303,41.72790146,3.126940012,42.5870018,2107.840088,4.913949966,52.15459824,38.60089874,1.654620051,225.2969971,102.1949997,112.9749985,216.1309967,115.3219986,44.79230118,0,0,0,1,16.9
43.04710007,1973.410034,4.424330235,67.82479858,40.72219849,2.154429913,48.8871994,2004.869995,4.875959873,50.86930084,37.15029907,1.475620031,220.8829956,90.21600342,136.1929932,208.6049957,104.711998,43.97449875,1,0,0,0,0.0
37.57989883,2018.319946,4.505300045,67.35949707,42.34659958,2.660439968,43.03609848,2017.969971,4.935359955,53.65100098,39.60290146,1.631340027,233.6959991,96.12490082,43.41149902,223.9530029,111.112999,41.65729904,1,0,0,0,22.5
56.13679886,1918.469971,4.385009766,64.38069916,41.31940079,2.041980028,57.5367012,1940.040039,4.678609848,51.03850174,35.17039871,1.587890029,244.9140015,92.81960297,43.01399994,216.4949951,104.7490005,37.69520187,1,0,0,0,0.0
55.5245018,1904.869995,4.395430088,63.17200089,41.12530136,1.836449981,58.44639969,1922.859985,4.676109791,50.91059875,34.47340012,1.559409976,244.6289978,92.14520264,43.03379822,215.5160065,104.9150009,37.7507019,1,0,0,0,22.5
51.24409866,2039.189941,4.489600182,65.55439758,42.15259933,4.218920231,56.4117012,2059.189941,4.760059834,48.94279861,36.39440155,1.730810046,245.0149994,93.85649872,42.00630188,213.2700043,105.9830017,35.06900024,0,0,0,1,0.0
42.03170013,2040.280029,4.542369843,66.9414978,40.03720093,2.325259924,46.8117981,2034.369995,5.072700024,50.4673996,37.2317009,1.487030029,213.8950043,94.35540009,135.6609955,202.9029999,105.7939987,42.33340073,1,0,0,0,22.5
47.64599991,2107.560059,4.527130127,65.38569641,41.54249954,6.030749798,55.26670074,2125.830078,4.828529835,48.18180084,36.96500015,1.902639985,241.798996,97.6359024,37.27149963,210.5079956,109.5930023,31.54999924,1,0,0,0,0.0
42.82939911,1975.97998,4.421370029,67.95549774,40.78519821,2.163589954,48.6128006,2006.849976,4.875639915,50.90390015,37.33160019,1.474799991,221.0980072,90.13249969,135.8890076,208.9230042,104.8040009,43.97050095,1,0,0,0,0.0
45.20220184,2163.75,4.48484993,66.28479767,41.6617012,6.509319782,53.68159866,2179.030029,4.832079887,47.68069839,37.31430054,1.967980027,241.7449951,99.57879639,37.15919876,210.0930023,110.6699982,31.46080017,1,0,0,0,0.0
36.55690002,2116.550049,4.499810219,69.37490082,42.67810059,3.455970049,42.41360092,2117.070068,4.929729939,53.98870087,39.88639832,1.723289967,219.1699982,105.0289993,143.3179932,205.7940063,115.711998,49.07550049,0,0,0,1,16.9
43.33950043,2146.189941,4.592579842,64.72200012,41.44430161,4.555930138,50.65520096,2149.600098,4.980619907,48.20209885,37.58399963,1.834130049,235.3190002,97.40910339,36.5135994,207.3679962,109.7249985,31.02739906,1,0,0,0,0.0
40.38949966,2051.129883,4.471010208,65.75150299,41.92589951,2.920409918,46.14910126,2053.120117,4.871640205,52.43420029,38.45619965,1.68441999,235.2630005,98.4815979,41.27610016,218.4900055,111.3960037,39.1352005,1,0,0,0,22.5
46.67380142,2124.27002,4.517889977,65.59929657,41.57180023,6.157470226,54.65639877,2141.780029,4.829870224,48.03070068,37.08000183,1.921910048,241.7299957,97.98090363,37.23899841,210.3699951,109.8410034,31.52079964,1,0,0,0,0.0
51.92409897,1936.48999,4.514619827,64.96700287,41.14649963,2.370850086,55.10559845,1963.699951,4.644899845,49.88150024,35.47969818,1.630149961,247.8119965,90.70269775,42.3608017,215.3209991,105.6429977,39.92409897,1,0,0,0,0.0
39.43840027,2146.5,4.652229786,66.64969635,39.88890076,2.942440033,44.67179871,2168.050049,4.950630188,50.32239914,37.62329865,1.69738996,215.2910004,103.0530014,132.1269989,199.1829987,111.4970016,40.12749863,1,0,0,0,0.0
50.55379868,1911.869995,4.535570145,64.8934021,41.13119888,2.042989969,54.23300171,1940.790039,4.641739845,50.70320129,35.23989868,1.599329948,248.3450012,91.01509857,42.47900009,217.1860046,106.0839996,40.10789871,1,0,0,0,0.0
34.32080078,2096.860107,4.660779953,67.20359802,42.80609894,2.810869932,38.44430161,2042.130005,4.878039837,52.77690125,41.05899811,1.70638001,229.1419983,99.40589905,39.19530106,218.8139954,116.9940033,40.41949844,0,0,0,1,0.0
38.52249908,2132.51001,4.677929878,65.58519745,40.1344986,3.194109917,43.46770096,2134.25,5.115670204,50.28649902,38.35480118,1.652140021,214.9530029,101.1289978,121.7710037,202.2980042,112.7279968,39.02959824,1,0,0,0,0.0
42.11619949,2141.669922,4.720680237,64.1072998,41.39410019,4.247210026,48.48020172,2119.320068,4.991859913,49.00139999,38.1570015,1.771199942,232.6459961,99.54170227,36.26129913,207.177002,111.5100021,30.93359947,1,0,0,0,0.0
36.23389816,2120.090088,4.509699821,69.22989655,42.68389893,3.486979961,42.02339935,2117.879883,4.930069923,53.88570023,39.97700119,1.72736001,219.4720001,104.9940033,141.8209991,206.6589966,115.9729996,49.00180054,0,0,0,1,16.9
34.75899887,2066.72998,4.589529991,67.72499847,42.77759933,3.004650116,40.08570099,2047.02002,4.870120049,53.14099884,40.38740158,1.718320012,229.6239929,99.88230133,39.19390106,220.2630005,116.2160034,40.43320084,0,0,0,1,0.0
40.19079971,2144.179932,4.618050098,67.55200195,39.85950089,2.766870022,45.11109924,2164.340088,4.950039864,50.22499847,37.24840164,1.653599977,215.3139954,102.6660004,134.9600067,197.7169952,110.4899979,40.31800079,1,0,0,0,0.0
38.95080185,2029.449951,4.404250145,67.39929962,41.30749893,2.707259893,45.80080032,2043.390015,4.948900223,54.28580093,38.79869843,1.662230015,221.5700073,99.52300262,114.3769989,217.8289948,112.6880035,46.62530136,0,0,0,1,22.5
51.81209946,2011.540039,4.399409771,67.70770264,40.35469818,2.027620077,56.67549896,2034.709961,4.878749847,50.10820007,35.63180161,1.47705996,218.7579956,92.01799774,138.9700012,203.4120026,103.7490005,44.02190018,0,0,0,1,0.0
46.32839966,2102.709961,4.545239925,64.96089935,41.43370056,5.012090206,54.12599945,2129.22998,4.969610214,48.16260147,36.96170044,1.82585001,237.5480042,95.81629944,36.75830078,209.098999,108.4670029,31.16180038,1,0,0,0,0.0
41.85369873,2030.199951,4.542339802,67.02600098,40.00519943,2.324189901,46.90159988,2032.26001,5.07035017,50.5306015,37.10070038,1.488299966,213.9470062,94.22389984,136.3119965,202.875,105.689003,42.36729813,1,0,0,0,22.5
55.23619843,1958.199951,4.277609825,67.79920197,39.4333992,1.896510005,60.41419983,1985.160034,4.766119957,50.06499863,35.1894989,1.489449978,221.8110046,89.33789825,136.6699982,207.0670013,104.276001,48.61520004,0,0,0,1,0.0
34.35169983,2017.219971,4.508719921,68.71869659,42.18830109,2.512219906,39.46450043,1999.869995,4.85447979,54.03290176,40.56000137,1.652619958,231.1380005,95.42469788,40.93830109,228.5350037,116.1220016,41.53950119,1,0,0,0,22.5
55.33509827,1909.390015,4.343969822,64.48300171,41.31330109,1.807960033,57.00049973,1930.650024,4.67524004,51.89820099,35.18870163,1.572319984,244.8730011,93.63310242,43.10810089,217.871994,104.9209976,37.80459976,0,1,0,0,0.0
60.80690002,1897.390015,4.10875988,66.13700104,39.73350143,1.734009981,66.41840363,1920.23999,4.798630238,51.74840164,34.8103981,1.489760041,221.022995,84.91950226,131.8509979,210.6069946,101.1409988,46.28680038,1,0,0,0,0.0
44.93230057,1957.540039,4.234680176,70.51830292,40.46289825,2.070420027,50.87459946,1987.25,4.793550014,52.64120102,36.75920105,1.486279964,223.8789978,91.0684967,133.5950012,209.9519958,106.2350006,47.48630142,1,0,0,0,28.2
44.97140121,1879.219971,4.462490082,64.79350281,39.61289978,1.729009986,52.32109833,1923.880005,4.807040215,50.90940094,34.35169983,1.471619964,221.0749969,87.29920197,132.701004,221.9459991,104.8209991,47.03760147,1,0,0,0,28.2
42.59579849,2179.860107,4.540740013,65.87819672,41.64799881,6.148230076,51.05080032,2196.340088,4.835080147,48.05070114,37.76910019,1.986619949,240.5420074,100.9889984,36.99269867,209.4579926,111.8470001,31.37759972,1,0,0,0,0.0
35.2757988,2159.050049,4.57201004,66.41629791,42.65480042,3.603499889,40.68980026,2135.860107,4.902170181,51.74990082,40.23379898,1.841729999,229.973999,103.5619965,38.57189941,214.3609924,117.3600006,38.7582016,1,0,0,0,16.9
61.26029968,1916.050049,4.187880039,66.2263031,39.66719818,1.800770044,66.3404007,1940.98999,4.804349899,50.52750015,34.81090164,1.486549973,219.9640045,85.40910339,134.1750031,208.2230072,101.5,46.24219894,0,0,0,1,0.0
49.27700043,1936.76001,4.624979973,65.07530212,41.76259995,2.360389948,52.37609863,1970.530029,4.689909935,49.54700089,35.98899841,1.63282001,246.4290009,87.99770355,41.65650177,213.4799957,103.8030014,38.34410095,1,0,0,0,16.9
61.33950043,1901.219971,4.056270123,64.29060364,39.43320084,1.68798995,65.03780365,1922.060059,4.798009872,49.79449844,33.98160172,1.458709955,220.3079987,84.63259888,131.2689972,202.3690033,100.5770035,46.13460159,1,0,0,0,16.9
57.31549835,1890.949951,4.122799873,65.167099,39.58309937,1.702790022,63.0632019,1922.859985,4.801080227,51.24620056,34.68939972,1.481870055,220.8549957,86.11419678,132.2859955,209.901001,101.7549973,46.26739883,1,0,0,0,16.9
35.21409988,2184.72998,4.515749931,69.00869751,43.54859924,4.961120129,41.38980103,2169.669922,4.871990204,51.09619904,40.15390015,1.906229973,238.0350037,106.1179962,39.6554985,218.0319977,120.038002,38.98490143,1,0,0,0,0.0
43.78099823,2214.129883,4.410260201,68.53900146,41.92660141,7.618529797,52.57799911,2227.47998,4.833799839,47.23949814,37.67779922,2.055929899,242.404007,104.0770035,37.02610016,211.9570007,113.3259964,31.36840057,1,0,0,0,0.0
35.33499908,2095.879883,4.539519787,65.48919678,41.65510178,2.889830112,40.7942009,2069.969971,4.990459919,53.01750183,40.35139847,1.788179994,226.923996,99.26699829,40.61489868,218.6119995,115.1309967,40.77679825,1,0,0,0,0.0
54.02310181,1946.26001,4.434410095,64.59600067,41.38880157,2.517100096,56.38539886,1970.01001,4.685110092,50.16989899,35.54159927,1.635120034,245.3049927,92.23629761,42.9455986,216.1699982,105.0510025,37.59379959,1,0,0,0,22.5
44.96929932,1979.0,4.588809967,64.39579773,42.09170151,2.447439909,50.0945015,2010.880005,4.765029907,49.34420013,36.98960114,1.684990048,244.6080017,87.12779999,42.18500137,212.7740021,103.8519974,35.16180038,1,0,0,0,0.0
49.60929871,1953.589966,4.575479984,65.14050293,41.75030136,2.529220104,53.22650146,1984.359985,4.689459801,49.46250153,35.99459839,1.652390003,246.2740021,88.99880219,41.60960007,213.0919952,104.2949982,38.32440186,1,0,0,0,16.9
33.08570099,1987.97998,4.52132988,68.26290131,42.71099854,2.550290108,38.29610062,1985.640015,4.935780048,53.54399872,41.59569931,1.623049974,232.8549957,90.82129669,43.26539993,226.1300049,113.8929977,41.72129822,1,0,0,0,22.5
36.65039825,2025.719971,4.494589806,67.66570282,42.40840149,2.638099909,42.02360153,2018.880005,4.935070038,53.88769913,39.90610123,1.638640046,233.4459991,96.97940063,43.33929825,224.2879944,112.3580017,41.67779922,1,0,0,0,22.5
43.01810074,1964.23999,4.440949917,67.48169708,40.57320023,2.140860081,49.02629852,1997.530029,4.876709938,50.81399918,36.77659988,1.478219986,220.3999939,90.27279663,136.8899994,208.3580017,104.5660019,43.98419952,1,0,0,0,0.0
52.12969971,1950.780029,4.485980034,65.24990082,41.16040039,2.55591011,55.32590103,1976.849976,4.645319939,49.75680161,35.62889862,1.647840023,247.7369995,91.2983017,42.3288002,215.2180023,105.9260025,39.89400101,1,0,0,0,0.0
34.36750031,2153.389893,4.637499809,67.83730316,42.70809937,3.44430995,39.38040161,2121.870117,4.935530186,52.9015007,40.73339844,1.751620054,221.029007,104.8470001,132.2259979,210.4470062,117.8259964,48.48379898,0,0,0,1,16.9
45.74509811,1950.709961,4.260709763,69.73549652,40.34489822,2.043359995,51.76699829,1982.050049,4.796179771,52.18249893,36.44409943,1.485640049,223.1950073,90.51460266,134.0980072,209.2510071,105.6429977,47.40919876,1,0,0,0,28.2
34.56140137,2075.530029,4.604300022,67.62660217,42.78570175,2.971610069,39.64170074,2048.949951,4.871930122,53.07089996,40.55730057,1.717489958,229.5269928,99.93910217,39.19910049,219.9779968,116.4970016,40.43349838,0,0,0,1,0.0
47.42819977,2058.25,4.52203989,67.42230225,39.61199951,2.127239943,52.59560013,2089.300049,5.084499836,50.02970123,35.99250031,1.49161005,211.5339966,96.32810211,135.9889984,198.1970062,106.5019989,40.27310181,0,0,0,1,0.0
49.87540054,2061.76001,4.521029949,65.00209808,41.67160034,4.740340233,56.23339844,2083.790039,4.940680027,48.69200134,36.59019852,1.762290001,240.8090057,94.97250366,39.5469017,211.5440063,106.7030029,33.48300171,0,0,0,1,28.2
41.74110031,2181.300049,4.568459988,69.71569824,39.87519836,2.594510078,46.11470032,2197.290039,4.950900078,50.12039948,36.86949921,1.595600009,215.2839966,104.7990036,140.8659973,192.4380035,109.6969986,40.6371994,1,0,0,0,0.0
36.35150146,2023.390015,4.542449951,68.18070221,41.86009979,2.674789906,42.19390106,2018.109985,4.848690033,53.90530014,39.02659988,1.669630051,231.2109985,97.209198,40.84120178,232.0709991,115.2850037,41.47129822,0,0,0,1,22.5
42.05189896,2053.600098,4.554699898,66.60070038,40.12620163,2.350130081,46.26100159,2027.540039,5.078639984,50.40459824,37.70830154,1.486019969,213.7310028,94.06130219,133.7819977,203.6179962,106.0279999,42.23860168,1,0,0,0,22.5
48.46039963,1938.27002,4.14812994,69.64499664,39.54489899,1.968889952,54.83359909,1968.930054,4.749370098,53.29539871,35.88199997,1.506340027,226.2359924,94.0809021,133.7079926,216.2200012,108.1589966,49.13679886,1,0,0,0,0.0
34.65190125,2113.97998,4.659770012,65.521698,41.84469986,2.719280005,38.20600128,2037.599976,4.996049881,52.56299973,41.23759842,1.744969964,226.6139984,98.61399841,40.51760101,217.2019958,116.2050018,40.73469925,1,0,0,0,0.0
39.4632988,2154.850098,4.691329956,65.50589752,39.65039825,3.09326005,43.80170059,2135.149902,5.158929825,50.18270111,37.87379837,1.646430016,212.6040039,103.0540009,128.298996,197.8240051,113.7519989,38.09469986,1,0,0,0,0.0
39.28110123,1938.969971,3.928240061,70.97550201,42.37260056,1.819300056,47.56060028,1961.48999,4.78839016,59.21620178,38.16429901,1.611140013,230.9299927,106.2789993,43.14020157,239.8309937,114.723999,41.71649933,1,0,0,0,0.0
52.85250092,1973.439941,4.332349777,68.07230377,40.02140045,1.968799949,58.10829926,2000.859985,4.806809902,50.13059998,35.38159943,1.482179999,220.1869965,90.13990021,136.9609985,204.6690063,103.723999,47.11289978,0,0,0,1,28.2
40.20410156,1962.27002,4.098080158,67.1364975,41.43040085,2.107680082,47.09880066,1977.310059,4.90802002,55.91669846,38.71070099,1.62548995,228.647995,99.12490082,41.85309982,225.4960022,113.7139969,41.75260162,0,0,0,1,28.2
49.06779861,2062.199951,4.525390148,64.93090057,41.66579819,4.565509796,55.49900055,2085.280029,4.941740036,48.64310074,36.60789871,1.76552999,240.6629944,94.520401,39.54520035,211.2920074,106.5589981,33.47880173,0,0,0,1,28.2
39.42850113,1973.910034,4.349629879,65.07119751,40.90430069,2.327960014,46.67480087,1991.52002,4.987790108,54.69729996,38.04349899,1.644150019,226.6609955,98.15630341,40.97299957,231.8190002,114.8349991,41.55120087,0,0,0,1,0.0
45.7507019,1975.589966,4.388090134,67.82039642,41.99020004,2.750799894,50.61809921,2002.609985,4.681119919,51.31750107,36.89640045,1.669649959,246.7140045,91.97389984,41.70859909,215.625,107.112999,38.73210144,1,0,0,0,16.9
55.3445015,1939.119995,4.401679993,64.69850159,41.3830986,2.389319897,57.05699921,1961.709961,4.683040142,50.55939865,35.48600006,1.62409997,245.1549988,92.86180115,42.97460175,216.7709961,105.1050034,37.62749863,1,0,0,0,0.0
41.56000137,2125.429932,4.558849812,69.60160065,39.8030014,2.679349899,47.00460052,2145.110107,5.090760231,51.31489944,37.4530983,1.508880019,210.0160065,102.7539978,143.4360046,189.302002,107.8889999,40.45140076,0,0,0,1,0.0
32.59030151,2233.909912,4.758590221,66.47480011,43.3091011,4.601379871,38.80329895,2226.679932,4.884160042,51.27830124,40.8771019,1.946930051,235.272995,110.5199966,39.32500076,212.3730011,121.8190002,38.9095993,1,0,0,0,0.0
44.44800186,1948.969971,4.061429977,69.14179993,42.28340149,1.863389969,51.68519974,1961.099976,4.792099953,57.01470184,37.97000122,1.615309954,228.9629974,97.94470215,42.92430115,226.526001,110.8270035,41.43199921,0,0,0,1,0.0
46.04410172,1966.560059,4.136030197,68.46710205,42.20510101,2.070729971,52.20909882,1973.420044,4.794020176,55.11790085,37.78499985,1.619529963,228.0800018,96.03579712,42.7901001,221.154007,110.2269974,41.26890182,0,0,0,1,0.0
45.29700089,1946.160034,4.288159847,66.94400024,42.09349823,1.933910012,50.67229843,1958.689941,4.705060005,55.81600189,37.46289825,1.500659943,235.1060028,98.69080353,43.35350037,227.9600067,112.060997,43.69520187,1,0,0,0,0.0
38.42369843,2144.810059,4.617440224,67.65429688,42.62749863,5.137340069,45.12770081,2146.52002,5.03237009,50.17520142,39.33269882,1.911190033,235.3029938,100.2009964,37.67839813,212.1699982,113.7710037,34.63629913,1,0,0,0,0.0
38.7010994,2085.399902,4.518509865,66.56210327,42.27170181,3.272850037,43.7989006,2086.580078,4.922669888,51.80929947,39.21390152,1.735470057,232.9989929,98.63210297,40.78430176,216.5809937,111.1320038,38.64419937,1,0,0,0,0.0
51.11920166,2007.47998,4.404139996,67.64489746,40.34400177,2.035449982,56.10599899,2031.75,4.878759861,50.14929962,35.64279938,1.477509975,218.798996,91.99739838,138.9900055,203.5780029,103.788002,44.02230072,0,0,0,1,0.0
44.49420166,1944.599976,4.494490147,66.71820068,40.22790146,2.067749977,50.43619919,1978.099976,4.878009796,50.53269958,35.81790161,1.484380007,219.1869965,89.31510162,137.9819946,209.3860016,104.0930023,43.98680115,1,0,0,0,0.0
51.31819916,1908.969971,4.578239918,64.2460022,41.13399887,2.108139992,55.24229813,1936.430054,4.643159866,50.26819992,34.89400101,1.589409947,248.2109985,90.86509705,42.44419861,216.5930023,105.7730026,40.0080986,1,0,0,0,0.0
34.33969879,1949.76001,4.28993988,71.48490143,43.37329865,2.203779936,40.47520065,1971.48999,4.872729778,55.7798996,40.19449997,1.597689986,238.7559967,93.69730377,42.83940125,230.0130005,115.5289993,41.43289948,1,0,0,0,0.0
41.92300034,1960.920044,4.17689991,68.16110229,42.03350067,2.038079977,48.21549988,1971.189941,4.756959915,56.62760162,38.28580093,1.608909965,231.2870026,100.3130035,41.6344986,229.3130035,113.9199982,42.27489853,1,0,0,0,0.0
46.61650085,1966.459961,4.450300217,66.82050323,41.90050125,2.5488801,51.17490005,1995.030029,4.683839798,50.7507019,36.59980011,1.663310051,246.5460052,90.73860168,41.67779922,214.625,106.1210022,38.61360168,1,0,0,0,16.9
40.80830002,2057.75,4.61424017,66.85430145,40.84830093,2.091890097,46.28430176,2063.330078,5.043550014,50.76580048,38.04019928,1.496629953,215.0440063,95.86940002,117.4899979,205.003006,109.1230011,40.15110016,1,0,0,0,22.5
46.51789856,1890.160034,4.416009903,65.29779816,39.69580078,1.778789997,53.54529953,1934.25,4.807489872,50.60129929,34.7179985,1.477429986,220.720993,87.1713028,133.7850037,216.2299957,104.1070023,47.03969955,1,0,0,0,28.2
43.85910034,2076.669922,4.549550056,68.33139801,39.67649841,2.349980116,49.10720062,2105.550049,5.086239815,50.40309906,36.50490189,1.496659994,211.1580048,98.4917984,138.7129974,196.0540009,107.112999,40.32889938,0,0,0,1,0.0
54.29029846,1912.209961,4.348400116,64.59999847,41.34260178,1.816769958,56.42699814,1934.410034,4.676859856,52.07630157,35.32640076,1.58355999,245.0619965,93.81439972,43.15039825,218.9129944,105.2310028,37.83209991,1,0,0,0,0.0
41.34560013,1951.790039,4.052480221,69.83480072,42.35609818,1.942059994,48.63579941,1965.969971,4.793399811,57.48929977,38.4048996,1.619449973,229.5370026,99.98619843,42.93109894,230.1699982,112.4560013,41.50849915,0,0,0,1,0.0
62.55659866,1903.810059,4.149750233,65.91410065,39.65710068,1.759019971,67.60510254,1927.089966,4.80245018,50.60850143,34.59460068,1.485700011,220.0700073,83.66100311,132.8529968,207.4660034,100.6009979,46.21319962,1,0,0,0,0.0
41.15909958,2102.199951,4.641419888,67.16410065,39.70750046,2.283230066,46.00849915,2101.570068,5.09829998,50.38389969,37.17959976,1.503579974,209.8179932,99.63619995,134.776001,197.2839966,108.8710022,39.98139954,1,0,0,0,0.0
51.37689972,1925.73999,4.372550011,64.81310272,41.40100098,1.982529998,54.73590088,1950.48999,4.680570126,52.0447998,35.65650177,1.611789942,245.4570007,93.78510284,43.18529892,220.0180054,105.6669998,37.84320068,1,0,0,0,22.5
48.49950027,2063.47998,4.528490067,64.87190247,41.66139984,4.444310188,54.99840164,2087.149902,4.942500114,48.59949875,36.63600159,1.768720031,240.5740051,94.18779755,39.54249954,211.0690002,106.4550018,33.47460175,1,0,0,0,28.2
46.19189835,1937.849976,4.289919853,68.78420258,40.20949936,2.003639936,52.38439941,1972.0,4.798840046,51.7417984,36.1108017,1.484910011,222.5209961,89.72170258,134.3899994,209.201004,105.064003,47.32509995,1,0,0,0,28.2
46.36149979,1978.25,4.601079941,63.95029831,41.96269989,2.481570005,51.43489838,2010.180054,4.766339779,49.06940079,36.67240143,1.691599965,244.6109924,86.37889862,42.11429977,211.7400055,103.1320038,35.11360168,1,0,0,0,0.0
41.229599,2166.929932,4.583300114,69.06950378,39.86650085,2.628989935,45.7397995,2184.100098,4.950419903,50.1427002,36.96369934,1.609159946,215.298996,103.9589996,139.201004,194.154007,109.8150024,40.5544014,0,0,0,1,0.0
52.58560181,1921.589966,4.091050148,67.34609985,39.92399979,1.782099962,59.28239822,1946.630005,4.794209957,54.08039856,35.81480026,1.498620033,222.9530029,92.85720062,132.7630005,218.9779968,104.6449966,46.52600098,1,0,0,0,0.0
43.73519897,1928.25,4.601260185,63.11040115,41.82099915,1.986479998,49.28179932,1964.719971,4.770329952,49.31650162,37.14400101,1.653100014,244.2169952,80.77529907,42.25350189,212.9499969,101.1179962,35.16419983,1,0,0,0,0.0
56.37850189,1980.959961,4.274010181,68.39589691,39.47499847,1.918259978,61.11970139,2003.75,4.766960144,49.89720154,35.27470016,1.489670038,221.5140076,90.60109711,137.378006,206.5670013,104.6100006,48.60419846,0,0,0,1,0.0
38.34170151,1995.22998,4.482299805,68.93520355,43.25709915,2.442219973,43.71500015,1999.25,4.877699852,54.90850067,39.26580048,1.623430014,239.6629944,98.68240356,42.72280121,227.5079956,114.1380005,41.21110153,1,0,0,0,0.0
52.29740143,1974.910034,4.449560165,65.72200012,41.19329834,2.950220108,55.69340134,1999.01001,4.646210194,49.52460098,35.83160019,1.67561996,247.6959991,92.48110199,42.28350067,215.3300018,106.4950027,39.84090042,1,0,0,0,0.0
34.36560059,2198.939941,4.613949776,69.22429657,42.43030167,3.962630033,39.50979996,2180.26001,4.968729973,51.96580124,40.21680069,1.752159953,225.1390076,107.2020035,134.2969971,208.7030029,118.4400024,48.49000168,0,0,0,1,0.0
47.26800156,1959.079956,4.287040234,67.94619751,41.1739006,2.494839907,51.99020004,1986.109985,4.633810043,52.70709991,36.33929825,1.668290019,249.3439941,96.56469727,42.61180115,222.4779968,109.9670029,40.53850174,0,0,0,1,0.0
36.85200119,2188.040039,4.480249882,71.38510132,42.35879898,3.561019897,41.88560104,2184.379883,4.966229916,52.3608017,39.24399948,1.695260048,224.6959991,106.9160004,143.345993,205.5789948,116.723999,48.99300003,0,0,0,1,0.0
49.30550003,1937.680054,4.241660118,65.86630249,41.50149918,1.985780001,53.43379974,1960.829956,4.677499771,53.95700073,36.24570084,1.630089998,245.654007,97.28569794,43.40729904,225.4069977,107.112999,38.05360031,0,0,0,1,0.0
37.07080078,1986.810059,4.417699814,69.50900269,43.25379944,2.362289906,42.70240021,1991.040039,4.876860142,55.32870102,39.60269928,1.621909976,239.1289978,98.1867981,42.74079895,228.7079926,114.7959976,41.28620148,1,0,0,0,0.0
47.16540146,2091.899902,4.552820206,64.98290253,41.42869949,5.219540119,55.00270081,2120.330078,4.968170166,48.28699875,36.88430023,1.813320041,237.7810059,96.1651001,36.77669907,209.6049957,108.586998,31.18440056,1,0,0,0,0.0
48.36840057,1950.430054,4.352109909,67.04560089,41.15969849,2.355809927,52.63290024,1977.97998,4.636809826,51.97019958,36.11380005,1.656589985,248.9219971,94.63179779,42.54460144,220.2899933,108.6529999,40.38330078,1,0,0,0,0.0
42.61909866,1962.73999,4.097539902,65.50679779,41.17649841,2.158459902,49.40840149,1981.199951,4.911839962,54.68529892,38.19879913,1.625079989,227.7449951,97.98429871,41.74259949,220.5339966,112.6029968,41.63219833,0,0,0,1,28.2
39.6731987,1943.77002,4.022510052,69.93569946,42.17810059,1.888640046,47.37540054,1962.859985,4.755340099,58.65570068,38.41220093,1.608219981,232.3329926,103.4869995,41.92200089,236.977005,114.935997,42.48400116,1,0,0,0,0.0
50.53969955,1930.75,4.113180161,67.42549896,39.91460037,1.811499953,57.26290131,1957.140015,4.795249939,53.93590164,35.87419891,1.497799993,222.9230042,93.75830078,133.4839935,218.6390076,105.0410004,46.54249954,1,0,0,0,16.9
43.15129852,2073.449951,4.600999832,64.59130096,41.76610184,3.862760067,48.34379959,2050.060059,4.962830067,49.22909927,38.12369919,1.725049973,237.4250031,93.82240295,39.47380066,211.7429962,107.4120026,33.48049927,1,0,0,0,28.2
48.38190079,2098.360107,4.531479836,65.2766037,41.52719879,5.989309788,55.75780106,2116.939941,4.827610016,48.2696991,36.90000153,1.891939998,241.8820038,97.58640289,37.2901001,210.5839996,109.4960022,31.56959915,0,0,0,1,0.0
54.63560104,1916.439941,4.444429874,63.88190079,41.28519821,2.070149899,57.2112999,1938.890015,4.680870056,50.58649826,34.97040176,1.587900043,245.1000061,91.81420135,43.0021019,215.9140015,104.7279968,37.67430115,1,0,0,0,22.5
60.03310013,1894.030029,4.12116003,64.7385025,39.5,1.702360034,64.94390106,1923.630005,4.802740097,50.20849991,34.35039902,1.474820018,220.0970001,84.46399689,132.3639984,205.9730072,100.8450012,46.1814003,1,0,0,0,16.9
45.0544014,1950.859985,4.19119978,67.32039642,41.89310074,1.949090004,50.65739822,1962.400024,4.75191021,56.12979889,37.65100098,1.59375,231.0829926,99.39499664,41.58509827,227.0200043,112.8690033,42.2336998,1,0,0,0,0.0
41.14830017,2110.320068,4.667349815,66.62190247,39.71239853,2.220949888,45.84410095,2099.719971,5.102180004,50.3166008,37.33929825,1.505310059,209.4140015,99.79769897,133.0169983,197.7649994,109.3779984,39.85789871,1,0,0,0,0.0
52.86299896,2001.800049,4.406799793,66.36669922,41.23550034,3.549809933,56.49269867,2023.130005,4.647109985,49.25619888,36.01119995,1.703539968,247.6439972,94.28240204,42.23949814,215.9819946,107.2990036,39.76190186,0,0,0,1,0.0
44.64550018,2000.189941,4.537749767,65.25730133,42.26119995,2.943010092,50.0862999,2028.280029,4.762469769,49.52769852,37.26539993,1.694599986,244.6950073,89.83429718,42.21849823,214.1340027,105.3259964,35.19340134,1,0,0,0,0.0
42.13299942,1977.329956,4.417570114,68.18399811,40.92430115,2.182749987,47.84420013,2007.48999,4.874849796,51.00839996,37.75889969,1.473230004,221.5930023,89.73930359,135.0950012,209.9869995,105.0130005,43.95809937,1,0,0,0,0.0
48.68560028,2076.389893,4.56208992,64.88269806,41.40950012,5.32434988,56.42340088,2107.149902,4.965519905,48.47480011,36.77009964,1.793849945,238.1950073,96.57150269,36.80479813,209.9060059,108.6330032,31.22459984,1,0,0,0,0.0
34.21920013,2197.409912,4.598330021,68.1713028,43.46699905,4.709090233,40.0658989,2176.219971,4.876430035,51.23059845,40.49269867,1.903239965,236.9530029,106.8539963,39.58150101,216.4320068,120.4309998,38.98870087,1,0,0,0,0.0
41.52099991,2022.109985,4.547299862,67.13279724,39.9856987,2.335619926,46.77330017,2030.420044,5.068389893,50.59820175,37.04389954,1.490020037,213.9859924,94.16010284,136.9629974,202.7980042,105.6399994,42.3993988,1,0,0,0,22.5
32.25719833,2239.030029,4.782979965,66.69869995,42.42490005,4.722700119,38.5632019,2239.330078,4.973589897,51.42789841,40.8348999,1.879670024,225.2460022,111.3769989,127.0889969,208.1060028,121.0749969,47.96379852,1,0,0,0,0.0
36.19549942,2089.26001,4.496900082,65.08599854,41.52230072,2.911159992,42.31389999,2076.090088,4.990170002,53.05739975,39.9129982,1.804939985,226.822998,98.73130035,40.64339828,218.5180054,114.1569977,40.77339935,1,0,0,0,0.0
41.94210052,1964.819946,4.103960037,65.86830139,41.24100113,2.159009933,48.73509979,1981.650024,4.91121006,54.94950104,38.35409927,1.62658,227.9380035,98.29709625,41.75989914,221.6100006,112.9059982,41.65539932,0,0,0,1,28.2
35.00910187,2098.459961,4.565080166,65.61620331,41.71530151,2.843410015,40.07830048,2063.879883,4.991069794,52.95500183,40.58209991,1.777809978,226.9250031,99.23349762,40.59899902,218.5119934,115.5090027,40.7743988,1,0,0,0,0.0
34.37720108,2085.379883,4.628359795,67.46289825,42.79919815,2.881789923,39.01549911,2046.329956,4.874760151,52.95949936,40.8166008,1.712129951,229.3690033,99.67590332,39.207901,219.5460052,116.7890015,40.43349838,1,0,0,0,0.0
48.73109818,2035.040039,4.464519978,67.38490295,39.87030029,2.086839914,53.75899887,2060.429932,5.059490204,50.13710022,35.85680008,1.482370019,214.3600006,94.21320343,137.8800049,200.8630066,104.6620026,42.49850082,1,0,0,0,22.5
47.7439003,1951.800049,4.09924984,68.49849701,42.18460083,1.913339972,54.30419922,1961.47998,4.791379929,55.53279877,37.48720169,1.610649943,228.1410065,95.36799622,42.86429977,221.322998,109.4489975,41.29909897,0,0,0,1,0.0
47.9598999,2103.649902,4.52918005,65.33869934,41.53590012,6.022769928,55.48410034,2122.050049,4.828129768,48.2193985,36.9375,1.898090005,241.8350067,97.62460327,37.27930069,210.5480042,109.5579987,31.55830002,1,0,0,0,0.0
48.83340073,1924.689941,4.370160103,66.67639923,39.8757019,1.898249984,55.06090164,1962.140015,4.806759834,50.38800049,35.21260071,1.482059956,220.5010071,88.33319855,135.5549927,209.1829987,103.75,47.08779907,1,0,0,0,28.2
40.79629898,1965.25,4.107079983,66.60289764,41.35879898,2.139209986,47.62129974,1980.189941,4.909599781,55.49000168,38.60390091,1.627089977,228.3399963,98.79640198,41.80659866,223.8179932,113.4250031,41.707901,0,0,0,1,28.2
43.82400131,2177.040039,4.519299984,64.88939667,41.48970032,4.344530106,51.10779953,2186.139893,4.976029873,47.61019897,37.38219833,1.86906004,236.1759949,97.97720337,36.53559875,205.3150024,109.1930008,31.0326004,1,0,0,0,0.0
42.81800079,1944.660034,4.015629768,69.56890106,42.33679962,1.81092,50.55749893,1959.23999,4.791269779,58.07109833,38.14189911,1.616080046,229.5119934,99.72899628,42.99750137,230.3029938,111.4639969,41.5304985,0,0,0,1,0.0
38.14759827,2156.030029,4.456960201,68.02189636,42.95930099,4.430429935,45.07960129,2153.439941,4.914450169,51.33710098,39.36610031,1.977839947,236.1369934,103.4150009,38.27930069,216.3350067,117.9810028,37.55709839,1,0,0,0,16.9
42.0943985,1955.459961,4.075920105,69.52909851,42.33300018,1.96528995,49.16849899,1967.609985,4.79403019,57.03659821,38.34629822,1.620350003,229.2369995,99.10019684,42.8932991,228.272995,112.0390015,41.45800018,0,0,0,1,0.0
42.7140007,2027.150024,4.492499828,68.17579651,40.79320145,2.131160021,48.37210083,2037.02002,4.955800056,51.78680038,37.71350098,1.518700004,218.2910004,95.31790161,111.9459991,207.8509979,109.0899963,43.42150116,1,0,0,0,0.0
54.02019882,1988.829956,4.325379848,68.46160126,40.05699921,1.979879975,58.95600128,2013.150024,4.807089806,50.02930069,35.417099,1.48187995,220.0579987,90.70030212,137.3110046,203.951004,103.8089981,47.11249924,0,0,0,1,28.2
34.15299988,2166.77002,4.683680058,67.40609741,42.70140076,3.368249893,38.96760178,2126.300049,4.937719822,52.63090134,40.895401,1.756780028,221.1150055,105.2269974,130.647995,210.3450012,118.2559967,48.37720108,0,0,0,1,16.9
49.02529907,1942.26001,4.38985014,66.53690338,41.14820099,2.251569986,53.00979996,1970.219971,4.638140202,51.62649918,35.95610046,1.645650029,248.7050018,93.56770325,42.51810074,219.2519989,107.9260025,40.30799866,1,0,0,0,0.0
42.32300186,2130.77002,4.510300159,70.35600281,39.82379913,2.799700022,48.05020142,2157.810059,5.08810997,51.81819916,37.53010178,1.512609959,209.871994,103.4400024,146.7649994,186.0079956,107.2570038,40.64410019,0,0,0,1,0.0
46.7507019,2065.709961,4.540840149,64.43979645,41.62030029,3.84239006,53.45159912,2091.129883,4.945129871,48.48839951,36.76369858,1.777269959,240.2160034,92.54129791,39.53319931,209.9190063,105.8649979,33.4618988,1,0,0,0,28.2
46.08000183,2064.340088,4.531610012,67.67780304,39.62649918,2.187020063,51.25009918,2094.709961,5.08521986,50.10950089,36.12030029,1.492640018,211.4250031,96.97840118,136.7030029,197.7969971,106.7259979,40.28089905,0,0,0,1,0.0
60.47840118,1936.689941,4.216559887,66.72930145,39.70130157,1.856690049,65.33139801,1960.439941,4.805920124,50.39139938,35.02529907,1.487400055,219.7830048,87.207901,135.503006,208.2839966,102.211998,46.2663002,0,0,0,1,0.0
53.03219986,1915.22998,4.140940189,66.71209717,39.79850006,1.788089991,59.48149872,1944.01001,4.798160076,52.8553009,35.46530151,1.493350029,222.0420074,90.56400299,133.4129944,215.4250031,103.8180008,46.44039917,1,0,0,0,16.9
48.40810013,1914.47998,4.72769022,65.69010162,41.86339951,2.160789967,50.0821991,1954.719971,4.690790176,49.74919891,36.28540039,1.60055995,246.8910065,86.16929626,41.75709915,214.151001,102.8809967,38.40399933,1,0,0,0,16.9
50.71289825,1931.699951,4.344270229,65.09130096,41.43019867,2.022929907,54.2942009,1956.319946,4.680349827,52.40190125,35.83710098,1.620980024,245.526001,94.5562973,43.22650146,221.1329956,106.0189972,37.88219833,1,0,0,0,22.5
46.64979935,1963.089966,4.261650085,68.32820129,41.18080139,2.571399927,51.62549973,1990.0,4.632649899,53.01290131,36.44409943,1.673679948,249.5420074,97.33300018,42.64170074,223.4250031,110.5220032,40.60499954,0,0,0,1,0.0
45.78379822,2117.469971,4.535349846,65.03299713,41.44910049,5.007639885,53.67110062,2141.97998,4.970650196,48.02519989,37.04389954,1.840510011,237.4329987,96.10140228,36.729599,208.6569977,108.5960007,31.14049911,1,0,0,0,0.0
54.11159897,1902.150024,4.242300034,65.88169861,39.26470184,1.75583005,60.23040009,1940.949951,4.76515007,50.2743988,34.77610016,1.484940052,222.2109985,86.75589752,134.1459961,209.1779938,103.4820023,48.57580185,1,0,0,0,0.0
48.86750031,2020.5,4.535980225,64.88020325,42.07899857,3.405879974,54.08060074,2045.040039,4.762350082,48.94120026,36.40420151,1.72025001,244.8760071,91.39520264,42.03250122,212.2489929,105.0289993,35.08729935,1,0,0,0,0.0
46.77140045,2060.919922,4.526420116,67.5358963,39.61800003,2.154160023,51.94120026,2091.689941,5.084849834,50.06499863,36.04850006,1.492050052,211.4819946,96.62000275,136.3059998,198.0410004,106.6060028,40.27560043,0,0,0,1,0.0
53.27460098,1883.48999,4.217760086,64.96469879,39.17100143,1.691230059,59.95479965,1929.680054,4.765900135,50.33520126,34.64619827,1.48258996,222.2879944,86.55870056,133.3209991,209.977005,103.4020004,48.55939865,1,0,0,0,0.0
43.20029831,2136.129883,4.62473011,64.54769897,41.4239006,4.455190182,50.25559998,2135.320068,4.982610226,48.43809891,37.66109848,1.813670039,234.7910004,97.43209839,36.48239899,207.621994,109.939003,31.01810074,1,0,0,0,0.0
46.72949982,1940.689941,4.166460037,70.30560303,40.40209961,1.92306006,53.15269852,1970.439941,4.755280018,53.24520111,36.46490097,1.477509975,228.4790039,93.49120331,125.663002,216.9900055,108.987999,47.91609955,1,0,0,0,0.0
43.68439865,2071.189941,4.587999821,64.54979706,41.72990036,3.790420055,49.26490021,2060.679932,4.958759785,49.0223999,37.78250122,1.739189982,238.072998,93.33899689,39.48929977,211.2330017,106.9759979,33.47439957,1,0,0,0,28.2
55.07839966,1909.51001,4.428480148,63.51440048,41.21289825,1.951269984,57.87950134,1929.880005,4.678689957,50.71450043,34.69720078,1.572460055,244.9080048,91.92060089,43.01610184,215.701004,104.7910004,37.70759964,1,0,0,0,22.5
33.67309952,2209.72998,4.653369904,67.61540222,43.41630173,4.62869978,39.47969818,2187.959961,4.879260063,51.23749924,40.65890121,1.909770012,236.3370056,107.7740021,39.50970078,215.1490021,120.7959976,38.97090149,1,0,0,0,0.0
39.89730072,1942.410034,3.970439911,70.63400269,42.38550186,1.868160009,47.83359909,1962.26001,4.790299892,58.72029877,38.33430099,1.615470052,230.404007,103.4150009,43.06340027,236.0319977,113.663002,41.6515007,0,0,0,1,0.0
49.69810104,1932.219971,4.431690216,66.00350189,41.13600159,2.14963007,53.42399979,1960.609985,4.639339924,51.30199814,35.76129913,1.631590009,248.5090027,92.52680206,42.49779892,218.3220062,107.2020035,40.23619843,1,0,0,0,0.0
35.45569992,2041.400024,4.577730179,67.8015976,42.75009918,3.0496099,41.28950119,2036.140015,4.866000175,53.05540085,39.9516983,1.717110038,229.7350006,99.10030365,39.1269989,220.2109985,115.2089996,40.39550018,0,0,0,1,0.0
54.86180115,1968.02002,4.39027977,65.13400269,41.44210052,2.932420015,56.95080185,1989.680054,4.686079979,50.07320023,35.79660034,1.661399961,245.3099976,93.68180084,42.91790009,217.0740051,105.6259995,37.54859924,1,0,0,0,0.0
40.54359818,2164.300049,4.66121006,64.66280365,41.54949951,5.388850212,48.28409958,2184.850098,4.836929798,49.03070068,38.24779892,1.970239997,238.7389984,102.3290024,36.80170059,208.9429932,113.1849976,31.31209946,1,0,0,0,0.0
44.90359879,1992.920044,4.559720039,64.86119843,42.18220139,2.719710112,50.21099854,2022.430054,4.763510227,49.42219925,37.09700012,1.692289948,244.6640015,88.83319855,42.1935997,213.3970032,104.7220001,35.17580032,1,0,0,0,0.0
41.8608017,2017.73999,4.455760002,65.3082962,41.54570007,2.405040026,47.49750137,2023.719971,4.848519802,53.58209991,38.27590179,1.665529966,233.7449951,97.04429626,41.70800018,220.076004,110.322998,39.89220047,1,0,0,0,0.0
43.44839859,1962.790039,4.209569931,67.53309631,41.94620132,2.070590019,49.23410034,1971.900024,4.75522995,55.95930099,37.98389816,1.604500055,231.0090027,99.71379852,41.56069946,227.1799927,113.4609985,42.2173996,1,0,0,0,0.0
40.36719894,2002.609985,4.576930046,67.47389984,39.99069977,2.411870003,46.01620102,2023.170044,5.064149857,50.79180145,37.20640182,1.497269988,214.0269928,94.25330353,138.7220001,201.8739929,105.6559982,42.47710037,1,0,0,0,22.5
55.98460007,1908.26001,4.112309933,66.72619629,39.82080078,1.760779977,62.28340149,1934.030029,4.796879768,52.96300125,35.3757019,1.494349957,222.0399933,89.39589691,132.6029968,215.3800049,103.2429962,46.4192009,1,0,0,0,0.0
58.12080002,1929.790039,4.231110096,66.34950256,39.65019989,1.849040031,63.2655983,1957.449951,4.806469917,50.31090164,34.96829987,1.485810041,219.8350067,86.99469757,135.5169983,208.1029968,102.262001,46.26699829,0,0,0,1,16.9
46.05879974,1945.5,4.271979809,69.34030151,40.28839874,2.026789904,52.14279938,1977.900024,4.797299862,51.99039841,36.29769897,1.485339999,222.8999939,90.16999817,134.227005,209.1329956,105.3740005,47.3728981,1,0,0,0,28.2
40.68489838,1953.98999,4.121329784,68.92749786,42.11330032,1.977010012,47.56409836,1967.540039,4.757239819,57.46530151,38.46039963,1.609799981,231.6860046,101.1780014,41.74399948,232.1779938,114.3280029,42.3567009,1,0,0,0,0.0
40.99089813,2120.48999,4.701019764,66.1006012,39.72919846,2.180119991,45.52769852,2098.030029,5.106629848,50.30530167,37.60739899,1.508329988,208.9199982,100.1719971,131.3410034,197.9700012,110.0019989,39.72909927,1,0,0,0,0.0
41.39020157,1976.920044,4.357299805,66.84279633,42.21929932,2.281080008,47.5746994,1983.5,4.830770016,55.14379883,38.07860184,1.626369953,235.6869965,99.46489716,42.13290024,227.5980072,115.1669998,42.5237999,1,0,0,0,28.2
52.36970139,1917.780029,4.396100044,64.47489929,41.35919952,1.925809979,55.47900009,1941.98999,4.680089951,51.72240067,35.39780045,1.597679973,245.3410034,93.13259888,43.145401,218.8789978,105.322998,37.8091011,1,0,0,0,22.5
48.25849915,1934.819946,4.09844017,69.68160248,40.73320007,1.879680037,54.82789993,1960.790039,4.725470066,54.2826004,36.60739899,1.497699976,227.7420044,92.30930328,119.3389969,218.8760071,106.5139999,48.64670181,0,0,0,1,16.9
34.63380051,2143.070068,4.601419926,68.18489838,42.70940018,3.477570057,39.82979965,2118.850098,4.933839798,53.14500046,40.5802002,1.746520042,220.878006,104.6829987,133.7850037,210.2839966,117.4550018,48.58179855,0,0,0,1,16.9
43.35380173,2001.329956,4.502840042,66.05660248,42.44979858,3.24574995,48.96900177,2028.380005,4.760789871,49.93270111,37.86529922,1.685649991,244.6820068,90.69599915,42.32989883,216.2440033,106.3079987,35.25559998,1,0,0,0,0.0
35.57379913,2126.0,4.534180164,68.89920044,42.69670105,3.505779982,41.19049835,2117.090088,4.930940151,53.66690063,40.18500137,1.734539986,220.1130066,104.8199997,138.5970001,208.470993,116.5240021,48.84370041,0,0,0,1,16.9
35.28689957,2190.0,4.550290108,70.15570068,42.40869904,3.805449963,40.37559891,2177.459961,4.967130184,52.17699814,39.83119965,1.726789951,225.0420074,106.8180008,137.7339935,207.9470062,117.6949997,48.69440079,0,0,0,1,0.0
48.53789902,1984.920044,4.427259922,67.29129791,40.29550171,2.055530071,54.01490021,2013.800049,4.878670216,50.32379913,35.6935997,1.479740024,218.9290009,91.44319916,138.8249969,204.9049988,103.8949966,44.01610184,0,0,0,1,0.0
42.22949982,1929.319946,4.550529957,66.76069641,40.23160172,2.096430063,48.05260086,1961.76001,4.876959801,50.57089996,36.02809906,1.489050031,219.4440002,87.33360291,137.4700012,212.4459991,104.1539993,43.97119904,1,0,0,0,0.0
36.26139832,1977.300049,4.298130035,68.02249908,41.47029877,2.284090042,42.6507988,1984.660034,4.977900028,55.58679962,39.53939819,1.637269974,228.2619934,97.70819855,41.17459869,231.6300049,115.9970016,41.71960068,1,0,0,0,0.0
51.70569992,1830.390015,4.055620193,62.0603981,38.90359879,1.524240017,60.71179962,1907.73999,4.773340225,50.77500153,34.84429932,1.488919973,222.2140045,86.89330292,131.5010071,209.2079926,102.913002,48.55080032,1,0,0,0,0.0
45.97529984,1964.219971,4.46446991,67.01609802,40.26190186,2.079149961,51.77050018,1996.189941,4.878489971,50.46699905,35.80730057,1.48266995,219.0570068,90.62689972,138.625,206.8910065,104.0690002,44.00910187,1,0,0,0,0.0
42.70660019,1962.890015,4.197879791,67.80139923,41.98659897,2.063159943,48.71260071,1972.22998,4.756219864,56.23289871,38.1371994,1.607149959,231.1179962,99.9756012,41.5890007,228.0549927,113.6869965,42.23989868,1,0,0,0,0.0
50.01900101,1918.390015,4.192709923,68.15119934,39.43939972,1.894430041,56.40800095,1952.780029,4.754950047,52.23360062,35.47340012,1.49890995,224.8329926,90.88030243,133.7810059,213.7380066,106.3160019,48.93510056,1,0,0,0,0.0
42.72370148,2000.109985,4.496059895,66.26930237,42.50889969,3.293230057,48.40869904,2027.27002,4.760550022,50.06570053,38.09799957,1.681800008,244.6660004,90.67970276,42.37120056,216.9060059,106.5370026,35.27669907,1,0,0,0,0.0
46.10649872,1973.780029,4.415440083,67.36299896,41.94990158,2.685899973,50.88650131,2001.329956,4.682499886,51.01979828,36.76789856,1.669389963,246.6380005,91.47789764,41.68889999,215.1049957,106.685997,38.67240143,1,0,0,0,16.9
43.68849945,1947.349976,4.044779778,69.32980347,42.30730057,1.84465003,51.1242981,1960.47998,4.791910172,57.44079971,38.06019974,1.615810037,229.1940002,98.67949677,42.95080185,228.0720062,111.1380005,41.4720993,0,0,0,1,0.0
42.9917984,2191.47998,4.502830029,66.42070007,41.70550156,6.433310032,51.52470016,2206.51001,4.834670067,47.76539993,37.70740128,2.000240088,241.0099945,101.5159988,37.01060104,209.6080017,111.9219971,31.3798008,1,0,0,0,0.0
38.00350189,1983.380005,4.328149796,66.34349823,41.1733017,2.321229935,44.8492012,1992.98999,4.983300209,55.22230148,38.770401,1.646409988,227.3959961,98.76730347,41.05699921,231.5980072,115.4530029,41.62559891,0,0,0,1,0.0
39.11520004,1934.23999,4.679880142,66.55200195,40.10359955,2.457420111,45.42750168,1969.280029,5.059440136,50.73740005,37.87469864,1.510519981,214.0299988,95.0891037,138.5650024,200.2019958,106.3089981,42.42660141,1,0,0,0,22.5
43.92770004,2074.669922,4.567249775,63.76279831,41.5870018,3.116359949,50.6385994,2086.939941,4.953519821,48.59500122,37.31729889,1.776880026,238.9120026,90.9280014,39.49259949,208.677002,105.5810013,33.45029831,1,0,0,0,28.2
36.16870117,2179.159912,4.458539963,69.61000061,43.61429977,5.170519829,42.66320038,2169.199951,4.868830204,50.89770126,39.86289978,1.913759947,238.9369965,105.8529968,39.68799973,218.9129944,119.814003,38.96139908,1,0,0,0,0.0
62.28210068,1897.01001,4.104750156,66.10630035,39.73009872,1.734779954,67.62400055,1917.410034,4.79873991,51.38980103,34.63370132,1.489230037,220.6900024,83.29180145,131.5269928,208.7740021,100.2600021,46.2439003,1,0,0,0,0.0
48.65119934,2078.719971,4.499599934,67.59130096,39.71659851,2.276269913,52.4695015,2096.929932,4.945310116,49.83720016,35.9673996,1.571490049,215.3619995,97.10649872,136.3269958,198.4420013,107.0810013,40.65480042,0,0,0,1,0.0
34.69490051,2107.129883,4.616010189,65.60990143,41.78919983,2.77696991,39.04790115,2053.949951,4.99323988,52.74729919,40.93730164,1.76267004,226.7910004,99.09690094,40.55390167,217.871994,115.9800034,40.75360107,1,0,0,0,0.0
42.47750092,2136.76001,4.699689865,64.20220184,41.39839935,4.288249969,48.9408989,2119.659912,4.989480019,48.9007988,38.01570129,1.777760029,233.1569977,98.95179749,36.32030106,207.3970032,111.0999985,30.95750046,1,0,0,0,0.0
47.04560089,2026.969971,4.478970051,67.41609955,39.86619949,2.134759903,52.32770157,2054.97998,5.059700012,50.26839828,35.97050095,1.48435998,214.3240051,94.2664032,138.2299957,201.1360016,104.8069992,42.5041008,1,0,0,0,22.5
44.75270081,2180.449951,4.463880062,66.71209717,41.71760178,6.647990227,53.25329971,2194.669922,4.832590103,47.51089859,37.39770126,1.987220049,241.8249969,100.5830002,37.12250137,210.0169983,111.1279984,31.43560028,1,0,0,0,0.0
45.13750076,1978.609985,4.361999989,68.30709839,42.03559875,2.836060047,50.17029953,2005.25,4.679950237,51.60599899,37.06330109,1.671509981,246.8130035,92.40460205,41.72949982,216.1690063,107.5569992,38.79359818,1,0,0,0,16.9
44.11449814,1964.199951,4.226029873,67.25109863,41.90439987,2.100250006,49.64839935,1972.819946,4.754469872,55.58119965,37.8409996,1.60255003,230.8679962,99.42839813,41.52339935,226.154007,113.2789993,42.18790054,1,0,0,0,0.0
44.35490036,1958.01001,4.255819798,69.64849854,40.73289871,2.098579884,50.5603981,1988.589966,4.754320145,52.61539841,37.13809967,1.495329976,228.4900055,93.11599731,121.0680008,217.4069977,108.3170013,47.90209961,1,0,0,0,28.2
41.34970093,1956.75,4.147029877,68.5345993,42.07419968,1.995110035,47.96049881,1968.709961,4.757009983,57.10369873,38.36930084,1.609060049,231.4949951,100.7310028,41.69319916,230.7949982,114.0790024,42.31850052,1,0,0,0,0.0
54.05039978,1917.459961,4.263639927,66.49839783,39.3227005,1.807909966,59.91339874,1952.569946,4.765339851,50.23920059,34.92419815,1.486930013,222.1230011,87.35520172,134.9810028,208.7030029,103.7229996,48.5929985,1,0,0,0,0.0
51.06919861,1928.560059,4.292900085,65.38909912,41.4496994,1.913259983,54.41849899,1952.040039,4.678219795,53.15359879,35.9367981,1.616840005,245.4730072,95.71330261,43.30369949,222.8399963,106.3690033,37.95970154,1,0,0,0,0.0
39.94100189,2142.860107,4.629459858,67.17880249,39.86660004,2.824500084,44.98600006,2163.669922,4.95017004,50.25970078,37.36980057,1.669280052,215.3070068,102.6579971,133.826004,198.3950043,110.8150024,40.2458992,1,0,0,0,0.0
54.99380112,1960.859985,4.393020153,65.03710175,41.4294014,2.78888011,56.9598999,1982.829956,4.685410023,50.20009995,35.73089981,1.652840018,245.272995,93.46589661,42.93280029,217.022995,105.5,37.5685997,1,0,0,0,0.0
46.93489838,2089.77002,4.51116991,67.90209961,39.73099899,2.302710056,50.89500046,2108.120117,4.946070194,49.88010025,36.07630157,1.571259975,215.3670044,98.01989746,137.0720062,197.8890076,107.3909988,40.65230179,0,0,0,1,0.0
60.61709976,1930.910034,4.210589886,66.59729767,39.69200134,1.842579961,65.54930115,1955.150024,4.805540085,50.43239975,34.9742012,1.48724997,219.8370056,86.74859619,135.1779938,208.3150024,102.0479965,46.26119995,0,0,0,1,0.0
55.19039917,1947.300049,4.399330139,64.82980347,41.40200043,2.53283,56.98849869,1969.77002,4.684050083,50.42200089,35.5868988,1.635529995,245.2039948,93.05599976,42.95909882,216.8670044,105.2509995,37.6053009,1,0,0,0,0.0
58.69689941,1912.400024,4.204020023,65.81809998,39.60499954,1.793230057,64.00170135,1941.949951,4.805449963,50.36769867,34.77569962,1.484060049,219.9389954,85.78040314,134.4100037,208.1170044,101.7590027,46.24100113,1,0,0,0,16.9
37.49319839,2149.949951,4.484200001,67.04260254,42.1169014,5.057139874,44.79899979,2149.139893,4.99063015,50.51409912,39.32799911,1.942659974,235.2369995,101.8970032,38.14899826,215.8760071,117.1800003,36.50709915,1,0,0,0,0.0
44.02920151,1959.869995,4.320400238,66.35489655,41.14860153,2.214960098,50.56819916,1971.73999,4.86093998,54.11830139,37.87020111,1.611500025,225.6190033,95.02839661,40.44639969,222.1230011,109.8809967,39.36180115,0,0,0,1,28.2
58.16339874,1921.829956,4.222420216,66.10929871,39.6283989,1.825809956,63.41120148,1950.650024,4.806119919,50.33610153,34.8905983,1.485100031,219.8829956,86.48829651,135.0780029,208.1779938,102.0770035,46.25699997,1,0,0,0,16.9
40.22859955,1948.650024,4.076439857,69.37830353,42.14780045,1.928730011,47.49969864,1964.76001,4.756470203,58.04970169,38.46070099,1.609069943,231.9689941,102.0270004,41.82519913,234.253006,114.5189972,42.41529846,1,0,0,0,0.0
50.52080154,1909.849976,4.199679852,67.60079956,39.39599991,1.859040022,56.95780182,1946.030029,4.756490231,51.93769836,35.32030106,1.496299982,224.447998,89.89769745,133.5970001,213.253006,105.7689972,48.87279892,1,0,0,0,0.0
49.18220139,1911.109985,4.773019791,65.75229645,41.89179993,2.208630085,50.36040115,1952.180054,4.691009998,49.61259842,36.16590118,1.589920044,247.0480042,86.34210205,41.76720047,214.2519989,102.6389999,38.37070084,1,0,0,0,16.9
48.28960037,2011.540039,4.552690029,64.65239716,42.05329895,3.152699947,53.44589996,2037.780029,4.763140202,48.96760178,36.43280029,1.713979959,244.8200073,90.37809753,42.04729843,212.0330048,104.637001,35.09339905,1,0,0,0,0.0
41.33399963,1942.619995,4.033410072,69.05120087,42.13470078,1.791120052,48.98160172,1958.829956,4.753960133,58.85599899,38.25260162,1.605970025,232.0509949,102.2180023,41.89419937,235.1829987,113.6139984,42.45529938,1,0,0,0,0.0
42.19480133,2171.959961,4.571239948,65.51509857,41.61289978,5.944880009,50.52119827,2189.620117,4.835390091,48.29219818,37.84560013,1.977789998,240.1410065,100.9069977,36.96459961,209.3880005,111.9690018,31.36989975,1,0,0,0,0.0
32.8669014,2229.709961,4.762209892,67.26100159,42.42879868,4.245029926,38.71780014,2216.26001,4.972799778,51.53919983,40.78440094,1.824309945,225.0769958,109.9710007,128.7510071,208.3540039,120.2939987,48.1012001,0,0,0,1,0.0
33.20100021,2221.050049,4.714270115,67.01409912,43.36100006,4.448949814,39.07130051,2201.310059,4.88203001,51.27809906,40.8166008,1.917129993,235.7180023,108.9049988,39.42910004,213.7810059,121.2279968,38.94950104,1,0,0,0,0.0
44.69260025,2078.699951,4.557909966,62.46910095,41.39680099,2.507649899,52.5489006,2103.26001,4.951640129,48.51720047,37.00289917,1.811079979,239.0509949,88.82109833,39.4695015,205.9929962,104.5100021,33.4375,1,0,0,0,28.2
40.41820145,2145.659912,4.609099865,67.87190247,39.85599899,2.721699953,45.25590134,2165.340088,4.949969769,50.21009827,37.16410065,1.641350031,215.3119965,102.7310028,135.9210052,197.072998,110.2409973,40.37689972,1,0,0,0,0.0
54.84930038,1974.0,4.385590076,65.22969818,41.45330048,3.059809923,57.00540161,1995.26001,4.68655014,49.98260117,35.8512001,1.668249965,245.3339996,93.93419647,42.90650177,217.1860046,105.7470016,37.53150177,1,0,0,0,0.0
41.7594986,1986.5,4.566060066,67.51499939,39.93280029,2.342710018,47.6269989,2019.72998,5.059100151,50.72840118,36.82949829,1.497959971,214.2079926,93.58660126,139.302002,201.9230042,105.2649994,42.52399826,0,0,0,1,22.5
46.78250122,2096.929932,4.549499989,64.99469757,41.43299866,5.161049843,54.62509918,2124.550049,4.968830109,48.22990036,36.92100143,1.819270015,237.6840057,96.05670166,36.76810074,209.4329987,108.5630035,31.1739006,1,0,0,0,0.0
41.07619858,2101.27002,4.613800049,68.07510376,39.73239899,2.419070005,46.14789963,2111.52002,5.094039917,50.60419846,37.17639923,1.503769994,210.1690063,100.2559967,137.7779999,195.3240051,108.3919983,40.16059875,0,0,0,1,0.0
52.64899826,1862.339966,4.16700983,63.84749985,39.06060028,1.616260052,60.15409851,1919.369995,4.767660141,50.4457016,34.59740067,1.481760025,222.3200073,86.62519836,132.4579926,210.1589966,103.276001,48.54669952,1,0,0,0,0.0
51.03630066,1900.030029,4.202020168,66.95379639,39.34149933,1.814859986,57.55899811,1938.640015,4.758100033,51.63809967,35.14479828,1.493219972,224.0639954,88.93779755,133.3110046,212.8249969,105.2160034,48.80720139,1,0,0,0,0.0
41.85369873,2143.47998,4.744029999,63.95249939,41.3832016,4.100190163,47.93370056,2114.959961,4.994249821,49.13970184,38.2859993,1.76067996,232.0809937,99.9598999,36.20439911,206.8970032,111.8430023,30.91189957,0,0,0,1,0.0
34.41930008,2102.449951,4.690100193,66.93470001,42.82189941,2.728090048,37.76330185,2023.77002,4.882269859,52.61339951,41.36320114,1.690670013,228.8970032,98.25740051,39.20619965,218.2599945,116.9580002,40.41579819,0,0,0,1,0.0
37.67440033,1994.920044,4.460559845,69.12359619,43.25279999,2.423549891,43.10900116,1997.540039,4.877830029,55.02280045,39.45949936,1.624760032,239.3390045,98.5345993,42.71450043,227.8090057,114.4950027,41.23540115,1,0,0,0,0.0
42.81349945,1956.52002,4.453639984,67.27670288,40.50419998,2.132070065,48.91249847,1990.839966,4.876949787,50.80099869,36.62279892,1.479699969,220.2030029,90.0463028,137.0700073,208.7140045,104.5059967,43.98419952,1,0,0,0,0.0
38.38000107,1983.810059,4.341380119,65.89450073,41.08890152,2.348459959,45.31069946,1994.98999,4.985020161,54.99819946,38.56430054,1.647770047,227.128006,98.68930054,41.0182991,231.4660034,115.302002,41.59379959,0,0,0,1,0.0
33.44260025,2217.100098,4.701779842,68.05079651,42.43579865,4.140789986,38.86339951,2196.639893,4.971300125,51.68610001,40.59479904,1.790590048,225.1139984,108.538002,130.798996,208.6699982,119.4769974,48.25370026,0,0,0,1,0.0
58.92380142,1899.469971,4.114459991,66.23480225,39.74620056,1.739070058,64.8035965,1924.48999,4.798429966,52.10390091,34.99200058,1.490669966,221.3430023,86.52089691,132.1920013,212.2669983,101.9449997,46.33010101,1,0,0,0,0.0
47.7336998,1957.069946,4.323319912,67.46340179,41.17010117,2.456599951,52.27249908,1984.329956,4.635739803,52.25350189,36.24200058,1.665269971,249.1190033,95.49289703,42.56890106,221.1900024,109.2559967,40.44680023,1,0,0,0,0.0
61.98070145,1908.959961,4.168970108,66.05719757,39.6609993,1.777580023,67.07180023,1933.280029,4.803410053,50.58509827,34.7052002,1.486230016,220.029007,84.53199768,133.5,207.9750061,101.0749969,46.22850037,1,0,0,0,0.0
37.06380081,2024.77002,4.504809856,67.46060181,42.37360001,2.676810026,42.49409866,2020.880005,4.935490131,53.70980072,39.75780106,1.636890054,233.5399933,96.65519714,43.36600113,223.9459991,111.75,41.65969849,1,0,0,0,22.5
40.84120178,1941.77002,3.984649897,69.28009796,42.17760086,1.755749941,48.91910172,1958.410034,4.753320217,59.51029968,38.29539871,1.608279943,232.2310028,102.961998,41.98289871,237.3040009,113.4599991,42.50979996,1,0,0,0,0.0
37.69440079,1940.98999,3.979640007,73.16529846,42.3932991,2.288969994,44.82300186,1968.300049,4.817420006,58.69189835,38.71860123,1.629480004,236.4170074,102.1490021,42.50540161,236.9889984,117.2789993,43.02030182,1,0,0,0,28.2
42.28319931,2023.369995,4.417870045,65.93869781,41.87919998,2.657429934,47.60079956,2030.52002,4.812449932,52.90069962,38.10839844,1.649340034,235.1790009,97.79640198,41.16579819,218.8659973,110.1090012,38.91719818,1,0,0,0,0.0
43.81750107,2071.5,4.58273983,64.50039673,41.71170044,3.730969906,49.59659958,2066.409912,4.957210064,48.91809845,37.65530014,1.746780038,238.3370056,93.04219818,39.49349976,210.9029999,106.7580032,33.46989822,1,0,0,0,28.2
43.86420059,2142.27002,4.536240101,69.35780334,39.81119919,2.420399904,48.01900101,2158.98999,4.948699951,50.04180145,36.4693985,1.56922996,215.3000031,101.9810028,140.5980072,193.9660034,108.3880005,40.72180176,0,0,0,1,0.0
39.57279968,1996.459961,4.545529842,68.54910278,43.27479935,2.519429922,44.60150146,2003.380005,4.878069878,54.38700104,38.93099976,1.619390011,240.3280029,98.40550232,42.72280121,226.3760071,113.4000015,41.14250183,1,0,0,0,0.0
