Ols_Al_0_2,Ols_Ca_0_2,Ols_Fe_0_2,Ols_K_0_2,Ols_Mg_0_2,Ols_P_0_2,Ols_Al_2_6,Ols_Ca_2_6,Ols_Fe_2_6,Ols_K_2_6,Ols_Mg_2_6,Ols_P_2_6,TOC_0_2,IC_0_2,TN_0_2,TOC_2_6,IC_2_6,TN_2_6,Zone_1,Zone_2,Zone_3,Zone_4
0.520618975,61.95869827,0.65308702,147.272995,44.35469818,3.446549892,0.404940009,56.81760025,0.537428975,125.9960022,47.16960144,2.41704011,207.5820007,64.93039703,38.42670059,188.5590057,79.34200287,40.62189865,0,0,0,1
1.08743,89.2059021,1.167549968,212.9519958,48.40829849,5.926469803,1.06851995,82.271698,1.265740037,169.1690063,44.10309982,3.822170019,219.9160004,83.92980194,39.42020035,219.8289948,89.55780029,42.88560104,0,0,0,1
0.646431983,70.12709808,0.660067976,172.647995,50.44540024,4.364459991,0.571066976,64.15059662,0.601378024,145.0429993,51.21509933,2.927730083,210.1179962,67.58769989,37.87549973,194.4600067,79.9960022,42.30490112,1,0,0,0
0.335588992,52.57030106,0.553650975,124.9860001,38.88600159,2.925149918,0.237393007,46.7859993,0.419844002,101.3170013,44.07440186,1.904229999,210.0930023,64.4763031,38.49520111,198.6640015,73.29399872,41.14300156,0,0,0,1
1.033149958,80.02159882,1.095800042,189.5169983,44.31269836,4.560850143,0.924776971,75.84449768,0.94186002,160.2050018,43.83990097,3.410900116,217.8899994,76.13349915,39.22380066,207.0789948,81.47640228,42.22769928,1,0,0,0
1.069679976,87.42639923,1.195140004,205.2480011,47.78950119,5.710169792,0.988174975,80.37270355,1.168949962,166.2949982,44.10739899,3.720570087,219.5330048,82.22599792,39.37929916,216.5950012,88.24019623,42.76739883,1,0,0,0
0.846671999,75.05249786,1.341750026,176.6190033,45.50040054,4.991479874,0.584123015,76.46080017,1.074689984,159.5350037,49.12969971,3.685129881,224.0950012,73.32659912,40.6568985,211.8730011,88.03710175,43.72669983,0,0,0,1
1.157539964,90.959198,1.251039982,214.9839935,46.41249847,6.072730064,1.287719965,87.85389709,1.489060044,176.1000061,43.92340088,3.971489906,219.5429993,81.80680084,39.49649811,213.9620056,92.01599884,42.7220993,0,0,0,1
0.393382013,75.87190247,0.545493007,200.1419983,65.90509796,6.01940012,0.337958008,54.08509827,0.362331986,126.8610001,45.89500046,2.757189989,211.772995,63.47949982,38.57450104,197.7570038,74.40139771,41.26250076,0,0,0,1
1.215270042,87.02459717,1.290040016,216.2749939,45.61600113,5.120259762,1.162520051,81.6072998,1.158030033,170.6060028,43.7118988,3.767549992,219.5910034,81.80000305,39.31980133,214.4080048,82.4469986,42.23320007,0,0,0,1
1.114310026,91.05599976,1.125859976,218.9160004,47.76010132,6.165160179,1.207039952,85.76139832,1.431049943,173.7169952,44.00400162,3.953269958,219.7850037,84.18019867,39.48300171,218.1690063,92.3526001,42.85639954,0,0,0,1
0.556475997,68.35340118,0.59789902,171.522995,52.16350174,4.52478981,0.486532986,59.27759933,0.520150006,135.5010071,47.6875,2.744469881,208.0410004,66.07209778,38.45130157,190.4539948,80.04989624,40.64189911,1,0,0,0
1.135560036,91.83630371,1.347569942,217.996994,48.77420044,6.730899811,1.209439993,87.95330048,1.568400025,175.0220032,44.05170059,4.141009808,220.4559937,86.32520294,39.5428009,219.7220001,94.770401,42.90940094,1,0,0,0
1.222890019,89.65149689,1.383049965,209.9210052,44.74700165,5.716440201,1.387509942,89.2779007,1.492030025,178.5209961,43.83399963,3.901050091,218.8350067,77.74829865,39.4742012,207.5370026,89.77349854,42.51399994,1,0,0,0
1.204439998,87.01470184,1.406270027,202.6970062,42.2743988,5.104740143,1.304870009,85.68460083,1.297860026,174.5149994,43.69850159,3.675590038,217.4429932,73.59809875,39.38499832,198.326004,85.55000305,42.16159821,0,0,0,1
0.766331971,73.12310028,0.730322003,183.5659943,51.51269913,4.67648983,0.678992987,65.7664032,0.654069006,152.0050049,50.48279953,3.153820038,212.0690002,69.43560028,38.20909882,198.1549988,79.57379913,41.63339996,1,0,0,0
0.69629401,70.19830322,0.962007999,164.2030029,45.41249847,4.017049789,0.528407991,71.22589874,0.836654007,149.0899963,50.66650009,3.161720037,218.7870026,67.63050079,39.39569855,199.8130035,82.99330139,44.73759842,0,0,0,1
0.724654019,71.30729675,1.084810019,166.7339935,44.96110153,4.256609917,0.502740979,72.45429993,0.905094981,154.1459961,49.91820145,3.377569914,220.4980011,68.91300201,39.76490021,203.3919983,85.76629639,44.19300079,0,0,0,1
1.16486001,88.34799957,1.195039988,212.8090057,45.66880035,5.335979939,1.166749954,82.80239868,1.230499983,171.0599976,43.84989929,3.782409906,219.2799988,82.04889679,39.37369919,215.9279938,85.5530014,42.55810165,0,0,0,1
0.372074008,57.7439003,0.545746028,140.3650055,44.15480042,3.424540043,0.291862011,49.75,0.43365401,110.1380005,44.51390076,2.133260012,209.8150024,64.27189636,38.47949982,194.4049988,74.70269775,41.07080078,0,0,0,1
0.284868002,49.11959839,0.427132994,114.7910004,35.81940079,2.615880013,0.218853995,45.32040024,0.370232999,97.36380005,43.85319901,1.75988996,210.5679932,63.52870178,38.51039886,202.9539948,70.23400116,41.17610168,0,0,0,1
1.175369978,84.44499969,1.258200049,204.5180054,44.52719879,4.854839802,1.119310021,79.93769836,1.073510051,167.5599976,43.75559998,3.603149891,218.5039978,79.04750061,39.28250122,209.3170013,81.376297,42.21149826,1,0,0,0
0.308198988,52.44070053,0.451492995,123.7060013,39.1487999,2.859549999,0.246703997,47.02759933,0.384532988,102.276001,44.1228981,1.894709945,210.397995,63.60839844,38.50469971,198.8809967,71.13130188,41.18209839,0,0,0,1
0.911134005,78.60079956,0.906830013,195.9730072,51.14110184,4.809360027,0.904968977,75.50189972,0.870258987,169.8130035,50.53079987,3.547590017,217.5099945,72.81580353,39.69950104,204.227005,79.90630341,43.00640106,1,0,0,0
1.20062995,85.81410217,1.294330001,207.7709961,44.2961998,4.965819836,1.177389979,81.53170013,1.133460045,169.8659973,43.72589874,3.657959938,218.5870056,78.85929871,39.31330109,208.5549927,82.28630066,42.20940018,0,0,0,1
1.103430033,92.09429932,1.376970053,219.2079926,50.12469864,7.031909943,1.120569944,86.34729767,1.521759987,172.4660034,44.11650085,4.17843008,221.003006,87.64070129,39.54529953,222.6419983,95.17669678,42.97779846,0,0,0,1
0.612305999,66.06590271,0.714855015,154.3869934,44.93579865,3.673719883,0.464248002,64.4233017,0.699091017,137.9579926,48.91479874,2.85281992,210.6940002,65.66130066,37.70149994,193.9830017,80.2161026,41.20190048,0,0,0,1
0.781791985,73.94830322,1.153980017,175.052002,46.35699844,4.577569962,0.543977976,75.20269775,0.949286997,159.3179932,49.34820175,3.509239912,223.397995,69.8565979,40.61130142,206.9329987,85.55809784,43.53540039,0,0,0,1
1.065889955,92.38539886,1.279520035,222.0079956,51.31000137,6.932449818,1.076189995,84.30329895,1.397349954,170.2920074,44.1896019,4.032919884,221.7590027,86.24169922,39.5318985,223.7969971,94.49590302,43.0617981,0,0,0,1
0.878069997,71.6812973,1.215070009,165.3950043,40.92029953,4.284220219,0.656138003,73.90660095,1.007609963,153.095993,43.78300095,3.373790026,218.5820007,72.03309631,39.3484993,206.8509979,87.60050201,42.5848999,0,0,0,1
0.927734017,76.79340363,1.029340029,179.1369934,43.93239975,4.47247982,0.774805009,73.80500031,0.912720978,155.5379944,43.88050079,3.326879978,217.7369995,73.84700012,39.2262001,204.8289948,83.71800232,42.26390076,1,0,0,0
1.146520019,91.26799774,1.243450046,216.4660034,47.1128006,6.22713995,1.266459942,87.69979858,1.501760006,175.7180023,43.9618988,4.004670143,219.7839966,83.12999725,39.5060997,215.8240051,92.75859833,42.78490067,0,0,0,1
1.110159993,92.06860352,1.334390044,219.4420013,49.70040131,6.886300087,1.154270053,86.69960022,1.523249984,173.276001,44.09680176,4.141670227,220.8099976,87.04429626,39.54019928,221.651001,94.93170166,42.95999908,0,0,0,1
0.284345001,55.45149994,0.450289011,134.5070038,42.85189819,3.300390005,0.253302008,47.38430023,0.322896004,104.8740005,44.35480118,2.000989914,211.1360016,63.49209976,38.53179932,200.8829956,69.54270172,41.26459885,0,0,0,1
1.050899982,80.01879883,1.102489948,190.4519958,44.06100082,4.508450031,0.957503974,75.89240265,0.926427007,160.6629944,43.79719925,3.395760059,217.7630005,75.60939789,39.21179962,205.7440033,80.60569763,42.14379883,1,0,0,0
0.690905988,71.03209686,0.79014802,168.427002,47.46609879,4.052080154,0.575498998,71.17819977,0.751460016,156.9689941,54.46770096,3.263859987,216.2920074,67.35600281,38.2901001,196.9889984,82.35379791,42.88330078,1,0,0,0
0.817914009,75.56390381,0.830424011,185.5529938,49.8443985,4.439960003,0.757565975,73.91819763,0.826545,166.128006,51.6169014,3.49526,219.3600006,69.69429779,39.72650146,201.8789978,80.72109985,42.91790009,1,0,0,0
0.255163014,54.07139969,0.409289986,133.0299988,41.81280136,3.359529972,0.223324001,45.7798996,0.289216012,101.5230026,44.27740097,1.963580012,211.2850037,63.32379913,38.54309845,204.9429932,69.23690033,41.25479889,0,0,0,1
1.075109959,80.86910248,1.133080006,192.9160004,44.17839813,4.573269844,0.986597002,76.63269806,0.952600002,161.9409943,43.7969017,3.434190035,217.9019928,76.37049866,39.22489929,206.6519928,80.70610046,42.16970062,1,0,0,0
1.24131,89.16449738,1.410940051,208.5449982,44.38290024,5.604549885,1.413980007,89.42489624,1.478119969,178.9839935,43.81140137,3.869859934,218.6439972,76.6108017,39.4620018,205.9380035,88.90029907,42.45349884,1,0,0,0
0.363297999,66.9088974,0.527801991,174.1909943,55.68389893,4.959050179,0.315667003,51.92760086,0.323352009,120.586998,45.24280167,2.526060104,211.6239929,63.79439926,38.57180023,200.072998,74.11009979,41.27920151,0,0,0,1
1.075870037,91.86340332,1.498039961,217.4579926,51.29740143,7.451630116,0.989428997,84.25740051,1.467970014,168.8769989,44.16569901,4.288859844,221.4640045,88.64109802,39.54240036,225.4640045,94.98560333,42.98740005,0,0,0,1
0.633171022,73.94619751,0.664656997,190.7059937,56.72679901,5.214710236,0.597223997,63.6896019,0.560020983,147.197998,49.58909988,3.124530077,209.298996,67.43730164,37.73239899,197.8329926,79.14689636,41.00579834,1,0,0,0
0.981151998,81.14399719,1.450139999,188.8110046,45.86650085,6.000329971,0.774658024,78.34349823,1.212779999,159.8269958,43.96770096,3.901410103,220.4160004,80.31590271,39.46780014,218.2140045,91.24819946,42.85910034,0,0,0,1
1.105880022,90.89279938,1.101709962,220.1499939,48.2256012,6.190259933,1.186419964,85.22730255,1.420339942,173.2200012,44.03889847,3.948909998,219.746994,84.80470276,39.47790146,219.1390076,92.42340088,42.89810181,0,0,0,1
0.339632988,61.44960022,0.500976026,147.4140015,48.16680145,3.605180025,0.295715988,50.68650055,0.380712986,114.0059967,44.9192009,2.279190063,210.4089966,63.39640045,38.49980164,191.1239929,73.15840149,41.46989822,0,0,0,1
0.324368,52.17259979,0.524070024,123.7710037,38.62020111,2.887949944,0.234160006,46.54370117,0.409126997,100.7089996,44.05550003,1.88369,210.1900024,64.23449707,38.49779892,199.3049927,72.62709808,41.15269852,0,0,0,1
0.340873986,54.64490128,0.521434009,130.8560028,41.12530136,3.109240055,0.259835988,47.97650146,0.415344,104.9199982,44.2655983,1.991160035,210.0899963,64.13330078,38.49250031,197.0859985,73.19680023,41.13510132,0,0,0,1
0.298979014,59.32350159,0.461165011,149.4429932,47.29660034,3.953119993,0.267414004,48.542099,0.299080014,110.072998,44.69049835,2.204859972,211.3840027,63.57580185,38.55369949,202.1589966,71.09179688,41.2757988,0,0,0,1
0.734598994,71.84940338,0.924426019,168.9380035,45.86439896,4.105490208,0.564589977,72.37650299,0.831040025,155.8099976,50.02519989,3.264100075,219.8580017,68.13800049,39.70360184,200.220993,83.41280365,44.00360107,1,0,0,0
0.731992006,72.86430359,0.694566011,183.9949951,52.38909912,4.71405983,0.653535008,65.24859619,0.630455971,151.5220032,50.56409836,3.146270037,212.0249939,68.62909698,38.21279907,197.4160004,79.23919678,41.62239838,1,0,0,0
0.405304015,65.21589661,0.525514007,165.1439972,52.67100143,4.400670052,0.347456008,52.81779861,0.433705986,120.1500015,45.11970139,2.440629959,209.9279938,64.2303009,38.48860168,192.7039948,75.42459869,41.03239822,0,0,0,1
1.136229992,91.5326004,1.248170018,217.7409973,47.8268013,6.389920235,1.242730021,87.5102005,1.512240052,175.2579956,44.00090027,4.037889957,220.0330048,84.35209656,39.51539993,217.5310059,93.4469986,42.84180069,0,0,0,1
0.413906991,78.73760223,0.531432986,211.3209991,69.45970154,6.415380001,0.365972996,55.09980011,0.400878996,129.4720001,46.13999939,2.8317101,211.651001,64.6957016,38.59939957,197.8860016,73.35549927,41.25460052,0,0,0,1
0.749248028,72.78820038,0.859598994,172.2070007,46.82970047,4.145609856,0.60532099,72.5759964,0.804468989,157.1459961,50.09339905,3.240119934,219.6269989,68.30840302,39.67660141,199.423996,82.09359741,43.91870117,1,0,0,0
0.349714994,52.97779846,0.58950597,126.2080002,39.10829926,2.960969925,0.242324993,47.11199951,0.43256101,102.1429977,44.09339905,1.928490043,209.9810028,64.77559662,38.49240112,197.9250031,74.09670258,41.13140106,0,0,0,1
0.424665004,60.70299911,0.551347017,149.496994,46.66450119,3.634829998,0.353139997,52.47100067,0.462884009,118.211998,44.81259918,2.319070101,208.7380066,64.25119781,38.417099,188.8710022,77.61119843,40.77920151,1,0,0,0
0.884451985,73.50170135,1.389660001,170.1799927,42.12369919,4.95950985,0.620715976,75.01999664,1.124619961,153.6549988,43.81110001,3.648750067,219.3609924,74.89080048,39.4117012,212.4360046,89.50869751,42.71839905,0,0,0,1
0.906711996,68.93370056,1.381150007,159.0140076,38.48830032,4.274829865,0.674932003,75.41339874,1.107179999,153.9100037,43.62229919,3.452290058,219.2859955,73.90589905,39.44369888,210.4730072,89.2335968,42.85219955,0,0,0,1
0.259187996,51.87960052,0.403706014,124.8949966,39.26309967,3.029759884,0.225218996,45.62950134,0.309652001,99.90740204,44.08929825,1.865669966,211.1750031,63.29019928,38.53409958,204.7290039,68.76119995,41.23659897,0,0,0,1
0.602580011,63.07740021,0.895830989,147.0240021,41.56219864,3.771229982,0.398746014,59.95320129,0.764640987,123.0550003,44.52830124,2.734250069,218.4880066,67.21659851,39.69290161,204.2669983,80.62689972,42.68099976,0,0,0,1
0.411570996,58.93130112,0.581265986,143.904007,44.77299881,3.470069885,0.326292992,51.2881012,0.461486995,114.4929962,44.63219833,2.227649927,209.1320038,64.50779724,38.44279861,191.0189972,77.02559662,40.90259933,0,0,0,1
1.163159966,87.67089844,1.213080049,211.2440033,45.80419922,5.25992012,1.139420033,82.07569885,1.201140046,170.1640015,43.87369919,3.761640072,219.2319946,82.28209686,39.35409927,216.6869965,84.63539886,42.56470108,1,0,0,0
0.735216022,71.44450378,0.723345995,176.529007,49.71590042,4.389259815,0.631658971,65.42919922,0.64714998,150.1109924,50.39390182,3.058049917,211.7319946,68.72949982,38.18889999,196.3009949,80.09529877,41.59080124,1,0,0,0
0.650516987,69.89710236,0.801280975,164.0690002,46.84090042,3.904230118,0.519042015,70.46199799,0.743007004,150.1049957,53.17480087,3.089299917,218.5149994,66.54679871,38.20479965,196.0769958,81.57299805,43.13959885,0,0,0,1
0.907563984,72.89710236,1.258460045,168.1679993,41.18970108,4.461359978,0.693325996,74.95860291,1.044160008,154.7599945,43.79729843,3.427129984,218.8840027,73.43859863,39.37810135,208.3029938,88.3463974,42.6651001,0,0,0,1
0.347709,62.36539841,0.496861994,152.2189941,49.55500031,3.848609924,0.300561011,50.88010025,0.388945013,114.4830017,44.94129944,2.291009903,210.5079956,63.56119919,38.50989914,192.8200073,72.99710083,41.35800171,0,0,0,1
0.373102993,62.39039993,0.510556996,154.927002,49.65330124,4.008160114,0.313742995,51.23519897,0.417075992,115.1760025,44.89210129,2.297709942,210.1829987,63.98270035,38.49890137,193.9049988,74.00489807,41.14379883,0,0,0,1
0.260841012,50.49169922,0.395402014,119.9520035,37.68629837,2.834369898,0.226581007,45.5469017,0.318199009,99.08899689,43.9742012,1.810789943,211.1000061,63.26660156,38.53079987,204.4940033,68.49649811,41.21789932,0,0,0,1
1.077960014,92.27729797,1.276370049,221.5610046,50.7879982,6.900149822,1.10205996,84.93630219,1.431710005,171.2140045,44.1590004,4.062049866,221.3600006,86.57879639,39.52999878,223.1849976,94.57029724,43.02830124,0,0,0,1
0.432413995,80.61710358,0.560486972,219.9149933,72.05180359,6.860630035,0.378930002,55.75159836,0.384211987,132.8399963,46.28210068,2.972680092,212.0249939,64.4720993,38.60739899,199.7109985,75.15010071,41.19319916,0,0,0,1
1.130660057,83.79309845,1.20915997,200.904007,44.92459869,4.838829994,1.04855001,78.92089844,1.052880049,165.6029968,43.8370018,3.582040071,218.5319977,79.53320313,39.2757988,211.723999,81.76789856,42.3445015,1,0,0,0
0.258879006,52.93849945,0.408820003,128.6360016,40.4695015,3.176350117,0.225584,45.76589966,0.302756011,100.75,44.17760086,1.91050005,211.220993,63.30860138,38.53739929,204.6880035,68.98660278,41.24639893,0,0,0,1
0.397659987,70.36530304,0.555453002,187.4600067,59.89260101,5.55257988,0.338346988,53.34149933,0.331957012,125.3919983,45.47819901,2.683949947,211.9100037,64.1190033,38.59130096,200.772995,75.92320251,41.24959946,0,0,0,1
0.529323995,62.39020157,0.601993024,148.9850006,45.0632019,3.464179993,0.432666987,57.60919952,0.533562005,128.3769989,47.26150131,2.458659887,206.9830017,64.8022995,38.38209915,186.4450073,79.8184967,40.44689941,1,0,0,0
0.240171,51.02740097,0.38835901,123.4800034,38.58089828,3.031840086,0.202463999,44.46009827,0.295150995,97.06479645,44.02550125,1.826089978,211.2250061,63.22090149,38.53609848,206.8029938,68.52690125,41.24039841,0,0,0,1
0.389562994,68.58760071,0.546077013,182.095993,57.79919815,5.312739849,0.336156011,52.92879868,0.325410008,124.2419968,45.37440109,2.640850067,211.8070068,64.27210236,38.5904007,201.0180054,75.53330231,41.2655983,0,0,0,1
1.128800035,90.61340332,1.114629984,215.3639984,46.0483017,5.789130211,1.226490021,85.47789764,1.372920036,173.576004,43.89590073,3.87838006,219.4579926,81.79340363,39.45840073,215.5679932,90.40139771,42.73289871,0,0,0,1
1.09897995,82.54920197,1.173740029,196.8609924,44.7254982,4.745079994,1.006839991,77.88500214,1.013980031,163.7960052,43.84370041,3.522840023,218.3040009,78.41829681,39.2582016,210.2230072,81.6289978,42.31340027,1,0,0,0
0.940587997,75.96309662,0.979776978,186.8739929,46.85639954,4.653210163,0.919052005,72.78749847,0.901434004,162.3280029,45.04769897,3.439840078,212.0149994,73.27300262,38.38890076,201.5410004,80.65989685,41.84730148,1,0,0,0
0.495227993,70.99269867,0.588898003,198.2259979,61.16159821,5.751639843,0.471303999,57.82139969,0.428676009,139.8549957,47.96099854,3.229249954,210.3990021,66.06109619,38.03789902,198.2220001,78.78929901,40.50870132,1,0,0,0
0.506358981,62.44290161,0.566236019,149.8959961,45.88800049,3.494319916,0.420022011,57.20859909,0.518103004,127.8270035,47.30730057,2.451910019,207.0,64.21209717,38.38150024,186.1730042,78.99420166,40.44120026,1,0,0,0
0.841253996,77.9654007,0.919753015,186.3560028,48.88779831,4.52989006,0.718365014,76.35279846,0.839430988,164.572998,49.55160141,3.409729958,222.6990051,70.9815979,40.52270126,204.0339966,81.46360016,43.29439926,1,0,0,0
1.068109989,81.38490295,1.138149977,193.3280029,44.54759979,4.66242981,0.967410982,76.93029785,0.980072975,162.1089935,43.84569931,3.470380068,218.1109924,77.37689972,39.24259949,208.8070068,81.58170319,42.27920151,1,0,0,0
1.184270024,90.76689911,1.318840027,213.6829987,46.07260132,6.049449921,1.329560041,88.94159698,1.526950002,177.4900055,43.90750122,3.986279964,219.4199982,81.0786972,39.50299835,212.4190063,91.90129852,42.68109894,1,0,0,0
0.244139001,48.31290054,0.375010014,114.7129974,35.44779968,2.735929966,0.202528998,44.19340134,0.311740011,95.26979828,43.79859924,1.724060059,211.1970062,63.16609955,38.53030014,208.5630035,68.27480316,41.22000122,0,0,0,1
0.966127992,78.70939636,1.074609995,183.6600037,44.44400024,4.654220104,0.819467008,75.01999664,0.951927006,157.7089996,43.91230011,3.394380093,218.0099945,75.43849945,39.25059891,206.7929993,84.1384964,42.34260178,1,0,0,0
0.418273002,62.15019989,0.541011989,154.6799927,48.61999893,3.890219927,0.351933002,52.58679962,0.453514993,118.8690033,44.91049957,2.361109972,209.1710052,64.22869873,38.44300079,190.2920074,76.89610291,40.87049866,1,0,0,0
1.035680056,90.93569946,1.318590045,216.7969971,51.39189911,6.831130028,0.975221992,82.03910065,1.28918004,166.8329926,44.22180176,3.943680048,222.1820068,84.45459747,39.51670074,222.970993,93.58399963,43.0542984,0,0,0,1
0.536113977,71.27739716,0.568425,181.8079987,56.20330048,4.939050198,0.491468996,59.81689835,0.495622009,136.746994,47.64899826,2.819760084,209.6029968,65.23100281,37.90909958,192.5019989,78.53970337,40.12870026,1,0,0,0
1.169350028,90.59539795,1.269709945,213.4060059,45.76150131,5.930620193,1.306920052,87.97689819,1.475700021,176.427002,43.88769913,3.938910007,219.3029938,80.46109772,39.48649979,211.9810028,91.24659729,42.65539932,0,0,0,1
0.289743006,54.8667984,0.474528015,130.0749969,41.80450058,2.993360043,0.261882991,47.59730148,0.343915999,104.2699966,44.26860046,1.94054997,210.9290009,63.72439957,38.5143013,197.451004,68.90270233,41.26369858,0,0,0,1
1.182940006,90.17810059,1.299710035,211.8110046,45.18999863,5.806019783,1.326249957,88.12490082,1.464980006,176.7850037,43.85689926,3.909060001,219.0639954,79.16230011,39.47669983,209.9320068,90.48750305,42.58729935,0,0,0,1
1.186380029,85.93900299,1.264459968,209.6809998,45.29779816,5.02410984,1.125040054,80.75009918,1.124289989,168.8439941,43.7859993,3.694420099,219.048996,81.28350067,39.30789948,213.5930023,82.23570251,42.32770157,1,0,0,0
0.242151007,49.82749939,0.383157015,119.4960022,37.19680023,2.891449928,0.202643007,44.34389877,0.303521991,96.24169922,43.92570114,1.779209971,211.2019958,63.19860077,38.53310013,207.4210052,68.39099884,41.23130035,0,0,0,1
0.316496998,60.7234993,0.505748987,149.5919952,48.2519989,3.812330008,0.282285005,49.5243988,0.339186013,111.2779999,44.75600052,2.205519915,211.1360016,63.60160065,38.52970123,197.2870026,71.13770294,41.32799911,0,0,0,1
0.611811996,64.0306015,0.873754025,149.4499969,42.25310135,3.75838995,0.429614007,61.46630096,0.753983974,126.5019989,44.64319992,2.756449938,218.2769928,66.78269958,39.68439865,202.029007,81.12290192,42.63800049,0,0,0,1
0.363588989,62.6291008,0.501753986,155.1410065,50.01580048,4.016709805,0.30873099,51.10449982,0.406782001,114.927002,44.91839981,2.296900034,210.3619995,63.85620117,38.50749969,194.0529938,73.45010376,41.20959854,0,0,0,1
1.17671001,88.38929749,1.273589969,207.2890015,43.26580048,5.228700161,1.261240005,84.99510193,1.284139991,173.4400024,43.72940063,3.730279922,218.3300018,76.46459961,39.40140152,205.3639984,86.4890976,42.34749985,0,0,0,1
1.093889952,85.82830048,1.203989983,201.2230072,46.17279816,5.181640148,1.00988996,79.88009644,1.124429941,166.2279968,44.02349854,3.669670105,218.9869995,81.22029877,39.32479858,217.477005,84.58640289,42.71509933,1,0,0,0
0.476002008,69.86990356,0.58822298,194.9889984,60.01060104,5.682600021,0.438686013,56.72610092,0.40082401,136.7290039,47.72700119,3.095429897,210.9940033,66.20140076,38.07339859,200.2299957,78.60179901,40.56570053,0,0,0,1
0.56724298,61.81510162,0.809590995,144.2259979,41.73659897,3.668479919,0.379373997,57.98249817,0.731106997,121.3000031,46.54729843,2.698559999,212.5839996,66.70619965,38.00979996,202.5870056,78.87329865,40.79990005,0,0,0,1
0.644282997,65.84549713,0.919215977,152.4069977,42.72090149,3.812449932,0.450318009,64.21579742,0.802845001,133.5019989,46.61809921,2.90783,217.2899933,67.34729767,39.4673996,200.1060028,82.19940186,43.27939987,0,0,0,1
1.166450024,91.23570251,1.30381,215.5850067,46.94739914,6.257540226,1.295930028,88.69249725,1.544020057,176.8480072,43.95500183,4.034389973,219.7550049,82.94940186,39.51699829,215.048996,92.9654007,42.76750183,1,0,0,0
0.416272998,74.59539795,0.530429006,197.6100006,64.29360199,5.838689804,0.368357003,54.70040131,0.411803007,127.5189972,45.81850052,2.738709927,211.0839996,64.63990021,38.56420135,196.2140045,74.19760132,41.1882019,0,0,0,1
0.277653992,56.5727005,0.436811,140.4459991,44.36769867,3.610519886,0.246887997,47.21480179,0.297134995,105.7590027,44.47200012,2.075030088,211.3130035,63.44409943,38.54639816,203.1730042,70.05000305,41.26589966,0,0,0,1
1.193869948,90.48930359,1.332710028,212.6560059,45.66400146,5.951109886,1.345180035,89.03659821,1.517289996,177.7709961,43.8852005,3.962150097,219.253006,80.12979889,39.49539948,211.0480042,91.332901,42.63529968,0,0,0,1
0.440613002,63.46609879,0.551365018,159.7940063,49.98970032,4.07363987,0.380369991,53.69120026,0.461807013,122.5169983,45.04499817,2.461519957,209.0189972,64.42680359,38.43759918,189.5480042,77.88739777,40.81740189,1,0,0,0
1.15162003,89.57009888,1.146420002,212.6690063,44.9272995,5.415140152,1.210019946,84.14009857,1.27681005,172.3220062,43.80509949,3.796960115,219.2709961,80.54859924,39.41339874,214.0879974,87.39859772,42.58399963,0,0,0,1
1.093960047,90.28970337,1.095849991,220.052002,48.8207016,6.152500153,1.137509942,83.96910095,1.372969985,171.8170013,44.09780121,3.915070057,219.7059937,85.21859741,39.45869827,220.4100037,91.76979828,42.94800186,0,0,0,1
0.878313005,68.27529907,1.330909967,157.3880005,38.50310135,4.088590145,0.63755101,74.38140106,1.066460013,152.5039978,43.64530182,3.395479918,218.9680023,72.1815033,39.41049957,208.7050018,88.54260254,42.76029968,0,0,0,1
1.18888998,88.4036026,1.336130023,206.4120026,43.22570038,5.322720051,1.30388999,86.32450104,1.343880057,175.0240021,43.74739838,3.753999949,218.1289978,75.49299622,39.41820145,203.197998,87.30090332,42.33539963,0,0,0,1
0.302258998,59.48749924,0.468194991,149.2980042,47.41419983,3.930749893,0.269412994,48.69319916,0.306658,110.177002,44.69179916,2.200200081,211.3540039,63.55820084,38.55020142,201.4980011,71.07640076,41.2798996,0,0,0,1
0.470611006,59.86740112,0.63499099,142.3289948,43.03829956,3.373559952,0.365435988,53.74879837,0.504503012,115.9680023,43.7195015,2.200530052,211.1430054,64.19889832,38.75109863,193.7220001,77.52519989,40.89080048,0,0,0,1
1.176130056,91.01750183,1.311869979,214.6470032,46.50460052,6.154900074,1.314640045,88.8789978,1.538339972,177.2440033,43.93109894,4.012269974,219.5890045,82.03379822,39.51089859,213.7480011,92.4661026,42.7256012,1,0,0,0
0.364764005,68.84989929,0.521484017,173.9129944,57.11809921,4.791900158,0.317342013,52.5196991,0.372103006,120.6880035,45.42900085,2.52534008,211.0619965,63.46419907,38.53900146,193.8950043,73.68979645,41.41130066,0,0,0,1
0.295219004,50.80099869,0.422425002,118.5569992,37.53239822,2.680459976,0.240833998,46.5237999,0.372193009,100.7539978,44.00310135,1.83141005,210.4909973,63.43050003,38.50970078,199.7279968,70.24479675,41.18159866,0,0,0,1
1.031000018,89.60489655,1.607229948,208.9450073,51.29779816,7.644430161,0.801187992,80.36810303,1.341040015,163.1179962,44.16989899,4.452620029,221.4299927,86.26830292,39.50619888,227.2619934,92.80729675,42.87680054,0,0,0,1
0.42998299,67.23709869,0.538416028,173.1000061,54.96009827,4.718939781,0.377508014,54.04999924,0.441983014,124.3280029,45.30009842,2.567620039,209.8690033,64.50039673,38.48989868,192.4320068,76.42479706,40.98410034,0,0,0,1
1.053359985,89.69049835,1.22507,212.8690033,49.79330063,6.319009781,1.001449943,81.63749695,1.247239947,167.2910004,44.17549896,3.829730034,220.8099976,83.66110229,39.45690155,219.4759979,91.67960358,42.9253006,0,0,0,1
1.030660033,89.08779907,1.33010006,210.6360016,50.19169998,6.629459858,0.935000002,81.1242981,1.257290006,165.477005,44.17689896,3.919320107,221.4299927,83.63870239,39.48939896,220.8589935,92.81590271,42.96239853,0,0,0,1
0.282653004,48.56380081,0.387374014,111.4909973,35.33089828,2.43840003,0.236068994,46.01440048,0.359272987,99.09259796,43.83110046,1.749390006,210.5350037,63.24599838,38.51670074,200.2339935,69.24410248,41.1554985,0,0,0,1
0.610009015,67.33380127,0.636515021,162.901001,47.98279953,3.910449982,0.526507974,63.58739853,0.591593981,142.2550049,51.09379959,2.793260098,209.5590057,66.24710083,37.83739853,191.177002,79.97160339,42.17979813,1,0,0,0
1.093719959,91.78279877,1.46412003,217.5379944,50.53430176,7.253290176,1.05419004,85.66419983,1.522570014,170.8910065,44.13430023,4.253369808,221.1679993,88.54720306,39.54959869,223.9190063,95.3742981,42.98220062,0,0,0,1
0.841823995,73.84220123,1.171329975,173.1600037,44.54769897,4.404369831,0.629347026,76.06279755,0.968483984,160.5130005,49.18280029,3.469670057,223.4109955,70.93029785,40.60660172,207.0370026,86.09339905,43.59730148,0,0,0,1
1.200309992,86.48480225,1.411370039,200.9320068,41.56850052,5.006879807,1.285019994,85.09970093,1.273470044,173.8130035,43.65869904,3.634490013,216.8500061,73.5236969,39.36970139,195.5079956,84.99569702,42.05110168,0,0,0,1
1.037559986,82.61430359,1.149530053,193.1649933,45.53730011,4.995850086,0.914379001,77.47969818,1.034540057,162.0890045,43.97660065,3.532870054,218.529007,78.61399841,39.29259872,211.3370056,84.68360138,42.5041008,1,0,0,0
0.985598981,78.87760162,1.063259959,185.2539978,44.32320023,4.556930065,0.856244981,75.01609802,0.932612002,158.2420044,43.87599945,3.380520105,217.8569946,75.41490173,39.22729874,206.5650024,82.64459991,42.26940155,1,0,0,0
1.150050044,91.60849762,1.313030005,217.1560059,47.89979935,6.493430138,1.256000042,88.37220001,1.559239984,176.0410004,44.00600052,4.087080002,220.1109924,84.78220367,39.53079987,217.5650024,93.96920013,42.84730148,1,0,0,0
0.744979024,75.042099,0.705022991,192.427002,54.92720032,5.015749931,0.664403975,66.26750183,0.623800993,154.2799988,52.35990143,3.262650013,212.7440033,68.41940308,37.31190109,198.8350067,79.13559723,41.25529861,1,0,0,0
0.617514014,69.93229675,0.624130011,173.2359924,51.29339981,4.389140129,0.550261021,63.73939896,0.581203997,144.5769958,51.28210068,2.917910099,210.0879974,66.76670074,37.8742981,193.5970001,79.49590302,42.27590179,1,0,0,0
1.117930055,91.94809723,1.295050025,219.2839966,49.15169907,6.723470211,1.186740041,87.01139832,1.52256,174.0359955,44.06999969,4.105229855,220.5610046,86.30329895,39.53279877,220.4450073,94.54969788,42.93069839,0,0,0,1
0.384283006,72.79239655,0.545451999,190.5420074,62.29050064,5.628439903,0.328875005,53.39770126,0.350522995,124.7020035,45.6576004,2.676209927,211.6889954,63.37789917,38.56669998,197.9620056,74.59750366,41.26539993,0,0,0,1
0.550805986,62.2779007,0.744520009,145.8899994,42.72819901,3.620340109,0.38538599,58.69929886,0.691075027,123.7060013,46.68170166,2.676450014,212.2969971,65.82250214,37.98139954,199.9519958,78.64309692,40.72510147,0,0,0,1
1.158010006,91.43810272,1.305170059,216.4429932,47.42580032,6.374159813,1.276749969,88.54399872,1.552289963,176.4689941,43.98080063,4.060579777,219.9320068,83.89420319,39.52410126,216.3450012,93.48760223,42.80920029,1,0,0,0
0.982672989,80.61599731,1.136809945,186.8829956,45.20690155,5.003910065,0.824395001,76.23570251,1.012779951,159.2859955,43.98730087,3.480180025,218.4660034,77.00229645,39.30410004,208.3939972,86.47820282,42.48289871,1,0,0,0
0.783712983,74.70639801,0.985376,177.0390015,47.11059952,4.3646698,0.604602993,75.19300079,0.865638018,161.0070038,49.47129822,3.394520044,222.776001,69.23889923,40.55260086,203.5149994,83.46340179,43.35549927,1,0,0,0
1.122580051,91.1548996,1.15328002,217.970993,47.42869949,6.158420086,1.225460052,86.28379822,1.445330024,174.2380066,43.98120117,3.961280107,219.7839966,83.65869904,39.48849869,217.2899933,92.37030029,42.82540131,0,0,0,1
0.413244009,68.39959717,0.559884012,184.7839966,57.83679962,5.417719841,0.360846996,53.61520004,0.331337005,126.8430023,45.39110184,2.716710091,211.8849945,65.13230133,38.60979843,201.9989929,76.69029999,41.27610016,0,0,0,1
1.139950037,90.43499756,1.117110014,211.6920013,44.25690079,5.428090096,1.229949951,84.84609985,1.295950055,172.8240051,43.7621994,3.797840118,219.352005,79.49770355,39.44020081,213.3670044,88.39630127,42.62409973,0,0,0,1
0.999798,78.76319885,1.055330038,186.0980072,44.09870148,4.466760159,0.885077,74.85720062,0.908791006,158.4499969,43.83330154,3.358279943,217.6950073,75.00170135,39.20660019,205.5740051,81.40129852,42.18099976,1,0,0,0
0.271533996,47.44929886,0.395747989,110.2360001,34.15129852,2.499850035,0.212132007,44.76850128,0.356094986,95.77020264,43.72579956,1.69904995,210.7380066,63.3321991,38.51589966,205.3170013,69.44850159,41.17599869,0,0,0,1
0.539031029,69.21849823,0.580941975,175.4859924,53.87850189,4.710149765,0.476164997,59.0284996,0.50563103,135.5930023,47.77600098,2.771810055,208.2559967,65.72599792,38.46530151,191.0630035,79.31770325,40.68000031,1,0,0,0
0.858259022,76.23950195,1.091580033,179.1970062,46.12860107,4.535560131,0.675388992,76.41889954,0.935817003,162.272995,49.29370117,3.462260008,223.1940002,71.68379974,40.57519913,206.2050018,85.0868988,43.50640106,1,0,0,0
1.157649994,84.86270142,1.237010002,204.8390045,45.10350037,4.926970005,1.085459948,79.82649994,1.088129997,167.1820068,43.82160187,3.635780096,218.7570038,80.45899963,39.29180145,212.8359985,81.97280121,42.35469818,1,0,0,0
0.332424998,63.27600098,0.502026021,161.3249969,51.51779938,4.404399872,0.293354005,50.39360046,0.317523003,115.435997,44.97309875,2.360409975,211.4450073,63.64400101,38.55749893,200.1130066,72.50360107,41.29090118,0,0,0,1
0.537293017,61.06150055,0.762350023,142.6580048,41.68579865,3.597870111,0.363689005,57.03829956,0.700294018,119.6500015,46.53509903,2.635090113,212.5410004,66.26210022,37.99990082,202.3560028,77.97969818,40.78820038,0,0,0,1
0.526242018,73.22219849,0.599958003,198.4100037,61.24110031,5.760039806,0.497494012,59.26649857,0.455316007,140.9929962,47.91870117,3.123850107,210.5240021,66.21970367,38.01480103,197.2680054,78.98860168,40.40319824,1,0,0,0
0.780292988,74.28079987,0.726351976,189.6329956,53.33560181,4.935989857,0.712158024,65.77010345,0.649132013,153.4649963,50.59109879,3.238130093,212.352005,69.73259735,38.23080063,199.5269928,79.04689789,41.67020035,1,0,0,0
0.328072011,61.65370178,0.525366008,149.1459961,48.58589935,3.665810108,0.291868001,50.2541008,0.362497002,112.8190002,44.86619949,2.24616003,210.7859955,63.57939911,38.50749969,192.9589996,71.97380066,41.43389893,0,0,0,1
0.595256984,65.86959839,0.666540027,157.2649994,46.25600052,3.659070015,0.495747,63.37409973,0.593882024,140.4810028,50.99679947,2.71687007,209.470993,65.80139923,37.8302002,190.2339935,80.15899658,42.19079971,1,0,0,0
0.393893987,68.395401,0.516573012,175.279007,56.70569992,4.867060184,0.341922998,53.07929993,0.414541006,121.512001,45.34930038,2.516659975,210.5500031,64.20220184,38.52519989,194.2839966,74.18000031,41.17259979,0,0,0,1
0.286394,54.98540115,0.457350999,131.9570007,42.19169998,3.153049946,0.256453991,47.44309998,0.332212001,104.5009995,44.30479813,1.969709992,211.0420074,63.56409836,38.52500153,199.5599976,69.27149963,41.26250076,0,0,0,1
1.080109954,88.4776001,1.187520027,209.4620056,48.17919922,5.833010197,1.031049967,81.40650177,1.219509959,167.8470001,44.10910034,3.777359962,219.8090057,83.1914978,39.40209961,218.7019958,88.875,42.84280014,1,0,0,0
0.252085,54.88970184,0.407528013,136.2680054,42.76929855,3.492919922,0.222716004,45.82099915,0.277083993,102.2580032,44.35340118,2.006360054,211.3289948,63.34859848,38.54800034,205.0740051,69.42169952,41.25889969,0,0,0,1
0.494807005,75.51560211,0.576673985,204.5850067,64.5062027,6.084660053,0.455119014,58.52000046,0.434056997,138.6130066,47.99250031,3.056479931,210.9499969,65.51509857,38.0326004,197.9810028,77.45120239,40.42290115,0,0,0,1
0.407537013,73.18039703,0.565428972,195.6410065,63.15969849,5.915810108,0.342624992,53.92689896,0.340097994,127.2170029,45.66479874,2.756550074,212.022995,63.80860138,38.58670044,200.345993,76.41429901,41.20420074,0,0,0,1
1.09849,91.99320221,1.422479987,218.5140076,50.38850021,7.156179905,1.087249994,86.0196991,1.522670031,171.6840057,44.12810135,4.217689991,221.1159973,88.15049744,39.54859924,223.3809967,95.3227005,42.98379898,0,0,0,1
0.495548993,61.93690109,0.611606002,147.8500061,45.0909996,3.462369919,0.391481996,56.34529877,0.52078402,125.2750015,47.21039963,2.405709982,207.6210022,64.33899689,38.42699814,188.2940063,78.43229675,40.62129974,0,0,0,1
0.640679002,66.3411026,0.852155983,154.1089935,43.44039917,3.762209892,0.477730989,64.91729736,0.765616,135.5429993,46.71250153,2.875829935,216.9329987,66.73549652,39.43769836,198.2079926,81.66960144,43.20589828,0,0,0,1
0.878199995,79.01930237,0.969229996,188.3699951,48.64379883,4.630839825,0.753023028,76.95749664,0.872861981,165.3139954,49.47930145,3.450860023,222.9019928,72.25830078,40.53079987,205.5720062,82.04779816,43.36180115,1,0,0,0
0.424248993,68.74890137,0.583214998,187.4129944,57.8492012,5.452700138,0.366142005,54.44029999,0.342685014,130.9989929,47.4382019,2.849669933,211.5970001,65.84030151,38.09970093,202.052002,77.64379883,40.60200119,0,0,0,1
0.44461,72.86250305,0.553569973,194.4859924,62.21020126,5.697380066,0.401232988,55.4151001,0.426719993,130.0149994,45.73590088,2.804939985,210.7160034,64.9905014,38.5483017,195.6809998,76.09559631,41.10599899,0,0,0,1
1.064319968,91.84049988,1.549950004,216.4989929,51.85710144,7.666880131,0.924875021,82.9865036,1.425789952,167.0279999,44.1867981,4.364220142,221.6069946,88.61759949,39.53329849,226.8339996,94.42040253,42.96419907,0,0,0,1
0.579478979,63.78649902,0.74229598,149.5709991,43.65729904,3.664340019,0.416218996,60.8125,0.694729984,128.5390015,46.82860184,2.741400003,212.0059967,65.69419861,37.96250153,197.5099945,79.79160309,40.64619827,0,0,0,1
0.870966971,77.94909668,1.022879958,184.2720032,47.4817009,4.603380203,0.71807301,76.72609711,0.903971016,163.8990021,49.39170074,3.45600009,223.0130005,72.1772995,40.54859924,205.7669983,83.65209961,43.42610168,1,0,0,0
0.850724995,75.87210083,0.824871004,192.1970062,52.27550125,4.81716013,0.784582019,68.396698,0.760110974,157.8410034,50.5401001,3.34010005,214.026001,71.06330109,38.91360092,202.3639984,79.73970032,41.44530106,1,0,0,0
1.093629956,91.60189819,1.17106998,221.1190033,49.44369888,6.526239872,1.158360004,85.35579681,1.439890027,172.6660004,44.09889984,4.002429962,220.4579926,85.84159851,39.50469971,220.9320068,93.70040131,42.96519852,0,0,0,1
0.653581977,69.86859894,0.727144003,165.9799957,47.57559967,3.929029942,0.547482014,70.49120331,0.721359015,156.246994,54.52769852,3.212039948,215.871994,66.34940338,38.25469971,194.8560028,81.72329712,42.7765007,1,0,0,0
1.136360049,90.67970276,1.146119952,214.5010071,45.75400162,5.800529957,1.248880029,86.11389923,1.393589973,174.2559967,43.87929916,3.88560009,219.3939972,81.03620148,39.46609879,214.1670074,90.60479736,42.69940186,0,0,0,1
0.952319026,79.24420166,1.496500015,184.0200043,45.13899994,5.930429935,0.703580022,77.44850159,1.221099973,157.7339935,43.92509842,3.935549974,220.1840057,79.67120361,39.46020126,218.1100006,91.0062027,42.81850052,0,0,0,1
1.059499979,91.99680328,1.582599998,216.1430054,52.25249863,7.826499939,0.888193011,82.27819824,1.404189944,166.0559998,44.20240021,4.43655014,221.6670074,88.51000214,39.52740097,227.8329926,94.01339722,42.94049835,0,0,0,1
1.176730037,88.38999939,1.245169997,208.697998,43.6534996,5.210249901,1.240249991,84.30619812,1.255879998,172.7070007,43.73310089,3.732749939,218.6029968,77.59819794,39.39149857,207.7489929,85.97090149,42.3730011,0,0,0,1
1.219619989,88.92890167,1.38409996,207.9579926,44.06100082,5.523640156,1.372410059,88.29979706,1.431190014,177.5160065,43.79470062,3.831360102,218.4940033,76.14849854,39.44729996,205.0890045,88.43379974,42.41899872,0,0,0,1
1.171749949,89.62470245,1.264240026,210.0119934,44.31349945,5.562320232,1.297960043,86.80490112,1.387349963,175.3309937,43.80369949,3.829740047,218.7579956,77.73660278,39.44829941,208.0529938,89.05410004,42.5033989,0,0,0,1
0.342613012,63.59960175,0.496978015,165.1799927,51.96960068,4.592609882,0.308414996,50.86560059,0.299703002,118.1139984,45.05189896,2.447969913,211.5509949,64.04509735,38.57460022,201.8280029,73.35780334,41.27590179,0,0,0,1
0.274711996,56.74580002,0.432256013,141.5610046,44.61349869,3.667429924,0.245089993,47.12739944,0.289352,105.8789978,44.49499893,2.090389967,211.3430023,63.45259857,38.54959869,203.621994,70.12200165,41.26549911,0,0,0,1
1.044330001,88.17379761,1.232689977,206.5910034,48.95930099,6.131289959,0.945495009,80.34320068,1.188570023,165.4629974,44.16830063,3.764149904,220.1499939,82.48090363,39.42359924,216.0870056,90.90019989,42.80730057,0,0,0,1
1.209710002,87.42680359,1.401409984,203.9470062,42.75170135,5.190509796,1.324620008,86.27559662,1.323519945,175.2369995,43.72309875,3.708460093,217.7599945,73.89409637,39.39770126,200.1399994,86.07550049,42.22800064,0,0,0,1
0.303346992,55.3987999,0.484991014,129.8269958,41.9980011,2.897969961,0.270321995,48.18439865,0.366721988,105.4469986,44.32559967,1.964220047,210.6309967,63.73509979,38.5,194.348999,69.66470337,41.28939819,0,0,0,1
0.350912988,57.75510025,0.505626976,140.0780029,44.52550125,3.432660103,0.283771008,49.39160156,0.412779987,109.3069992,44.52730179,2.114629984,210.1300049,63.9355011,38.49380112,195.3399963,73.32009888,41.14680099,0,0,0,1
0.357533008,65.81690216,0.520048976,171.1840057,54.46360016,4.835740089,0.313230991,51.60250092,0.317070007,119.7649994,45.17509842,2.49868989,211.6009979,63.8844986,38.5727005,200.5800018,73.89040375,41.27970123,0,0,0,1
0.333039999,60.98749924,0.512452006,145.1159973,47.44950104,3.481899977,0.292712986,50.48130035,0.372770995,113.4530029,44.8927002,2.264630079,210.4149933,63.39749908,38.49380112,190.5240021,72.96659851,41.52590179,0,0,0,1
0.381906003,67.23880005,0.536414981,177.9420013,56.19729996,5.128499985,0.334385008,52.57590103,0.319065988,123.3190002,45.29999924,2.607680082,211.7250061,64.35320282,38.58840179,201.2550049,75.17469788,41.27180099,0,0,0,1
0.510689974,72.62030029,0.593917012,199.177002,61.59389877,5.803999901,0.483438998,58.59349823,0.441231012,140.2920074,47.92860031,3.154720068,210.5980072,66.10119629,38.03010178,197.9069977,78.79429626,40.4518013,1,0,0,0
0.331523001,57.06930161,0.476595998,137.0549927,43.94829941,3.302570105,0.276749998,48.99639893,0.393283993,108.2539978,44.49380112,2.078010082,210.3560028,63.65570068,38.50270081,195.5249939,72.10559845,41.2220993,0,0,0,1
0.870563984,77.35030365,0.894809008,191.0879974,50.2521019,4.6665802,0.841372013,74.66110229,0.84494698,167.4100037,50.48139954,3.458879948,217.3630066,72.15769958,39.6969986,203.0549927,80.41760254,42.99219894,1,0,0,0
0.433162987,68.56600189,0.583370984,189.7910004,58.61579895,5.71281004,0.352620006,54.49829865,0.341717005,127.9020004,47.04439926,2.685460091,212.8329926,65.89990234,38.16870117,205.3569946,77.68769836,40.69779968,0,0,0,1
0.578360975,73.21240234,0.627752006,191.5509949,58.25870132,5.407859802,0.540139019,61.08269882,0.501733005,142.522995,47.82289886,3.03876996,210.0469971,66.79470062,37.95769882,195.0800018,80.165802,40.25279999,1,0,0,0
0.809381008,73.94219971,1.116340041,174.2350006,45.59000015,4.407919884,0.597849011,75.54380035,0.933319986,160.2319946,49.30059814,3.453249931,223.2279968,70.00160217,40.5931015,205.9409943,85.24880219,43.51649857,0,0,0,1
1.12650001,88.97170258,1.146870017,213.6679993,46.91030121,5.611539841,1.13815999,83.02079773,1.278620005,170.9109955,43.98339844,3.823309898,219.4089966,83.43119812,39.40069962,218.8529968,87.77559662,42.77679825,0,0,0,1
0.819631994,74.65239716,0.763110995,189.4819946,52.48870087,4.900269985,0.742781997,66.37190247,0.675379992,154.0939941,50.50870132,3.248480082,212.401001,70.60500336,38.22600174,200.3190002,79.31040192,41.67779922,1,0,0,0
1.125970006,90.22859955,1.104099989,216.1100006,46.50540161,5.771039963,1.199399948,84.70050049,1.349789977,172.8220062,43.9280014,3.869400024,219.4559937,82.72740173,39.4435997,216.9470062,89.88739777,42.75880051,0,0,0,1
0.257499009,53.63330078,0.410198003,131.2489929,41.28219986,3.28354001,0.224880993,45.80970001,0.29589501,101.2679977,44.23759842,1.942119956,211.2570038,63.31819916,38.54050064,204.7839966,69.1434021,41.25180054,0,0,0,1
0.298215002,50.45479965,0.460507989,118.6600037,37.10509872,2.730099916,0.224173993,45.77679825,0.383931994,98.64849854,43.94649887,1.810610056,210.4299927,63.75640106,38.50559998,201.4089966,71.06330109,41.17240143,0,0,0,1
0.296485007,59.24629974,0.455828011,149.7089996,47.24940109,3.974309921,0.266360015,48.44480133,0.292730004,110.0810013,44.69490051,2.211560011,211.404007,63.59769821,38.5564003,202.6190033,71.11650085,41.27330017,0,0,0,1
1.20796001,89.27680206,1.359930038,208.9309998,44.29700089,5.591159821,1.35721004,88.21070099,1.438809991,177.2489929,43.80849838,3.850399971,218.628006,76.89440155,39.45510101,206.246994,88.98590088,42.46110153,0,0,0,1
0.797912002,75.84259796,0.924861014,180.3609924,47.93170166,4.382070065,0.649132013,75.50959778,0.83879298,162.4029999,49.53290176,3.376940012,222.5939941,69.65429688,40.52930069,202.8710022,82.33519745,43.28710175,1,0,0,0
0.890901983,75.39769745,0.909011006,184.3569946,46.87620163,4.511799812,0.867824972,72.71800232,0.877126992,161.4980011,46.21039963,3.511399984,217.6660004,72.3431015,38.90299988,204.151001,81.51280212,42.92060089,1,0,0,0
0.912756979,76.24150085,1.068079948,176.8890076,43.69070053,4.535809994,0.738523006,73.91729736,0.940451026,155.0700073,43.8946991,3.349309921,217.970993,73.6765976,39.25989914,205.2160034,85.27210236,42.35139847,1,0,0,0
1.067510009,84.3710022,1.179559946,197.5690002,45.97460175,5.124690056,0.961847007,78.69999695,1.079380035,164.1959991,44.0041008,3.602780104,218.7819977,80.03720093,39.31129837,214.1490021,84.79350281,42.60100174,1,0,0,0
0.816137016,75.00540161,1.283489943,177.197998,46.2867012,4.924109936,0.553273976,75.92919922,1.034389973,159.2969971,49.23749924,3.64267993,223.8919983,72.13909912,40.64450073,210.3950043,87.2263031,43.65869904,0,0,0,1
0.962841988,77.35959625,1.008579969,182.451004,43.84820175,4.35529995,0.843123972,73.76029968,0.872025013,156.5180054,43.82189941,3.299890041,217.4689941,73.72029877,39.18600082,203.8910065,81.23220062,42.12210083,1,0,0,0
0.362753004,53.18730164,0.625063002,126.8410034,39.12189865,2.978490114,0.246188998,47.36339951,0.444178998,102.7590027,44.09749985,1.945619941,209.8880005,65.08390045,38.49079895,197.3880005,74.82820129,41.12379837,0,0,0,1
0.350142986,66.46530151,0.526767015,168.0630035,54.67419815,4.595489979,0.305938005,51.58140182,0.348811001,118.1110001,45.20529938,2.440299988,211.2740021,63.44580078,38.5428009,196.2890015,73.07849884,41.34870148,0,0,0,1
0.441246003,68.97869873,0.587081015,189.4700012,58.35219955,5.53275013,0.384640008,55.07540131,0.356990993,132.2559967,47.46369934,2.889679909,211.6130066,66.10369873,38.10250092,202.125,78.03540039,40.60340118,0,0,0,1
1.143540025,90.3227005,1.141569972,211.0630035,44.1393013,5.456130028,1.248160005,85.38040161,1.318410039,173.4459991,43.7677002,3.802370071,219.1719971,78.75800323,39.44419861,211.720993,88.71630096,42.59080124,0,0,0,1
1.143679976,91.73470306,1.329089999,217.6170044,48.32429886,6.609000206,1.23556006,88.22660065,1.566460013,175.625,44.0284996,4.114299774,220.2779999,85.56479645,39.53739929,218.621994,94.39409637,42.87900162,1,0,0,0
0.320181012,56.11339951,0.466187,133.3549957,42.92079926,3.135669947,0.27226001,48.65129852,0.382784009,107.189003,44.42739868,2.036499977,210.4349976,63.55260086,38.50429916,195.3119965,71.3839035,41.2560997,0,0,0,1
1.203680038,90.1989975,1.349249959,211.6519928,45.29899979,5.861259937,1.359979987,89.11940002,1.507859945,178.0319977,43.86510086,3.93930006,219.0950012,79.23349762,39.4878006,209.7299957,90.77269745,42.59059906,0,1,0,0
1.196689963,86.78710175,1.365100026,203.5469971,42.47679901,5.034289837,1.264529943,84.4315033,1.245489955,173.0390015,43.69200134,3.657380104,217.6260071,74.64019775,39.36629868,200.2400055,84.70580292,42.1629982,0,0,0,1
0.267879993,44.51869965,0.33376801,99.17810059,31.40410042,2.067130089,0.226765007,45.17139816,0.344375014,96.27079773,43.50149918,1.611610055,210.4589996,62.99330139,38.53070068,201.0059967,68.15249634,41.07009888,0,0,0,1
0.551413,63.30110168,0.69967401,148.848999,43.93610001,3.631330013,0.401811987,60.02349854,0.667446971,127.237999,46.83760071,2.69204998,211.9539948,65.28739929,37.95199966,197.1340027,78.94319916,40.63190079,0,0,0,1
0.362116992,57.88140106,0.52540499,140.697998,44.49409866,3.44907999,0.288397998,49.61040115,0.423689008,109.8470001,44.52970123,2.128629923,209.9720001,64.10440063,38.48659897,194.8809967,74.03730011,41.10620117,0,0,0,1
1.162279963,89.75849915,1.228080034,210.3480072,44.29150009,5.534490108,1.281489968,86.34259796,1.366729975,174.7339935,43.79750061,3.820640087,218.8370056,78.01249695,39.44540024,208.923996,88.95850372,42.52149963,0,0,0,1
0.81426698,73.29519653,1.213780046,172.5559998,44.9109993,4.506450176,0.575398982,75.66419983,0.985257983,159.3800049,49.20750046,3.518379927,223.5630035,70.58070374,40.62450027,207.9700012,86.37449646,43.61759949,0,0,0,1
1.072000027,91.28209686,1.180070043,220.1940002,50.20029831,6.506919861,1.094089985,83.75930023,1.35860002,170.470993,44.15800095,3.932650089,220.9170074,85.37999725,39.4917984,221.8439941,93.04650116,43.00749969,0,0,0,1
1.152670026,89.98339844,1.185870051,210.7920074,44.27719879,5.505099773,1.264840007,85.87380219,1.344830036,174.1179962,43.78900146,3.813070059,218.9750061,78.39579773,39.44380188,210.2050018,88.87480164,42.55149841,0,0,0,1
0.238046005,51.96770096,0.390949994,126.7279968,39.66799927,3.151789904,0.202117994,44.54349899,0.28679201,97.7519989,44.104599,1.865389943,211.2510071,63.23720169,38.53919983,206.4539948,68.65270233,41.24689865,0,0,0,1
0.779618979,73.99559784,1.064900041,175.1159973,46.50379944,4.41490984,0.57081002,75.10310364,0.902323008,160.003006,49.40380096,3.43640995,223.0610046,69.2385025,40.58160019,204.9210052,84.51609802,43.44540024,0,0,0,1
0.321630001,61.84590149,0.482048005,158.2830048,50.03950119,4.308819771,0.288026989,49.81169891,0.300101995,114.3600006,44.89530182,2.335279942,211.4730072,63.7580986,38.56359863,201.7319946,72.25920105,41.27870178,0,0,0,1
0.402381986,67.23020172,0.546563983,180.2550049,56.24449921,5.208519936,0.359546006,53.29370117,0.322959006,126.1050034,45.34999847,2.687340021,211.7180023,65.01589966,38.60010147,201.8059998,76.14700317,41.27289963,0,0,0,1
0.311156005,55.48759842,0.467997998,130.6139984,42.18529892,2.988339901,0.270527989,48.41260147,0.373914987,106.3570023,44.3716011,2.000540018,210.5039978,63.56169891,38.5033989,194.7299957,70.63899994,41.28210068,0,0,0,1
1.006739974,84.18969727,1.213999987,193.7570038,46.94549942,5.628379822,0.842058003,77.8635025,1.090389967,161.6199951,44.12260056,3.608570099,219.0319977,79.31960297,39.36909866,209.6929932,89.63040161,42.6067009,1,0,0,0
0.311924994,51.50139999,0.493187994,121.75,38.06359863,2.825000048,0.229803994,46.21390152,0.397202998,99.84190369,44.01570129,1.853520036,210.302002,63.99430084,38.50130081,200.1799927,71.88410187,41.16350174,0,0,0,1
0.369578004,68.39369965,0.535503983,178.1999969,57.33570099,5.12322998,0.318581998,52.32640076,0.331120998,121.6210022,45.33950043,2.56227994,211.6439972,63.65200043,38.56980133,199.3999939,74.32679749,41.27700043,0,0,0,1
0.52275598,74.33319855,0.582158983,197.246994,61.51750183,5.703169823,0.485257,59.52840042,0.465458989,139.3899994,47.89870071,3.006289959,210.4199982,65.70220184,37.98699951,195.9259949,78.12239838,40.31919861,1,0,0,0
1.055699944,92.73999786,1.622529984,216.9049988,53.05189896,8.096870422,0.847886026,81.57879639,1.387269974,165.1920013,44.23989868,4.577010155,221.8099976,88.30979919,39.52320099,229.6499939,93.56310272,42.9068985,0,0,0,1
0.464345992,74.1996994,0.579962015,203.8999939,64.40219879,6.15692997,0.408885986,56.84980011,0.391236007,135.3390045,47.81380081,2.991420031,211.6549988,65.38430023,38.08200073,200.7570038,77.55419922,40.52170181,0,0,0,1
0.774482012,73.44480133,0.780673981,181.3119965,49.98310089,4.40226984,0.672379971,67.70580292,0.681684017,153.6670074,50.76649857,3.154799938,219.4450073,69.39369965,39.4239006,199.4570007,80.55870056,41.77809906,1,0,0,0
0.609495997,65.62120056,0.801784992,152.654007,43.63079834,3.697099924,0.455662012,63.94910049,0.73942399,133.9199982,46.71680069,2.822479963,216.7330017,66.13960266,39.42300034,197.102005,80.91120148,43.15470123,0,0,0,1
0.543179989,73.45539856,0.607249975,196.5619965,60.45289993,5.663119793,0.511889994,59.92879868,0.47101301,141.5769958,47.89450073,3.091579914,210.3809967,66.36599731,37.99570084,196.4920044,79.28669739,40.34989929,1,0,0,0
0.259793013,45.81829834,0.37074101,106.322998,32.42610168,2.439059973,0.206520006,44.2798996,0.341654986,94.31269836,43.58549881,1.642869949,211.0050049,63.17779922,38.52140045,209.0249939,68.79769897,41.18389893,0,0,0,1
0.437049001,78.99790192,0.554749012,215.2389984,70.05460358,6.632070065,0.389620006,55.8185997,0.399556994,132.5189972,46.17409897,2.944169998,211.6959991,64.89859772,38.60179901,198.8990021,74.97049713,41.19879913,0,0,0,1
0.508251011,75.04660034,0.578685999,201.451004,63.20709991,5.917739868,0.470697999,59.03659821,0.449528992,139.1300049,47.95819855,3.038640022,210.6929932,65.61560059,38.01139832,196.9920044,77.72650146,40.37599945,0,0,0,1
0.250710011,44.96099854,0.365370005,105.8509979,31.24850082,2.54102993,0.203087002,43.97330093,0.326828003,93.33190155,43.46110153,1.614629984,211.5829926,63.12760162,38.5243988,215.5930023,68.43499756,41.23799896,0,0,0,1
0.329622,54.11899948,0.497215003,129.1380005,40.71080017,3.051800013,0.255344003,47.68270111,0.404866993,104.1340027,44.2344017,1.965209961,210.2039948,63.94240189,38.49679947,197.6889954,72.5042038,41.1548996,0,0,0,1
0.505985975,60.21580124,0.714990973,140.8500061,41.55920029,3.524329901,0.346969008,56.00989914,0.667801023,117.822998,46.51490021,2.566659927,212.5200043,65.84380341,37.99119949,202.2879944,77.01200104,40.78269958,0,0,0,1
0.448906004,70.81939697,0.557352006,187.4700012,59.55780029,5.371150017,0.405005008,55.27479935,0.436347008,129.2100067,45.59519958,2.756609917,210.3840027,64.97589874,38.5284996,194.5440063,76.6867981,41.06010056,0,0,0,1
1.070009947,91.86160278,1.518710017,217.1320038,51.56880188,7.542550087,0.960992992,83.6753006,1.447139978,168.0359955,44.17630005,4.315460205,221.5509949,88.63089752,39.53860092,226.0749969,94.75289917,42.98099899,0,0,0,1
0.30844301,59.89490128,0.483563989,149.0549927,47.6772995,3.873239994,0.274390996,49.02330017,0.321696997,110.4850006,44.70449829,2.194479942,211.2720032,63.5522995,38.54190063,199.8339996,71.03910065,41.29370117,0,0,0,1
1.087859988,92.19709778,1.276640058,221.1170044,50.36589813,6.864970207,1.123540044,85.46579742,1.457999945,171.9559937,44.13510132,4.07957983,221.1009979,86.70120239,39.5298996,222.5939941,94.61309814,43.00299835,0,0,0,1
0.951198995,78.49990082,1.109940052,182.0079956,44.43040085,4.780250072,0.783703983,75.17469788,0.980027974,157.3300018,43.94120026,3.419859886,218.2539978,75.44090271,39.28590012,206.9420013,85.96240234,42.42739868,1,0,0,0
1.19667995,86.7641983,1.334699988,205.0650024,43.01679993,5.031199932,1.245650053,83.77159882,1.218299985,172.3159943,43.70429993,3.663500071,217.9839935,75.72979736,39.35689926,203.0140076,84.23629761,42.20119858,0,0,0,1
1.097869992,90.59870148,1.075729966,221.9049988,48.75289917,6.209700108,1.165230036,84.66670227,1.411949992,172.8500061,44.08720016,3.946860075,219.5249939,85.32360077,39.4720993,220.0549927,92.51139832,42.95539856,0,0,0,1
0.350335985,54.79130173,0.545378983,131.3899994,41.13130188,3.124010086,0.262167007,48.12689972,0.424715012,105.2699966,44.26739883,2.00274992,209.9880066,64.33229828,38.48889923,196.6799927,73.80049896,41.11780167,0,0,0,1
0.538729012,73.53340149,0.588950992,192.9279938,59.73550034,5.484660149,0.499960989,60.00220108,0.480958998,139.6580048,47.83380127,2.97623992,210.1600037,65.83529663,37.96340179,194.9649963,78.6588974,40.26259995,1,0,0,0
0.480152011,75.37560272,0.577287018,205.9819946,65.13140106,6.186059952,0.435171992,57.80929947,0.414810985,137.5420074,47.96849823,3.053639889,211.2510071,65.415802,38.05540085,199.1820068,77.39769745,40.47100067,0,0,0,1
0.355744988,62.73490143,0.497301012,154.6620026,50.12400055,3.981539965,0.304937989,51.02199936,0.397673994,114.8079987,44.94210052,2.29798007,210.477005,63.72119904,38.51169968,193.727005,73.11740112,41.27700043,0,0,0,1
0.971358001,80.30539703,1.198930025,185.2189941,45.08470154,5.172420025,0.792482018,76.54859924,1.051789999,159.0180054,44.00469971,3.524250031,218.8399963,77.0809021,39.35160065,208.7819977,88.52719879,42.58039856,1,0,0,0
1.037089944,93.01789856,1.293820024,224.2420044,52.89419937,7.001609802,1.020320058,83.01180267,1.318560004,168.2599945,44.29520035,3.927659988,223.5559998,85.01399994,39.5591011,225.279007,94.47989655,43.20660019,0,0,0,1
0.898643017,74.86270142,1.133049965,173.0240021,42.85409927,4.514550209,0.701130986,74.03639984,0.974246025,154.4360046,43.87279892,3.372910023,218.2850037,73.17140198,39.30289841,205.9380035,86.7039032,42.46049881,1,0,0,0
0.320966989,61.16379929,0.519432008,149.447998,48.4355011,3.739550114,0.286875993,49.81600189,0.350327998,111.7419968,44.79259872,2.213999987,211.0079956,63.6432991,38.51940155,195.3730011,71.29160309,41.3655014,0,0,0,1
0.642459989,71.98220062,0.64231199,181.3240051,53.44660187,4.773769855,0.58544898,64.03690338,0.583181024,146.8630066,51.3932991,3.034960032,210.5269928,67.77799988,37.90750122,196.2480011,79.46649933,42.37129974,1,0,0,0
0.448543012,71.54840088,0.582837999,197.496994,61.80020142,5.97096014,0.378452003,55.64699936,0.364544988,131.602005,47.44229889,2.840519905,212.2960052,65.6167984,38.12609863,203.2140045,77.72360229,40.60580063,0,0,0,1
0.260820001,44.38180161,0.330626011,99.44999695,31.32690048,2.110440016,0.223754004,44.94599915,0.333247006,95.81269836,43.48210144,1.603469968,210.625,62.9836998,38.53480148,202.5879974,67.77400208,41.07830048,0,0,0,1
0.845297992,72.14980316,1.277089953,168.9080048,43.12329865,4.400969982,0.606746018,76.13359833,1.023929954,159.3070068,49.04140091,3.518640041,223.7330017,71.36060333,40.64179993,209.0039978,87.22940063,43.71350098,0,0,0,1
0.994126976,78.06800079,1.030590057,185.0440063,43.78779984,4.360579967,0.891005993,74.21510315,0.86936599,157.7389984,43.79309845,3.310600042,217.4550018,73.85690308,39.18199921,203.6459961,80.40779877,42.07780075,1,0,0,0
1.199730039,87.5,1.264459968,212.6210022,44.8844986,5.156370163,1.189239979,82.51869965,1.190879941,171.1620026,43.74440002,3.744210005,219.102005,80.60710144,39.34780121,212.1569977,83.78040314,42.32860184,0,0,0,1
0.325973004,62.37450027,0.490792006,159.2839966,50.58589935,4.338029861,0.289678991,50.03099823,0.308138013,114.6819992,44.9197998,2.340950012,211.4600067,63.70289993,38.56069946,201.0449982,72.33149719,41.28340149,0,0,0,1
1.233399987,89.39399719,1.399710059,209.1710052,44.54399872,5.656599998,1.402780056,89.3927002,1.486099958,178.8139954,43.82170105,3.885139942,218.7310028,77.12580109,39.4681015,206.6470032,89.31490326,42.48130035,1,0,0,0
1.032559991,87.09030151,1.228479981,201.5350037,48.39559937,5.990980148,0.895564973,79.2263031,1.140169978,163.923996,44.18569946,3.698390007,219.5090027,81.29060364,39.39559937,212.3280029,90.53900146,42.68780136,1,0,0,0
1.126670003,91.76129913,1.26560998,218.7039948,48.51729965,6.55670023,1.216220021,87.28150177,1.519240022,174.6999969,44.03760147,4.071139812,220.2949982,85.41500092,39.5243988,219.0709991,94.05149841,42.89089966,0,0,0,1
1.040779948,90.18520355,1.475749969,212.5119934,51.13119888,7.259170055,0.900249004,81.52130127,1.327829957,165.3480072,44.1780014,4.19674015,221.6430054,85.92420197,39.5135994,224.8820038,93.4489975,42.96250153,0,0,0,1
1.200790048,86.28849792,1.30321002,207.2839966,43.90449905,4.998779774,1.203889966,82.35959625,1.164029956,170.8070068,43.71879959,3.664940119,218.4369965,77.91699982,39.33039856,207.022995,83.01010132,42.21709824,0,0,0,1
0.399179012,66.70539856,0.520129979,169.9579926,54.58810043,4.627309799,0.344457,52.92169952,0.424174011,120.7310028,45.22480011,2.47555995,210.2440033,64.22170258,38.50730133,193.5780029,74.7664032,41.10269928,0,0,0,1
1.113019943,87.09590149,1.213569999,204.4929962,46.28580093,5.233769894,1.054669976,81.0223999,1.172919989,168.1199951,44.04119873,3.733870029,219.1499939,82.22260284,39.3382988,220.6239929,84.65190125,42.83679962,1,0,0,0
0.386409998,69.61949921,0.513925016,178.6779938,58.21440125,5.013090134,0.336405009,53.09329987,0.403952003,121.8320007,45.44660187,2.541589975,210.8119965,64.10230255,38.53900146,194.6439972,73.68080139,41.24909973,0,0,0,1
0.374635011,66.16729736,0.526666999,174.6150055,54.91849899,4.982850075,0.332718015,52.26269913,0.312739015,122.5370026,45.24269867,2.580519915,211.6629944,64.39420319,38.58649826,201.5079956,74.84760284,41.27370071,0,0,0,1
0.519604981,72.46549988,0.560828984,187.0449982,58.34460068,5.204050064,0.477091014,59.41740036,0.480441004,136.6399994,47.73040009,2.851969957,209.9219971,65.12689972,37.93640137,193.5769958,77.82119751,40.20009995,1,0,0,0
1.127099991,89.64679718,1.117789984,215.6549988,46.79190063,5.708839893,1.171419978,83.8884964,1.318590045,171.977005,43.95550156,3.851069927,219.4250031,83.28119659,39.42359924,217.9360046,88.95950317,42.76670074,0,0,0,1
0.341331989,57.56299973,0.48972699,139.1190033,44.42649841,3.393749952,0.280440003,49.22249985,0.402969986,108.887001,44.52180099,2.101180077,210.2559967,63.78789902,38.49909973,195.5299988,72.707901,41.18479919,0,0,0,1
0.802972972,74.77580261,0.862748027,181.1790009,48.56499863,4.345709801,0.70994103,73.86329651,0.839828014,164.272995,51.50360107,3.459609985,219.4210052,69.49459839,39.74160004,201.7140045,81.75839996,42.94760132,1,0,0,0
1.062890053,92.2743988,1.418429971,219.6679993,51.77289963,7.318900108,1.003579974,83.71769714,1.407430053,168.6679993,44.19729996,4.180650234,221.8880005,87.35759735,39.53950119,225.4309998,94.71260071,43.03440094,0,0,0,1
1.022670031,79.05539703,1.067139983,187.727005,43.93299866,4.436639786,0.923784971,75.06089783,0.898266971,159.2079926,43.7969017,3.353739977,217.6139984,74.76210022,39.19739914,204.7460022,80.52680206,42.11429977,1,0,0,0
0.936940014,77.37169647,1.170580029,178.6560059,43.79700089,4.811299801,0.748039007,75.31169891,1.013100028,156.7409973,43.92890167,3.445739985,218.572998,75.07569885,39.32889938,207.4470062,87.55390167,42.52799988,1,0,0,0
1.153180003,86.80770111,1.224069953,208.0709991,45.73830032,5.147699833,1.105419993,81.23590088,1.164669991,168.9539948,43.90090179,3.725379944,219.0980072,82.00479889,39.33259964,217.0780029,83.70999908,42.58100128,1,0,0,0
0.376204014,70.24520111,0.541608989,183.2619934,59.40219879,5.330490112,0.322533995,52.79190063,0.339767992,122.9079971,45.46870041,2.609200001,211.6609955,63.49369812,38.56729889,198.6699982,74.50930023,41.2723999,0,0,0,1
0.236366004,52.79119873,0.392174006,129.6309967,40.60960007,3.260970116,0.202571005,44.64889908,0.278519005,98.48079681,44.17559814,1.902500033,211.279007,63.25389862,38.54240036,206.2030029,68.78089905,41.25180054,0,0,0,1
1.053590059,92.55719757,1.289100051,222.5399933,51.89820099,6.971849918,1.049870014,83.71060181,1.363579988,169.3569946,44.22480011,3.99977994,222.3119965,85.78679657,39.53839874,224.4049988,94.47109985,43.10449982,0,0,0,1
0.35106501,64.79640198,0.510935009,168.3410034,53.31969833,4.719759941,0.310575008,51.26699829,0.310400993,118.9400024,45.11429977,2.472520113,211.5769958,63.9518013,38.57320023,201.0820007,73.64150238,41.27890015,0,0,0,1
